UNITID,INSTNM,STABBR,PREDDEG,CONTROL,REGION,LOCALE,UGDS,CURROPER,NPT4_PUB,NPT4_PRIV,INEXPFTE,AVGFACSAL,PCTPELL,C150_4,PCTFLOAN,C150_4_POOLED_SUPP,STUFACR,ADM_RATE_SUPP,NET_PRICE,CONTROL_LABEL,REGION_LABEL,LOCALE4,LOG_NET_PRICE,LOG_UGDS,LOG_INEXPFTE,LOG_AVGFACSAL
100654,Alabama A & M University,AL,3,1,5,12.0,6124.0,1,17621.0,,7254.0,8699.0,0.6298,0.2403,0.7454,0.2629,19.0,0.5795,17621.0,Public,5,City,9.776903400426676,8.720134035412928,8.889446165318288,9.071078304642676
100663,University of Alabama at Birmingham,AL,3,1,5,12.0,11635.0,1,18749.0,,17855.0,12612.0,0.3402,0.6423,0.4027,0.6342,18.0,0.8818,18749.0,Public,5,City,9.838949031398556,9.361859019615093,9.790094865181038,9.442483307087192
100706,University of Alabama in Huntsville,AL,3,1,5,12.0,6591.0,1,18796.0,,9877.0,10639.0,0.2464,0.6429,0.3255,0.6314,17.0,0.6857,18796.0,Public,5,City,9.841452561616595,8.793612071589308,9.19806534110057,9.272375762895635
100724,Alabama State University,AL,3,1,5,12.0,3477.0,1,20435.0,,10723.0,8153.0,0.7134,0.3034,0.742,0.3026,15.0,0.9755,20435.0,Public,5,City,9.92505333045069,8.154212694914229,9.28023949935585,9.006263883379198
100751,The University of Alabama,AL,3,1,5,12.0,33227.0,1,22420.0,,9728.0,11419.0,0.184,0.7337,0.3239,0.7354,19.0,0.7665,22420.0,Public,5,City,10.017753298664472,10.411148172958962,9.182866394975427,9.343121483210002
100830,Auburn University at Montgomery,AL,3,1,5,12.0,2542.0,1,13224.0,,7192.0,8974.0,0.4235,0.326,0.4247,0.3402,13.0,0.9157,13224.0,Public,5,City,9.4898642567265,7.841099765422119,8.880863609867356,9.10219821335648
100858,Auburn University,AL,3,1,5,13.0,26816.0,1,24323.0,,10067.0,12324.0,0.1253,0.8195,0.2616,0.8058,21.0,0.4592,24323.0,Public,5,City,10.09921879624,10.196791293755963,9.217117356255207,9.41938499891089
101116,South University-Montgomery,AL,3,3,5,12.0,299.0,1,,27807.0,7014.0,6583.0,0.6556,0.0909,0.6954,0.1081,13.0,,27807.0,Private for-profit,5,City,10.233079028065118,5.703782474656201,8.855805992536562,8.792397742356906
101189,Faulkner University,AL,3,2,5,12.0,1549.0,1,,22085.0,8533.0,7049.0,0.4562,0.374,0.5583,0.3754,14.0,0.7307,22085.0,Private nonprofit,5,City,10.002699202607076,7.346010209913293,9.051813463747946,8.860782895806315
101435,Huntingdon College,AL,3,2,5,12.0,879.0,1,,22566.0,7419.0,7725.0,0.4007,0.4798,0.7067,0.4742,15.0,0.6949,22566.0,Private nonprofit,5,City,10.02424394117191,6.779921907472252,8.911934336161426,8.952346543226227
101480,Jacksonville State University,AL,3,1,5,23.0,7036.0,1,14279.0,,6997.0,8074.0,0.426,0.5472,0.4422,0.5287,19.0,0.7769,14279.0,Public,5,Suburb,9.566615235893575,8.85893722196655,8.853379672927634,8.996528148090857
101587,University of West Alabama,AL,3,1,5,43.0,2974.0,1,12684.0,,8131.0,8001.0,0.5817,0.347,0.6573,0.3646,19.0,0.4265,12684.0,Public,5,Rural,9.448175472033382,7.99799931797973,9.003562174748238,8.98744678941718
101675,Miles College,AL,3,2,5,21.0,1155.0,1,,14271.0,7612.0,5420.0,0.7194,0.158,0.7289,0.204,12.0,,14271.0,Private nonprofit,5,Suburb,9.566054854819791,7.052721049232323,8.937612591306213,8.598035579260339
101693,University of Mobile,AL,3,2,5,41.0,1307.0,1,,22382.0,8091.0,5674.0,0.2565,0.5685,0.3679,0.562,14.0,0.7789,22382.0,Private nonprofit,5,Rural,10.016057021139623,7.176254532017144,8.998631198287637,8.643825842349603
101709,University of Montevallo,AL,3,1,5,31.0,2151.0,1,17683.0,,15957.0,9085.0,0.3238,0.541,0.4145,0.5175,13.0,0.5385,17683.0,Public,5,Town,9.780415554946133,7.674152921281675,9.677715549868227,9.114490046319348
101879,University of North Alabama,AL,3,1,5,13.0,5811.0,1,12170.0,,7717.0,9167.0,0.2435,0.5491,0.323,0.5445,18.0,0.8731,12170.0,Public,5,City,9.406811351874557,8.667680024690174,8.951310542097564,9.12347443895452
101912,Oakwood University,AL,3,2,5,12.0,1153.0,1,,25669.0,9746.0,5513.0,0.4437,0.4462,0.5691,0.4692,14.0,0.4522,25669.0,Private nonprofit,5,City,10.153078273865185,7.050989447068045,9.18471482433721,8.615045591583742
102049,Samford University,AL,3,2,5,21.0,4206.0,1,,32622.0,16043.0,10188.0,0.1109,0.7704,0.2688,0.7838,14.0,0.8236,32622.0,Private nonprofit,5,Suburb,10.392772840063916,8.344505083590521,9.683090226889943,9.229063985974285
102058,Selma University,AL,3,2,5,32.0,32.0,1,,,0.0,5333.0,0.0,0.06,0.0,0.15,3.0,,,Private nonprofit,5,Town,,3.4965075614664802,0.0,8.58185670474196
102094,University of South Alabama,AL,3,1,5,12.0,8879.0,1,17648.0,,11135.0,7761.0,0.3796,0.5267,0.4733,0.5262,19.0,0.7096,17648.0,Public,5,City,9.778434403532566,9.091556835986216,9.317938382574201,8.956995311928852
102234,Spring Hill College,AL,3,2,5,12.0,782.0,1,,20449.0,9493.0,7892.0,0.3161,0.521,0.4383,0.5435,11.0,0.7657,20449.0,Private nonprofit,5,City,9.925738161470948,6.663132695990803,9.158415299111264,8.973731569708402
102270,Stillman College,AL,3,2,5,12.0,706.0,1,,15258.0,5653.0,6164.0,0.763,0.25,0.6736,0.3219,13.0,0.6225,15258.0,Private nonprofit,5,City,9.632924771891735,6.561030665896573,8.640118538253535,8.726643415598444
102298,Talladega College,AL,3,2,5,32.0,701.0,1,,15560.0,8403.0,6650.0,0.6662,0.3091,0.6355,0.4329,17.0,0.8542,15560.0,Private nonprofit,5,Town,9.65252306301951,6.553933404025811,9.036463061964891,8.802522498284421
102368,Troy University,AL,3,1,5,33.0,9805.0,1,16527.0,,8209.0,7612.0,0.4282,0.503,0.6679,0.4847,16.0,0.9604,16527.0,Public,5,Town,9.71281119135942,9.190749722211178,9.013108202446475,8.937612591306213
102377,Tuskegee University,AL,3,2,5,32.0,2630.0,1,,35013.0,13438.0,7397.0,0.5767,0.5498,0.5913,0.5619,14.0,0.4868,35013.0,Private nonprofit,5,Town,10.463503260492878,7.875119281040293,9.505916206547065,8.908964972392399
102553,University of Alaska Anchorage,AK,3,1,8,11.0,7212.0,1,15301.0,,16384.0,10110.0,0.1846,0.2971,0.1376,0.293,11.0,,15301.0,Public,8,City,9.635738817791797,8.883640232503673,9.704121561132915,9.2213792190914
102614,University of Alaska Fairbanks,AK,3,1,8,13.0,4207.0,1,10892.0,,19769.0,10444.0,0.2243,0.3801,0.1656,0.3486,11.0,,10892.0,Public,8,City,9.295875660082446,8.344742754417545,9.891920916164663,9.253878673990666
104151,Arizona State University Campus Immersion,AZ,3,1,6,12.0,64674.0,1,14967.0,,14734.0,12684.0,0.2899,0.6804,0.2675,0.6795,18.0,0.8989,14967.0,Public,6,City,9.613669867953925,11.07713000705423,9.597980895171796,9.448175472033382
104179,University of Arizona,AZ,3,1,6,11.0,42537.0,1,16674.0,,15271.0,12347.0,0.257,0.6752,0.2552,0.6671,20.0,0.8614,16674.0,Public,6,City,9.721665870783825,10.658153073074491,9.633776365405584,9.42124938562205
104586,Embry-Riddle Aeronautical University-Prescott,AZ,3,2,6,13.0,3218.0,1,,40287.0,17147.0,10066.0,0.1825,0.6776,0.3542,0.6882,17.0,0.7658,40287.0,Private nonprofit,6,City,10.603808936844073,8.076826031298808,9.749636827717868,9.217018026729423
104717,Grand Canyon University,AZ,3,2,6,11.0,73371.0,1,,22472.0,2400.0,7563.0,0.4594,0.4346,0.5301,0.4326,20.0,0.7891,22472.0,Private nonprofit,6,City,10.020069867615993,11.20329767043424,7.783640596221253,8.931155429778348
105330,Northern Arizona University,AZ,3,1,6,13.0,22903.0,1,14158.0,,7753.0,9847.0,0.3126,0.6132,0.3158,0.5904,19.0,0.8961,14158.0,Public,6,City,9.55810574328497,10.039066846777951,8.955964118230874,9.19502366786429
105589,Prescott College,AZ,3,2,6,13.0,219.0,1,,22583.0,6871.0,4764.0,0.4163,0.5556,0.5175,0.4404,8.0,0.9451,22583.0,Private nonprofit,6,City,10.024996969933325,5.393627546352362,8.835210463664092,8.469052816088302
105899,Arizona Christian University,AZ,3,2,6,21.0,1165.0,1,,32839.0,3977.0,5223.0,0.3388,0.3987,0.7008,0.4066,16.0,0.7062,32839.0,Private nonprofit,6,Suburb,10.399402563566365,7.061334366910438,8.288534459413917,8.561018670956267
106245,University of Arkansas at Little Rock,AR,3,1,5,12.0,4949.0,1,17248.0,,9265.0,8312.0,0.4118,0.4165,0.3619,0.4152,13.0,0.5878,17248.0,Public,5,City,9.755509449764629,8.507142855562735,9.134107065976593,9.025575833531088
106306,Arkansas Baptist College,AR,3,2,5,12.0,342.0,1,,10627.0,7637.0,5099.0,0.7936,0.0739,0.807,0.0767,13.0,,10627.0,Private nonprofit,5,City,9.271247306879705,5.8377304471659395,8.940891067785461,8.536995818712418
106342,Lyon College,AR,3,2,5,33.0,648.0,1,,19616.0,19293.0,6336.0,0.4061,0.4676,0.6433,0.5099,11.0,0.6276,19616.0,Private nonprofit,5,Town,9.884151816229386,6.47543271670409,9.867549445730498,8.754160749323518
106397,University of Arkansas,AR,3,1,5,12.0,28677.0,1,18209.0,,10926.0,10657.0,0.1779,0.7052,0.3329,0.7024,20.0,0.743,18209.0,Public,5,City,9.809726172721653,10.263885557274984,9.298992069570746,9.274066062856727
106412,University of Arkansas at Pine Bluff,AR,3,1,5,32.0,1807.0,1,12653.0,,12263.0,6201.0,0.695,0.4043,0.5753,0.4007,12.0,0.4118,12653.0,Public,5,Town,9.44572864970683,7.4999765409521215,9.41442342055165,8.732627099660395
106458,Arkansas State University,AR,3,1,5,13.0,9110.0,1,12366.0,,5703.0,7579.0,0.3838,0.554,0.4244,0.5526,17.0,0.8226,12366.0,Public,5,City,9.422786913742057,9.117237753713859,8.648922962094131,8.933268478636418
106704,University of Central Arkansas,AR,3,1,5,13.0,7762.0,1,16511.0,,9836.0,7499.0,0.3798,0.5353,0.3993,0.5344,15.0,0.8949,16511.0,Public,5,City,9.711842668281289,8.95712413640568,9.193906065512758,8.922658299524402
106713,Central Baptist College,AR,3,2,5,13.0,484.0,1,,12287.0,4192.0,5523.0,0.3982,0.3411,0.4673,0.3471,9.0,0.6346,12287.0,Private nonprofit,5,City,9.416378455387454,6.184148890937483,8.341171747170762,8.616857514529183
106810,Crowley's Ridge College,AR,3,2,5,41.0,165.0,1,,16315.0,4858.0,6135.0,0.4178,0.3585,0.5556,0.3033,10.0,,16315.0,Private nonprofit,5,Rural,9.699901500437448,5.111987788356544,8.488587934405903,8.721928343047091
107044,Harding University,AR,3,2,5,32.0,3382.0,1,,22130.0,11670.0,8008.0,0.2381,0.6879,0.4376,0.6991,13.0,0.7052,22130.0,Private nonprofit,5,Town,10.004734619552412,8.12651816878071,9.364862411412354,8.988321188323683
107071,Henderson State University,AR,3,1,5,32.0,1456.0,1,23405.0,,6374.0,6442.0,0.4622,0.3734,0.4447,0.3764,14.0,,23405.0,Public,5,Town,10.060747678734712,7.284134806195205,8.760139370026627,8.770749549138642
107080,Hendrix College,AR,3,2,5,13.0,1100.0,1,,24149.0,15797.0,8185.0,0.2319,0.7235,0.4528,0.7068,11.0,0.5565,24149.0,Private nonprofit,5,City,10.092039659080719,7.00397413672268,9.667638628724365,9.010180657052349
107141,John Brown University,AR,3,2,5,32.0,1471.0,1,,20397.0,9542.0,7468.0,0.237,0.7179,0.3321,0.6926,15.0,0.7614,20397.0,Private nonprofit,5,Town,9.923192135810464,7.294377299288821,9.163563180417254,8.918516400357067
107512,Ouachita Baptist University,AR,3,2,5,32.0,1602.0,1,,22409.0,10607.0,7702.0,0.2341,0.614,0.4591,0.6597,14.0,0.6752,22409.0,Private nonprofit,5,Town,10.017262566794972,7.3796321526095525,9.269363712425644,8.949365142352965
107558,University of the Ozarks,AR,3,2,5,33.0,767.0,1,,17360.0,15061.0,6231.0,0.3984,0.5148,0.4364,0.5162,14.0,0.5951,17360.0,Private nonprofit,5,Town,9.761981590241948,6.643789733147672,9.619930294661296,8.737452587550584
107600,Philander Smith University,AR,3,2,5,12.0,751.0,1,,14224.0,6043.0,7335.0,0.6781,0.3038,0.5755,0.3139,11.0,,14224.0,Private nonprofit,5,City,9.562756258994531,6.62273632394984,8.70682132339263,8.9005490139363
107877,Williams Baptist University,AR,3,2,5,42.0,478.0,1,,15745.0,4360.0,5570.0,0.5438,0.2564,0.4664,0.3054,14.0,0.8342,15745.0,Private nonprofit,5,Rural,9.664341643744413,6.171700597410915,8.380456667842767,8.625329850020815
107983,Southern Arkansas University Main Campus,AR,3,1,5,33.0,2708.0,1,14027.0,,6019.0,7469.0,0.482,0.4882,0.6278,0.4768,16.0,0.7533,14027.0,Public,5,Town,9.548810611260068,7.904334842085095,8.702842538302868,8.918650278126863
108232,Academy of Art University,CA,3,3,8,11.0,3587.0,1,,40613.0,14838.0,8554.0,0.4104,0.3432,0.4949,0.3793,14.0,,40613.0,Private for-profit,8,City,10.611868113736662,8.185350223178686,9.605014129006127,9.054271186326293
109651,Art Center College of Design,CA,3,2,8,12.0,2017.0,1,,48661.0,26617.0,9383.0,0.216,0.7917,0.3295,0.8085,9.0,0.7454,48661.0,Private nonprofit,8,City,10.792653717013625,7.609862200913554,10.1893429576465,9.146761390333312
109785,Azusa Pacific University,CA,3,2,8,21.0,2759.0,1,,22212.0,10283.0,10419.0,0.3515,0.6179,0.4776,0.631,9.0,0.8843,22212.0,Private nonprofit,8,Suburb,10.008432982057622,7.9229859587111955,9.23834456838578,9.251482315307358
110060,Bethesda University,CA,3,2,8,11.0,205.0,1,,11097.0,2293.0,3965.0,0.3396,0.1111,0.2217,0.1428,7.0,,11097.0,Private nonprofit,8,City,9.314520190885846,5.327876168789581,7.738052297689316,8.285513309079741
110097,Biola University,CA,3,2,8,21.0,3474.0,1,,31495.0,12866.0,10336.0,0.2604,0.676,0.4356,0.6822,15.0,0.7435,31495.0,Private nonprofit,8,Suburb,10.357615832623573,8.153349757998892,9.46242117318499,9.243484970568485
110361,California Baptist University,CA,3,2,8,11.0,8179.0,1,,26285.0,9630.0,10941.0,0.4206,0.6188,0.6051,0.6078,21.0,0.8488,26285.0,Private nonprofit,8,City,10.176791757041954,9.009447429596793,9.172742341560864,9.300363874623772
110370,California College of the Arts,CA,3,2,8,11.0,990.0,1,,53909.0,24140.0,9785.0,0.2509,0.6122,0.4803,0.6225,8.0,0.911,53909.0,Private nonprofit,8,City,10.895071268445715,6.898714534329988,10.091666918814242,9.188708071849069
110404,California Institute of Technology,CA,3,2,8,12.0,987.0,1,,16075.0,124489.0,23993.0,0.1799,0.9437,0.043,0.9376,3.0,0.0257,16075.0,Private nonprofit,8,City,9.685082755569091,6.895682697747868,11.731980670375831,10.085559078074873
110413,California Lutheran University,CA,3,2,8,12.0,2296.0,1,,30109.0,12168.0,10794.0,0.3109,0.696,0.4985,0.7164,13.0,0.7567,30109.0,Private nonprofit,8,City,10.312612621475779,7.739359202689098,9.4066470133368,9.286838342948908
110422,California Polytechnic State University-San Luis Obispo,CA,3,1,8,23.0,21996.0,1,16665.0,,11438.0,12673.0,0.1924,0.864,0.2487,0.8574,19.0,0.3132,16665.0,Public,8,Suburb,9.721125994942152,9.998661359405723,9.344783848525674,9.447307929883463
110486,California State University-Bakersfield,CA,3,1,8,11.0,8577.0,1,5652.0,,8900.0,11613.0,0.6065,0.498,0.2326,0.4956,20.0,0.9385,5652.0,Public,8,City,8.63994165667529,9.056956065076825,9.093918908958932,9.359966545931995
110495,California State University-Stanislaus,CA,3,1,8,23.0,8385.0,1,6067.0,,10889.0,11926.0,0.5519,0.5345,0.2086,0.5561,18.0,0.9814,6067.0,Public,8,Suburb,8.710784340468424,9.034318927730707,9.295600215927006,9.386560016578668
110510,California State University-San Bernardino,CA,3,1,8,12.0,15023.0,1,4564.0,,9661.0,11988.0,0.5762,0.549,0.243,0.5478,22.0,0.9374,4564.0,Public,8,City,8.426173793029069,9.617404201448045,9.175955945114351,9.391744841707654
110529,California State Polytechnic University-Pomona,CA,3,1,8,21.0,25042.0,1,11531.0,,8485.0,12943.0,0.4633,0.6843,0.2458,0.676,25.0,0.7517,11531.0,Public,8,Suburb,9.352881058758292,10.128349626344303,9.04617302576227,9.468387639298273
110538,California State University-Chico,CA,3,1,8,12.0,13631.0,1,14480.0,,8907.0,11664.0,0.4252,0.6278,0.3241,0.6321,23.0,0.9272,14480.0,Public,8,City,9.580592724328602,9.520175249069098,9.094705028377259,9.36434818445553
110547,California State University-Dominguez Hills,CA,3,1,8,13.0,12538.0,1,8615.0,,9329.0,11789.0,0.6333,0.4279,0.1965,0.4463,21.0,0.933,8615.0,Public,8,City,9.061376218836225,9.436599066190539,9.140990293841389,9.375006993531416
110556,California State University-Fresno,CA,3,1,8,11.0,21605.0,1,7000.0,,9435.0,11540.0,0.5697,0.5696,0.1909,0.5592,22.0,0.9526,7000.0,Public,8,City,8.853808274977197,9.98072633287693,9.152287440527566,9.353661191420406
110565,California State University-Fullerton,CA,3,1,8,21.0,38546.0,1,6555.0,,7992.0,12295.0,0.4807,0.7018,0.2198,0.697,26.0,0.9052,6555.0,Public,8,Suburb,8.78813593986372,10.55963355495159,8.98632143762602,9.417029285218431
110574,California State University-East Bay,CA,3,1,8,21.0,9809.0,1,9320.0,,8602.0,12805.0,0.444,0.4795,0.261,0.4674,22.0,0.9739,9320.0,Public,8,Suburb,9.140025198061156,9.191157552559408,9.059866258621348,9.457669090078747
110583,California State University-Long Beach,CA,3,1,8,11.0,35924.0,1,10440.0,,8963.0,12276.0,0.5018,0.6888,0.238,0.6933,23.0,0.4627,10440.0,Public,8,City,9.25349564229011,10.489188710947225,9.100971834920818,9.41548287218084
110592,California State University-Los Angeles,CA,3,1,8,11.0,19562.0,1,3967.0,,9018.0,12690.0,0.663,0.5298,0.1794,0.5279,21.0,0.9125,3967.0,Public,8,City,8.286017468404763,9.881395306061313,9.107088742165708,9.448648359810164
110608,California State University-Northridge,CA,3,1,8,11.0,32691.0,1,7021.0,,8003.0,12456.0,0.5607,0.5695,0.2139,0.5655,25.0,0.9345,7021.0,Public,8,City,8.856803356728378,10.39488567863602,8.987696695703624,9.430037992886092
110617,California State University-Sacramento,CA,3,1,8,11.0,28350.0,1,9338.0,,8604.0,11717.0,0.4913,0.5629,0.2282,0.5606,24.0,0.9399,9338.0,Public,8,City,9.141954459109717,10.252417581902414,9.06009870864564,9.368881400104733
110635,University of California-Berkeley,CA,3,1,8,12.0,33068.0,1,13481.0,,23741.0,21246.0,0.2864,0.9284,0.1683,0.9286,18.0,0.1098,13481.0,Public,8,City,9.509110741413384,10.406351566631425,10.075000910613479,9.963970987915639
110644,University of California-Davis,CA,3,1,8,23.0,32253.0,1,14741.0,,34097.0,18357.0,0.3135,0.8567,0.197,0.8538,22.0,0.4183,14741.0,Public,8,Suburb,9.598455841749233,10.381397345540462,10.436994010525176,9.817820725779036
110653,University of California-Irvine,CA,3,1,8,11.0,30197.0,1,14251.0,,29852.0,19250.0,0.361,0.8687,0.2033,0.8638,19.0,0.2857,14251.0,Public,8,City,9.564652526725727,10.315530976004416,10.304040616283272,9.865318286418624
110662,University of California-Los Angeles,CA,3,1,8,11.0,33475.0,1,12548.0,,73875.0,22848.0,0.2824,0.9262,0.1877,0.9264,20.0,0.0897,12548.0,Public,8,City,9.437396260110308,10.418584043152764,11.210143290995802,10.036662631688545
110671,University of California-Riverside,CA,3,1,8,11.0,22593.0,1,14304.0,,16225.0,17096.0,0.4695,0.7596,0.3103,0.7626,22.0,0.7639,14304.0,Public,8,City,9.56836440548421,10.025439663286875,9.69437017295501,9.74665828850311
110680,University of California-San Diego,CA,3,1,8,11.0,34948.0,1,12470.0,,26067.0,19117.0,0.342,0.8605,0.2139,0.8677,19.0,0.2671,12470.0,Public,8,City,9.431161227920747,10.461645134949325,10.168463787452271,9.858385578623707
110705,University of California-Santa Barbara,CA,3,1,8,22.0,23113.0,1,16109.0,,17118.0,20677.0,0.2785,0.8303,0.1811,0.8425,17.0,0.3297,16109.0,Public,8,Suburb,9.68719547617102,10.048193773535386,9.747944236774778,9.936825612146638
110714,University of California-Santa Cruz,CA,3,1,8,13.0,17940.0,1,17890.0,,13595.0,17994.0,0.3157,0.7509,0.2836,0.7475,22.0,0.6579,17890.0,Public,8,City,9.792053072089823,9.794843875419385,9.517530910816006,9.79784922051313
111081,California Institute of the Arts,CA,3,2,8,21.0,860.0,1,,46080.0,34675.0,10095.0,0.2424,0.6667,0.3624,0.6547,7.0,0.3234,46080.0,Private nonprofit,8,Suburb,10.73815599652319,6.7580945044277305,10.45380308398853,9.219894584780995
111188,Cal Poly Maritime Academy,CA,3,1,8,12.0,804.0,1,20555.0,,22010.0,12097.0,0.251,0.5972,0.3929,0.6333,11.0,0.9501,20555.0,Public,8,City,9.93090814811212,6.690842277418564,9.999297607382104,9.400795428666859
111948,Chapman University,CA,3,2,8,12.0,7478.0,1,,46555.0,21557.0,13611.0,0.1939,0.8188,0.6034,0.8112,12.0,0.6543,46555.0,Private nonprofit,8,City,10.748411168061867,8.919854372191667,9.978502256341574,9.518707035620796
111966,Charles R Drew University of Medicine and Science,CA,3,2,8,21.0,282.0,1,,35558.0,23423.0,9291.0,0.5359,0.2963,0.6456,0.3721,4.0,0.3874,35558.0,Private nonprofit,8,Suburb,10.47894856774761,5.645446897643238,10.061516416761037,9.1369090938903
112075,Concordia University-Irvine,CA,3,2,8,11.0,1536.0,1,,28115.0,9280.0,8069.0,0.2423,0.5831,0.5235,0.6043,13.0,0.6599,28115.0,Private nonprofit,8,City,10.244094088295796,7.337587743538596,9.135724578595394,8.995908761263994
112084,San Diego Christian College,CA,3,2,8,21.0,87.0,1,,992.0,9990.0,7898.0,0.45,0.1967,0.35,0.2143,9.0,0.3081,992.0,Private nonprofit,8,Suburb,6.900730664045173,4.477336814478207,9.209439966733019,8.97449144816442
112260,Claremont McKenna College,CA,3,2,8,21.0,1388.0,1,,28849.0,47965.0,16701.0,0.181,0.9136,0.2093,0.9334,8.0,0.0959,28849.0,Private nonprofit,8,Suburb,10.269865271936245,7.236339342754344,10.778247705570111,9.723283751713176
112394,University of Silicon Valley,CA,3,3,8,11.0,455.0,1,,27815.0,5946.0,7964.0,0.4974,0.2874,0.6746,0.3133,13.0,0.5118,27815.0,Private for-profit,8,City,10.233366673687698,6.1224928095143865,8.690642169706594,8.98281222234415
113698,Dominican University of California,CA,3,2,8,13.0,1114.0,1,,35333.0,14134.0,10036.0,0.319,0.7805,0.5755,0.7725,8.0,0.835,35333.0,Private nonprofit,8,City,10.472600952172625,7.016609683894219,9.556409270127691,9.2140335438138
114813,Fresno Pacific University,CA,3,2,8,11.0,1544.0,1,,13630.0,7528.0,8399.0,0.5835,0.5,0.6627,0.5276,10.0,0.6407,13630.0,Private nonprofit,8,City,9.520101889570842,7.3427791893318455,8.926517509850122,9.035986984831405
115409,Harvey Mudd College,CA,3,2,8,21.0,921.0,1,,35924.0,36100.0,15352.0,0.1517,0.9188,0.3298,0.9279,8.0,0.1266,35924.0,Private nonprofit,8,Suburb,10.489188710947225,6.826545223556594,10.494075844768336,9.639066173658899
115755,California State Polytechnic University-Humboldt,CA,3,1,8,33.0,5612.0,1,13171.0,,18064.0,11900.0,0.4287,0.4855,0.338,0.4753,16.0,0.982,13171.0,Public,8,Town,9.485848643496254,8.6328406149422,9.801731643581741,9.38437770918244
115773,Humphreys University,CA,3,2,8,11.0,149.0,1,,5524.0,7995.0,6868.0,0.5246,0.6154,0.5683,0.6667,5.0,,5524.0,Private nonprofit,8,City,8.617038526385954,5.0106352940962555,8.98669669562029,8.834773814213882
117104,Life Pacific University,CA,3,2,8,21.0,456.0,1,,20898.0,6452.0,6254.0,0.5379,0.404,0.6591,0.4813,12.0,0.958,20898.0,Private nonprofit,8,Suburb,9.947456589918252,6.124683390894205,8.77230041793584,8.741136422901011
117140,University of La Verne,CA,3,2,8,21.0,3050.0,1,,20161.0,9908.0,10550.0,0.514,0.6312,0.6411,0.6422,10.0,0.7117,20161.0,Private nonprofit,8,Suburb,9.911554923613886,8.02322468471667,9.201198714058899,9.263975921142093
117168,Laguna College of Art and Design,CA,3,2,8,41.0,746.0,1,,42505.0,11485.0,8099.0,0.299,0.5172,0.4343,0.5673,9.0,0.9432,42505.0,Private nonprofit,8,Rural,10.657400521418637,6.616065185132817,9.348884181424243,8.99961934066053
117557,Lincoln University,CA,3,2,8,11.0,204.0,1,,,5946.0,5583.0,0.0,1.0,0.0,0.7637,15.0,,,Private nonprofit,8,City,,5.3230099791384085,8.690642169706594,8.627660644442209
117627,La Sierra University,CA,3,2,8,11.0,1116.0,1,,45566.0,13162.0,8396.0,0.4725,0.5973,0.5857,0.6386,12.0,0.915,45566.0,Private nonprofit,8,City,10.726939049306129,7.018401799069201,9.485165142425407,9.035629778183564
117751,The Master's University and Seminary,CA,3,2,8,21.0,1622.0,1,,32647.0,8426.0,8083.0,0.2124,0.6773,0.3812,0.6618,13.0,0.8402,32647.0,Private nonprofit,8,Suburb,10.393538877085641,7.392031567514591,9.039196115772354,8.997642078523512
117946,Loyola Marymount University,CA,3,2,8,11.0,7094.0,1,,48381.0,19325.0,13834.0,0.1322,0.7887,0.2947,0.7932,10.0,0.4508,48381.0,Private nonprofit,8,City,10.786883122706014,8.867145589594143,9.869206618559254,9.534956892221027
118693,Menlo College,CA,3,2,8,21.0,752.0,1,,31100.0,8662.0,10344.0,0.3105,0.535,0.438,0.5244,14.0,0.6847,31100.0,Private nonprofit,8,Suburb,10.344995251991222,6.6240652277998935,9.06681636189014,9.244258590179644
119173,Mount Saint Mary's University,CA,3,2,8,11.0,1719.0,1,,21413.0,13438.0,9605.0,0.571,0.5325,0.6774,0.5334,8.0,0.7313,21413.0,Private nonprofit,8,City,9.971800192718215,7.450079569807499,9.505916206547065,9.17014318222477
119605,National University,CA,3,2,8,11.0,10794.0,1,,22878.0,5903.0,9332.0,0.2884,0.4286,0.2467,0.4231,16.0,,22878.0,Private nonprofit,8,City,10.03797473824488,9.286838342948908,8.683385366280309,9.141311785565748
119775,Newschool of Architecture and Design,CA,3,3,8,11.0,182.0,1,,52570.0,7187.0,6140.0,0.5211,0.619,0.5399,0.5405,8.0,,52570.0,Private for-profit,8,City,10.869919915888612,5.209486152841421,8.88016824790345,8.722742874329398
120184,Notre Dame de Namur University,CA,3,2,8,21.0,33.0,1,,,21249.0,8598.0,0.2857,0.067,0.2143,0.1873,6.0,,,Private nonprofit,8,Suburb,,3.5263605246161616,9.964112174352563,9.059401196410896
120254,Occidental College,CA,3,2,8,11.0,1877.0,1,,38263.0,24676.0,12349.0,0.1656,0.8088,0.3715,0.83,9.0,0.4417,38263.0,Private nonprofit,8,City,10.552264785360133,7.537962659768208,10.113626914715084,9.421411342056123
120403,Otis College of Art and Design,CA,3,2,8,11.0,1223.0,1,,51248.0,20350.0,9491.0,0.3363,0.663,0.4449,0.6388,9.0,0.8176,51248.0,Private nonprofit,8,City,10.844451384615168,7.1098794630722715,9.920885329712549,9.158204617555654
120537,Hope International University,CA,3,2,8,21.0,564.0,1,,29310.0,5305.0,7734.0,0.4426,0.4944,0.5683,0.4751,13.0,0.3298,29310.0,Private nonprofit,8,Suburb,10.285718151171379,6.336825731146441,8.576593534697684,8.953510763007166
120883,University of the Pacific,CA,3,2,8,11.0,3204.0,1,,25447.0,22165.0,11952.0,0.3612,0.6905,0.4025,0.6845,13.0,0.7132,25447.0,Private nonprofit,8,City,10.14439243342898,8.07246736935477,10.006314862335598,9.38873757187798
121150,Pepperdine University,CA,3,2,8,21.0,3553.0,1,,58098.0,10390.0,14314.0,0.2025,0.8335,0.3731,0.8422,12.0,0.6286,58098.0,Private nonprofit,8,Suburb,10.969903730987921,8.175829008714597,9.248695325852646,9.569063217532216
121257,Pitzer College,CA,3,2,8,21.0,1227.0,1,,34191.0,26633.0,12503.0,0.1055,0.8339,0.2002,0.833,10.0,0.2516,34191.0,Private nonprofit,8,Suburb,10.43974697755893,7.113142108707088,10.18994387406209,9.433803872101313
121309,Point Loma Nazarene University,CA,3,2,8,11.0,3188.0,1,,38729.0,11365.0,11862.0,0.2144,0.7717,0.4987,0.7553,13.0,0.8368,38729.0,Private nonprofit,8,City,10.564369772508797,8.067462667010057,9.338381721857067,9.381179591661104
121345,Pomona College,CA,3,2,8,21.0,1666.0,1,,19285.0,45049.0,15085.0,0.1953,0.932,0.0938,0.932,7.0,0.0709,19285.0,Private nonprofit,8,Suburb,9.867134723070329,7.418780882750794,10.715528263036484,9.621522440413576
121691,University of Redlands,CA,3,2,8,13.0,2049.0,1,,30031.0,14333.0,10565.0,0.3645,0.6727,0.5541,0.6898,10.0,0.8271,30031.0,Private nonprofit,8,City,10.31001875882629,7.6255950721324535,9.570389616553864,9.26539657772426
122409,San Diego State University,CA,3,1,8,11.0,35377.0,1,15364.0,,8619.0,13042.0,0.3174,0.7643,0.2325,0.773,27.0,0.3619,15364.0,Public,8,City,9.639847474564585,10.473845437003453,9.061840363657739,9.476006870370282
122436,University of San Diego,CA,3,2,8,11.0,5671.0,1,,30365.0,18725.0,13201.0,0.2092,0.8367,0.324,0.8266,13.0,0.5238,30365.0,Private nonprofit,8,City,10.321078840442134,8.643297068211963,9.837668211498835,9.488123612248716
122506,San Francisco Conservatory of Music,CA,3,2,8,11.0,226.0,1,,42607.0,46591.0,15211.0,0.1667,0.7368,0.3935,0.6271,5.0,0.5491,42607.0,Private nonprofit,8,City,10.659797308053713,5.424950017481403,10.749184131556358,9.62983986904815
122597,San Francisco State University,CA,3,1,8,11.0,18639.0,1,12278.0,,10604.0,13199.0,0.4222,0.5037,0.2315,0.5026,19.0,0.9644,12278.0,Public,8,City,9.415645765160512,9.833065088239582,9.269080866998783,9.487972108574462
122612,University of San Francisco,CA,3,2,8,11.0,5287.0,1,,41431.0,20560.0,14860.0,0.2796,0.7006,0.4694,0.706,11.0,0.6171,41431.0,Private nonprofit,8,City,10.631808808103727,8.573195381531523,9.931151356518601,9.60649561075857
122728,William Jessup University,CA,3,2,8,21.0,1294.0,1,,28062.0,11189.0,8173.0,0.3172,0.5598,0.411,0.5809,10.0,0.9333,28062.0,Private nonprofit,8,Suburb,10.24220726169782,7.166265974133638,9.322775801305971,9.008713664124222
122755,San Jose State University,CA,3,1,8,11.0,27601.0,1,13760.0,,9020.0,12896.0,0.3524,0.6922,0.1952,0.6676,25.0,0.8461,13760.0,Public,8,City,9.529593783265282,10.225643512847986,9.107310471656639,9.464750005164392
122931,Santa Clara University,CA,3,2,8,12.0,6552.0,1,,50062.0,22421.0,14682.0,0.1127,0.8792,0.3741,0.8819,11.0,0.48,50062.0,Private nonprofit,8,City,10.821037491276446,8.787678239039497,10.017797898713539,9.594445640962938
123165,Scripps College,CA,3,2,8,21.0,1113.0,1,,36294.0,31253.0,13213.0,0.11,0.8254,0.1719,0.8512,10.0,0.3829,36294.0,Private nonprofit,8,Suburb,10.49943526971894,7.01571242048723,10.349902646973247,9.48903215258983
123457,Simpson University,CA,3,2,8,13.0,809.0,1,,27817.0,12171.0,7504.0,0.4411,0.4884,0.6265,0.4506,17.0,0.8603,27817.0,Private nonprofit,8,City,10.233438572167076,6.697034247666484,9.406893511016861,8.923324744067562
123554,Saint Mary's College of California,CA,3,2,8,21.0,1947.0,1,,30378.0,14094.0,11429.0,0.2671,0.703,0.4168,0.6964,10.0,0.8653,30378.0,Private nonprofit,8,Suburb,10.321506859215644,7.5745584842024805,9.553575403548212,9.343996756788856
123572,Sonoma State University,CA,3,1,8,21.0,5166.0,1,12885.0,,11482.0,12780.0,0.3592,0.5759,0.2683,0.5907,17.0,0.9343,12885.0,Public,8,Suburb,9.463896729698588,8.550047528287184,9.34862295977619,9.455714972131714
123651,Vanguard University of Southern California,CA,3,2,8,12.0,1933.0,1,,21241.0,8587.0,9494.0,0.4378,0.5677,0.5682,0.5633,13.0,0.6244,21241.0,Private nonprofit,8,City,9.963735632881486,7.56734567601324,9.058121158998672,9.158520623246385
123952,Southern California Institute of Architecture,CA,3,2,8,11.0,236.0,1,,43923.0,17178.0,9192.0,0.2134,0.7143,0.2385,0.7069,9.0,0.766,43923.0,Private nonprofit,8,City,10.690216146717605,5.4680601411351315,9.751442986626445,9.126197603863755
123961,University of Southern California,CA,3,2,8,11.0,20443.0,1,,32740.0,49674.0,17924.0,0.2224,0.9183,0.2357,0.9191,9.0,0.0981,32740.0,Private nonprofit,8,City,10.396383394136135,9.925444719888171,10.813257067420018,9.793951665467821
124292,Thomas Aquinas College,CA,3,2,8,42.0,566.0,1,,26196.0,17897.0,9628.0,0.2672,0.843,0.6698,0.8333,11.0,0.8309,26196.0,Private nonprofit,8,Rural,10.173400179376332,6.340359303727752,9.792444253742804,9.172534657240284
125727,Westmont College,CA,3,2,8,22.0,1302.0,1,,29053.0,22852.0,10166.0,0.2003,0.7035,0.5114,0.7022,10.0,0.7705,29053.0,Private nonprofit,8,Suburb,10.276911446432829,7.172424577124845,10.036837678732885,9.226902460275161
125763,Whittier College,CA,3,2,8,21.0,764.0,1,,25757.0,25263.0,9094.0,0.3391,0.5996,0.5388,0.6172,8.0,0.8079,25757.0,Private nonprofit,8,Suburb,10.156500537452615,6.639875833826536,10.137135736495424,9.115480090952223
125897,Woodbury University,CA,3,2,8,11.0,779.0,1,,33692.0,18298.0,,0.4618,0.6,0.583,0.5797,13.0,0.8165,33692.0,Private nonprofit,8,City,10.425045379631145,6.659293919683638,9.814601692527686,
126076,Yeshiva Ohr Elchonon Chabad West Coast Talmudical Seminary,CA,3,2,8,11.0,163.0,1,,14959.0,14395.0,5655.0,0.7006,0.1186,0.0,0.1538,12.0,0.5821,14959.0,Private nonprofit,8,City,9.613135251528469,5.099866427824199,9.574705669198922,8.640472207576408
126182,Adams State University,CO,3,1,7,33.0,1250.0,1,12980.0,,9349.0,7123.0,0.378,0.3942,0.3335,0.3571,14.0,,12980.0,Public,7,Town,9.471242028892995,7.1316985104669115,9.143131622282732,8.871224644409553
126562,University of Colorado Denver/Anschutz Medical Campus,CO,3,1,7,11.0,10519.0,1,11900.0,,43845.0,12152.0,0.2616,0.4615,0.2432,0.4673,17.0,0.7468,11900.0,Public,7,City,9.38437770918244,9.261033486291701,10.68843877357111,9.4053313318708
126580,University of Colorado Colorado Springs,CO,3,1,7,11.0,8697.0,1,15788.0,,11886.0,9318.0,0.2729,0.4693,0.3368,0.4613,15.0,0.9735,15788.0,Public,7,City,9.667068774021889,9.070848393157585,9.383200644980624,9.139810605785655
126614,University of Colorado Boulder,CO,3,1,7,12.0,31939.0,1,25346.0,,18515.0,13324.0,0.1449,0.7419,0.248,0.7461,19.0,0.7808,25346.0,Public,7,City,10.140415658820954,10.371614421769003,9.826390502151161,9.497397249034046
126669,Colorado Christian University,CO,3,2,7,21.0,5549.0,1,,29500.0,3792.0,7470.0,0.3747,0.6441,0.453,0.6002,17.0,,29500.0,Private nonprofit,7,Suburb,10.292179440058462,8.62155320674048,8.2409125416889,8.918784137975802
126678,Colorado College,CO,3,2,7,11.0,2014.0,1,,33375.0,34153.0,12786.0,0.1445,0.8766,0.2573,0.8683,9.0,0.1847,33375.0,Private nonprofit,7,City,10.415592357800499,7.608374474380783,10.438634988447184,9.456184308811169
126775,Colorado School of Mines,CO,3,1,7,21.0,6155.0,1,28690.0,,20431.0,14000.0,0.1357,0.8171,0.3167,0.8094,18.0,0.6069,28690.0,Public,7,Suburb,10.264338763718273,8.72518249495877,9.92485757827232,9.546884034617925
126818,Colorado State University-Fort Collins,CO,3,1,7,12.0,25538.0,1,21279.0,,16781.0,11801.0,0.2109,0.6651,0.3156,0.667,17.0,0.8854,21279.0,Public,7,City,9.96552294345558,10.147961974552167,9.728062162430014,9.376024287617113
126827,Colorado Technical University-Colorado Springs,CO,3,3,7,11.0,28086.0,1,,16745.0,1533.0,7570.0,0.616,0.1878,0.6346,0.1824,31.0,,16745.0,Private for-profit,7,City,9.725914702764378,10.243062114822008,7.335633981927201,8.932080438103307
127060,University of Denver,CO,3,2,7,11.0,6025.0,1,,36131.0,19940.0,13010.0,0.1425,0.756,0.279,0.7678,9.0,0.7781,36131.0,Private nonprofit,7,City,10.494934178269734,8.703838719690246,9.900533192709691,9.473550432503476
127185,Fort Lewis College,CO,3,1,7,32.0,3079.0,1,17296.0,,10644.0,6374.0,0.3492,0.3564,0.2995,0.3928,14.0,0.773,17296.0,Public,7,Town,9.758288355043923,8.03268487596762,9.27284557732758,8.760139370026627
127565,Metropolitan State University of Denver,CO,3,1,7,11.0,15002.0,1,15327.0,,8036.0,10105.0,0.3551,0.3154,0.277,0.3069,14.0,0.988,15327.0,Public,7,City,9.637436500210642,9.616005460087013,8.991811158212718,9.220884585851854
127653,Naropa University,CO,3,2,7,12.0,339.0,1,,29179.0,14461.0,5935.0,0.5136,0.3667,0.5435,0.4179,10.0,1.0,29179.0,Private nonprofit,7,City,10.281238822076777,5.8289456176102075,9.579279798734897,8.688790784847216
127741,University of Northern Colorado,CO,3,1,7,12.0,5598.0,1,17760.0,,10378.0,8988.0,0.2618,0.5124,0.3652,0.5129,14.0,0.8585,17760.0,Public,7,City,9.784760321267326,8.630343289348893,9.24753981296529,9.103756886573398
127918,Regis University,CO,3,2,7,11.0,2627.0,1,,18397.0,11821.0,8318.0,0.3183,0.6102,0.4086,0.6107,11.0,0.8646,18397.0,Private nonprofit,7,City,9.819997242037102,7.873978379604501,9.377717481384314,9.026297334283887
127945,Rocky Mountain College of Art and Design,CO,3,3,7,21.0,2050.0,1,,32363.0,5374.0,5588.0,0.4836,0.3176,0.5996,0.3378,13.0,,32363.0,Private for-profit,7,Suburb,10.38480197292773,7.62608275807238,8.589513852995864,8.628555659269699
128106,Colorado State University Pueblo,CO,3,1,7,12.0,3042.0,1,10051.0,,6672.0,8216.0,0.2857,0.3973,0.2324,0.3883,16.0,0.949,10051.0,Public,7,City,9.215526898663482,8.02059914989697,8.805824812903607,9.013960457931187
128328,United States Air Force Academy,CO,3,1,0,41.0,4114.0,1,,,35824.0,11610.0,,0.8751,,0.8783,7.0,0.1409,,Public,0,Rural,,8.32239411311117,10.486401252696373,9.359708203627006
128391,Western Colorado University,CO,3,1,7,33.0,1586.0,1,16425.0,,14568.0,7628.0,0.1202,0.505,0.1967,0.5058,17.0,0.9971,16425.0,Public,7,Town,9.706620724300137,7.369600720526409,9.586651262653996,8.93971205409023
128498,Albertus Magnus College,CT,3,2,1,12.0,991.0,1,,34028.0,8051.0,8245.0,0.5056,0.5148,0.7388,0.493,17.0,0.5931,34028.0,Private nonprofit,1,City,10.434968381227153,6.899723107284872,8.993675786759683,9.017483513266844
128744,University of Bridgeport,CT,3,2,1,12.0,1534.0,1,,27807.0,6944.0,7399.0,0.5348,0.4119,0.7566,0.4473,15.0,0.8302,27807.0,Private nonprofit,1,City,10.233079028065118,7.336285660021297,8.845777255188445,8.909235279192261
128771,Central Connecticut State University,CT,3,1,1,21.0,7822.0,1,16857.0,,13976.0,10902.0,0.3836,0.4844,0.4916,0.4888,14.0,0.7333,16857.0,Public,1,Suburb,9.732580600557428,8.96482339168508,9.545168400484906,9.296793259706382
128902,Connecticut College,CT,3,2,1,13.0,1937.0,1,,36175.0,12417.0,7781.0,0.1419,0.8205,0.3544,0.8284,9.0,0.3704,36175.0,Private nonprofit,1,City,10.49615119451775,7.569411792450712,9.426902311924838,8.9595686535445
129020,University of Connecticut,CT,3,1,1,31.0,19835.0,1,25097.0,,23435.0,14634.0,0.2538,0.8329,0.4156,0.8354,17.0,0.5239,25097.0,Public,1,Town,10.130543440670253,9.895253747609024,10.062028580664679,9.591171199125986
129215,Eastern Connecticut State University,CT,3,1,1,31.0,3418.0,1,21067.0,,14453.0,11210.0,0.2868,0.5752,0.4816,0.5782,15.0,0.8298,21067.0,Public,1,Town,9.95551058060328,8.137103389639302,9.578726471842927,9.324650718153594
129242,Fairfield University,CT,3,2,1,21.0,5373.0,1,,48095.0,15558.0,13298.0,0.0692,0.843,0.4322,0.8406,12.0,0.3329,48095.0,Private nonprofit,1,Suburb,10.780954292552702,8.589327789175437,9.652394528314963,9.495444123413163
129525,University of Hartford,CT,3,2,1,12.0,4146.0,1,,30282.0,16235.0,8428.0,0.3304,0.5438,0.6589,0.5642,11.0,0.9575,30282.0,Private nonprofit,1,City,10.318341777940978,8.330140460246382,9.694986277958789,9.039433419997483
129774,Mitchell College,CT,3,2,1,13.0,377.0,1,,30260.0,7754.0,7511.0,0.3828,0.4218,0.5852,0.4315,11.0,0.9466,30260.0,Private nonprofit,1,City,10.317615033722944,5.934894195619588,8.956093075610639,8.9242570208881
129941,University of New Haven,CT,3,2,1,21.0,4841.0,1,,34192.0,9780.0,11914.0,0.3244,0.6307,0.7246,0.6108,17.0,0.6038,34192.0,Private nonprofit,1,Suburb,10.439776223738649,8.485083137498004,9.188197007290492,9.385553389532843
130183,Post University,CT,3,3,1,12.0,13603.0,1,,21634.0,2664.0,7044.0,0.7837,0.2493,0.8138,0.2909,20.0,,21634.0,Private for-profit,1,City,9.982067652658985,9.518119146127086,7.887959336599945,8.86007342433278
130226,Quinnipiac University,CT,3,2,1,21.0,6531.0,1,,40675.0,13460.0,11491.0,0.1617,0.757,0.5944,0.765,12.0,0.7215,40675.0,Private nonprofit,1,Suburb,10.613393516911028,8.784468454090355,9.507551894644093,9.34940642009918
130253,Sacred Heart University,CT,3,2,1,21.0,7087.0,1,,46174.0,9979.0,11014.0,0.158,0.7346,0.5717,0.7397,15.0,0.6536,46174.0,Private nonprofit,1,Suburb,10.74019380506744,8.866158492284917,9.20833836930551,9.307013259236443
130314,University of Saint Joseph,CT,3,2,1,13.0,838.0,1,,27989.0,14562.0,8639.0,0.3265,0.6376,0.7065,0.66,10.0,0.7859,27989.0,Private nonprofit,1,City,10.2396025825095,6.732210706467206,9.58623934448258,9.064157861798101
130493,Southern Connecticut State University,CT,3,1,1,12.0,6295.0,1,20857.0,,11507.0,11216.0,0.4083,0.4993,0.5222,0.4893,11.0,0.9147,20857.0,Public,1,City,9.945492846681159,8.74766979009724,9.35079772467144,9.325185763645223
130590,Trinity College,CT,3,2,1,12.0,2146.0,1,,34832.0,28943.0,11642.0,0.1377,0.8377,0.3777,0.8326,9.0,0.2925,34832.0,Private nonprofit,1,City,10.458320492295115,7.671826797878781,10.273118207635076,9.362460420037015
130624,United States Coast Guard Academy,CT,3,1,0,13.0,1108.0,1,,,43932.0,8217.0,,0.9273,,0.9025,7.0,0.2244,,Public,0,City,,7.011213987350367,10.690421025100237,9.014082149443356
130697,Wesleyan University,CT,3,2,1,13.0,3067.0,1,,30177.0,34729.0,14100.0,0.1419,0.9264,0.1634,0.9212,8.0,0.1649,30177.0,Private nonprofit,1,City,10.314868461073596,8.028781162487148,10.45535914573812,9.55400099583723
130776,Western Connecticut State University,CT,3,1,1,13.0,3511.0,1,17604.0,,16024.0,11406.0,0.3515,0.5176,0.4859,0.5104,11.0,0.8701,17604.0,Public,1,City,9.775938231589153,8.163940954755008,9.68190528178887,9.341982481027898
130794,Yale University,CT,3,2,1,12.0,6758.0,1,,23777.0,80541.0,22590.0,0.2039,0.9574,0.054,0.9603,5.0,0.0387,23777.0,Private nonprofit,1,City,10.07651606241849,8.818630229100354,11.296534066478552,10.025306875857222
130934,Delaware State University,DE,3,1,2,13.0,4398.0,1,13910.0,,8851.0,8869.0,0.4853,0.391,0.5222,0.3889,17.0,0.4658,13910.0,Public,2,City,9.54043517305957,8.389132521348719,9.08839870117094,9.090430075303626
130943,University of Delaware,DE,3,1,2,21.0,19071.0,1,17799.0,,21941.0,14649.0,0.1612,0.8055,0.4952,0.7967,16.0,0.706,17799.0,Public,2,Suburb,9.786953736280177,9.855976569865076,9.996157887377436,9.592195614445213
130989,Goldey-Beacom College,DE,3,2,2,21.0,691.0,1,,15554.0,3874.0,8592.0,0.3789,0.5743,0.3447,0.5817,18.0,0.8451,15554.0,Private nonprofit,2,Suburb,9.652137409331738,6.539585955617669,8.262300941787448,9.058703197313223
131113,Wilmington University,DE,3,2,2,21.0,7906.0,1,,15644.0,3893.0,9179.0,0.2613,0.1982,0.4564,0.2128,12.0,,15644.0,Private nonprofit,2,Suburb,9.657906656102982,8.975503722070927,8.267192185932146,9.124782483614537
131159,American University,DC,3,2,2,11.0,7266.0,1,,41943.0,19197.0,13722.0,0.1388,0.7549,0.3799,0.77,10.0,0.6196,41943.0,Private nonprofit,2,City,10.644090674252368,8.891098830616636,9.862561385923483,9.526828536269633
131283,The Catholic University of America,DC,3,2,2,11.0,3154.0,1,,29561.0,22922.0,11252.0,0.2032,0.7947,0.4779,0.804,11.0,0.8278,29561.0,Private nonprofit,2,City,10.294245031772018,8.056743774975313,10.039896052315676,9.328390038749998
131450,Gallaudet University,DC,3,2,2,11.0,812.0,1,,15845.0,41824.0,10939.0,0.5789,0.4726,0.3819,0.4688,6.0,0.5806,15845.0,Private nonprofit,2,City,9.670672381525188,6.70073110954781,10.641249525855025,9.300181075975972
131469,George Washington University,DC,3,2,2,11.0,11182.0,1,,36586.0,24525.0,16784.0,0.1582,0.8398,0.3158,0.8455,13.0,0.4709,36586.0,Private nonprofit,2,City,10.507448265037272,9.322150047028188,10.10748905832197,9.728240909414135
131496,Georgetown University,DC,3,2,2,11.0,7569.0,1,,40815.0,37019.0,18098.0,0.1012,0.9481,0.1788,0.9455,11.0,0.1291,40815.0,Private nonprofit,2,City,10.616829440381593,8.931948346431495,10.519213586127488,9.803611967108871
131520,Howard University,DC,3,2,2,11.0,10108.0,1,,50539.0,14944.0,11580.0,0.4,0.6996,0.5879,0.6934,13.0,0.4134,50539.0,Private nonprofit,2,City,10.830520380942184,9.221181395154058,9.612132074718039,9.357121103184378
131876,Trinity Washington University,DC,3,2,2,11.0,1414.0,1,,9302.0,7929.0,8291.0,0.5449,0.4929,0.4071,0.4659,9.0,0.9952,9302.0,Private nonprofit,2,City,9.138092207768558,7.254884810077338,8.978408314628894,9.02304647355567
132408,Baptist University of Florida,FL,3,2,5,42.0,360.0,1,,10372.0,9992.0,5515.0,0.3988,0.5185,0.1903,0.6212,8.0,0.3599,10372.0,Private nonprofit,5,Rural,9.246961555431827,5.8888779583328805,9.209640126861789,8.615408238913192
132471,Barry University,FL,3,2,5,21.0,2212.0,1,,22613.0,11546.0,8861.0,0.3908,0.3787,0.4441,0.3725,7.0,0.7724,22613.0,Private nonprofit,5,Suburb,10.026324462495191,7.70210434005105,9.354180941951856,9.089527751759436
132602,Bethune-Cookman University,FL,3,2,5,13.0,2732.0,1,,12030.0,11053.0,7167.0,0.783,0.3052,0.8203,0.2902,17.0,0.8824,12030.0,Private nonprofit,5,City,9.395241931033524,7.913155185928068,9.310547632393208,8.877381954654766
132657,Lynn University,FL,3,2,5,13.0,2859.0,1,,44089.0,7523.0,6894.0,0.2341,0.5206,0.363,0.5233,16.0,0.7347,44089.0,Private nonprofit,5,City,10.693988278351984,7.958576903813898,8.925853190420922,8.838551790227402
132842,Albizu University-Miami,FL,3,2,5,13.0,287.0,1,,19849.0,5578.0,6867.0,0.6637,0.4,0.7124,0.4839,12.0,0.7571,19849.0,Private nonprofit,5,City,9.895959286115337,5.662960480135946,8.626764827845529,8.834628222017367
132903,University of Central Florida,FL,3,1,5,21.0,59146.0,1,10411.0,,7831.0,11575.0,0.3234,0.7801,0.2258,0.7662,28.0,0.4011,10411.0,Public,5,Suburb,9.250714266114455,10.987781149608049,8.965973184210347,9.35668926831132
133465,South University-West Palm Beach,FL,3,3,5,21.0,251.0,1,,20271.0,10230.0,9088.0,0.5951,0.1818,0.6796,0.2174,12.0,,20271.0,Private for-profit,5,Suburb,9.91699590256092,5.529429087511423,9.23317760587894,9.11482017011877
133492,Eckerd College,FL,3,2,5,11.0,1888.0,1,,38071.0,17363.0,8920.0,0.2085,0.6592,0.4366,0.6672,11.0,0.758,38071.0,Private nonprofit,5,City,10.547234382800946,7.543802867501509,9.762154376419485,9.096163326913784
133526,Edward Waters University,FL,3,2,5,11.0,1087.0,1,,13649.0,4916.0,5800.0,0.7545,0.2819,0.6835,0.2808,14.0,0.8495,13649.0,Private nonprofit,5,City,9.521494800613105,6.992096427415888,8.50045386741194,8.665785595466064
133553,Embry-Riddle Aeronautical University-Daytona Beach,FL,3,2,5,13.0,7860.0,1,,41272.0,14657.0,10966.0,0.1478,0.6655,0.2888,0.6695,18.0,0.6481,41272.0,Private nonprofit,5,City,10.627963812132798,8.969669103793757,9.592741540485795,9.302646042760209
133650,Florida Agricultural and Mechanical University,FL,3,1,5,12.0,7582.0,1,13739.0,,10680.0,9244.0,0.5431,0.5335,0.4997,0.526,14.0,0.2056,13739.0,Public,5,City,9.52806656577634,8.933664178700935,9.276221741089696,9.131838143821225
133669,Florida Atlantic University,FL,3,1,5,13.0,23757.0,1,8752.0,,9412.0,10706.0,0.3392,0.6257,0.2634,0.6339,24.0,0.6613,8752.0,Public,5,City,9.077151777732437,10.075674594849485,9.14984699154722,9.27865301215827
133711,Flagler College,FL,3,2,5,23.0,2391.0,1,,30525.0,10177.0,7796.0,0.2907,0.5598,0.5522,0.5593,15.0,0.8076,30525.0,Private nonprofit,5,Suburb,10.326334058475068,7.779885115070522,9.227983807148778,8.9614943233096
133809,Florida College,FL,3,2,5,21.0,588.0,1,,23931.0,15747.0,7129.0,0.2314,0.5404,0.4155,0.5254,14.0,0.6966,23931.0,Private nonprofit,5,Suburb,10.082971754509922,6.3784261836515865,9.664468652063627,8.872066513408342
133872,AdventHealth University,FL,3,2,5,11.0,1361.0,1,,30135.0,12856.0,8875.0,0.3677,0.3889,0.4865,0.3724,6.0,,30135.0,Private nonprofit,5,City,10.313475749371877,7.216709486709457,9.46164368908425,9.091106284052485
133881,Florida Institute of Technology,FL,3,2,5,13.0,3404.0,1,,35639.0,11908.0,11366.0,0.2111,0.6354,0.4008,0.6446,13.0,0.577,35639.0,Private nonprofit,5,City,10.481223881584746,8.133000218583613,9.385049695767997,9.33846969968671
133951,Florida International University,FL,3,1,5,21.0,39508.0,1,9288.0,,8518.0,11817.0,0.4137,0.7443,0.1686,0.7416,24.0,0.5466,9288.0,Public,5,Suburb,9.136586183387521,10.584283773037043,9.05005424204284,9.37737907190562
133979,Florida Memorial University,FL,3,2,5,21.0,1183.0,1,,23238.0,3701.0,7615.0,0.6913,0.311,0.6597,0.3068,17.0,0.8526,23238.0,Private nonprofit,5,Suburb,10.053587180780166,7.076653815443951,8.216628493133443,8.938006576471201
134079,Florida Southern College,FL,3,2,5,12.0,2656.0,1,,28551.0,11211.0,9031.0,0.281,0.7055,0.535,0.6993,11.0,0.6442,28551.0,Private nonprofit,5,City,10.259482265169996,7.884952945759814,9.324739912284679,9.108529105829499
134097,Florida State University,FL,3,1,5,12.0,32212.0,1,11297.0,,13724.0,12841.0,0.2297,0.8561,0.2038,0.8428,17.0,0.2422,11297.0,Public,5,City,9.332380997885208,10.380125376764875,9.526974266377731,9.460476328353995
134130,University of Florida,FL,3,1,5,12.0,35629.0,1,6541.0,,23406.0,13581.0,0.2166,0.9112,0.1069,0.9131,16.0,0.242,6541.0,Public,5,City,8.785998208098329,10.480943258599881,10.060790401909905,9.516500665673737
134237,Full Sail University,FL,3,3,5,21.0,25777.0,1,,38875.0,4330.0,5970.0,0.3383,0.4433,0.6312,0.4701,32.0,,38875.0,Private for-profit,5,Suburb,10.568132372623362,10.157276693964725,8.373553741214627,8.694669696546992
134510,Hobe Sound Bible College,FL,3,2,5,21.0,112.0,1,,12074.0,15377.0,3395.0,0.5035,0.5,0.0851,0.55,5.0,,12074.0,Private nonprofit,5,Suburb,9.398892478520773,4.727387818712341,9.640693195592126,8.130353547431238
134945,Jacksonville University,FL,3,2,5,11.0,2930.0,1,,25180.0,10576.0,8698.0,0.3073,0.5065,0.45,0.5369,11.0,0.5694,25180.0,Private nonprofit,5,City,10.133845020868533,7.983098940710892,9.266437111328052,9.07096335550754
135726,University of Miami,FL,3,2,5,21.0,12913.0,1,,37244.0,36040.0,16043.0,0.1486,0.8368,0.2655,0.8395,11.0,0.189,37244.0,Private nonprofit,5,Suburb,10.525272986610377,9.466067273186413,10.49241245828517,9.683090226889943
136172,University of North Florida,FL,3,1,5,11.0,13359.0,1,10154.0,,8135.0,9595.0,0.3075,0.6921,0.2269,0.6871,19.0,0.5324,10154.0,Public,5,City,9.225721474014485,9.500020447090638,9.004053937728395,9.169101623959586
136215,Nova Southeastern University,FL,3,2,5,21.0,7240.0,1,,30371.0,18297.0,11462.0,0.3581,0.6334,0.4513,0.6378,16.0,0.7321,30371.0,Private nonprofit,5,Suburb,10.321276410333125,8.88751459738882,9.81454704323948,9.34687973611501
136330,Palm Beach Atlantic University,FL,3,2,5,12.0,2603.0,1,,28354.0,12213.0,9265.0,0.2296,0.5534,0.3723,0.5717,13.0,0.8199,28354.0,Private nonprofit,5,City,10.252558660448129,7.86480400332846,9.41033811378308,9.134107065976593
136774,Ringling College of Art and Design,FL,3,2,5,13.0,1662.0,1,,57742.0,20516.0,9869.0,0.2108,0.7207,0.3827,0.7148,11.0,0.6965,57742.0,Private nonprofit,5,City,10.963757408916045,7.416378479192928,9.929009089766206,9.197255132427527
136950,Rollins College,FL,3,2,5,21.0,2631.0,1,,34732.0,13624.0,10589.0,0.2285,0.7505,0.3938,0.7595,12.0,0.4754,34732.0,Private nonprofit,5,Suburb,10.45544552265826,7.875499292445208,9.519661619531444,9.267665438595452
137032,Saint Leo University,FL,3,2,5,31.0,6721.0,1,,21293.0,4336.0,8688.0,0.3249,0.45,0.3203,0.4684,25.0,0.784,21293.0,Private nonprofit,5,Town,9.966180621874551,8.81314100828505,8.374938143835367,9.069813136839207
137272,St. John Vianney College Seminary,FL,3,2,5,21.0,77.0,1,,,29058.0,3586.0,0.0,1.0,0.0,1.0,4.0,,,Private nonprofit,5,Suburb,,4.356708826689592,10.277083524969898,8.185071477532283
137351,University of South Florida,FL,3,1,5,11.0,37207.0,1,9812.0,,13361.0,11342.0,0.2936,0.7676,0.2386,0.7568,22.0,0.4319,9812.0,Public,5,City,9.191463316206494,10.524279070903933,9.500170136485423,9.336356092559043
137476,St. Thomas University,FL,3,2,5,21.0,2214.0,1,,26312.0,5550.0,8625.0,0.2697,0.4806,0.3085,0.4562,17.0,0.9791,26312.0,Private nonprofit,5,Suburb,10.177818392619491,7.703007682479236,8.621733370690162,9.062536177207788
137546,Stetson University,FL,3,2,5,13.0,2297.0,1,,19372.0,14922.0,11041.0,0.3721,0.6229,0.4641,0.6254,10.0,0.716,19372.0,Private nonprofit,5,City,9.871635623086945,7.739794458408701,9.610658925931467,9.30946146284399
137564,Southeastern University,FL,3,2,5,12.0,4813.0,1,,31942.0,3698.0,7041.0,0.2151,0.4255,0.2782,0.4289,19.0,0.5298,31942.0,Private nonprofit,5,City,10.371708343469681,8.479283618343016,8.215817791832453,8.859647499714997
137777,Talmudic College of Florida,FL,3,2,5,13.0,27.0,1,,17000.0,55953.0,4465.0,0.3462,0.625,0.0,0.6,4.0,,17000.0,Private nonprofit,5,City,9.741027444837728,3.332204510175204,10.932285203588544,8.404248432400102
137847,The University of Tampa,FL,3,2,5,11.0,10572.0,1,,36211.0,8718.0,10846.0,0.1516,0.637,0.6725,0.6281,17.0,0.4034,36211.0,Private nonprofit,5,City,10.497145834595331,9.266058860732526,9.073259831427816,9.291643823040218
137953,Trinity College of Jacksonville,FL,3,2,5,11.0,386.0,1,,20011.0,2321.0,5460.0,0.5013,0.3418,0.8494,0.3817,11.0,0.5328,20011.0,Private nonprofit,5,City,9.904087372608096,5.958424693029782,7.7501841622578365,8.605387202152153
137962,Trinity College of Florida,FL,3,2,5,21.0,148.0,1,,20297.0,4599.0,5600.0,0.4762,0.0,0.5873,0.0,12.0,0.9189,20297.0,Private nonprofit,5,Suburb,9.918277638008764,5.003946305945459,8.433811582477187,8.630700432209832
138275,Warner University,FL,3,2,5,41.0,756.0,1,,19748.0,5418.0,5033.0,0.5088,0.4213,0.5363,0.3808,13.0,0.4281,19748.0,Private nonprofit,5,Rural,9.890858136135986,6.6293632534374485,8.597666575566114,8.523970175695261
138293,Webber International University,FL,3,2,5,41.0,813.0,1,,29529.0,3881.0,5063.0,0.4767,0.2796,0.6291,0.2702,17.0,0.694,29529.0,Private nonprofit,5,Rural,10.293161974737968,6.70196036600254,8.264105763728956,8.529911963824013
138354,University of West Florida,FL,3,1,5,41.0,9330.0,1,9364.0,,6911.0,10653.0,0.3309,0.588,0.2524,0.6027,22.0,0.5824,9364.0,Public,5,Rural,9.144734614878189,9.141097469234023,8.841014310483892,9.273690687476945
138558,Abraham Baldwin Agricultural College,GA,3,1,5,32.0,3208.0,1,6842.0,,7164.0,7551.0,0.3474,0.3615,0.2346,0.3251,21.0,0.7572,6842.0,Public,5,Town,8.830981510952498,8.073714641109857,8.876963340262272,8.929567707825337
138600,Agnes Scott College,GA,3,2,5,21.0,836.0,1,,24754.0,20057.0,9604.0,0.3853,0.7068,0.5258,0.7061,10.0,0.6215,24754.0,Private nonprofit,5,Suburb,10.116782767795524,6.729824070489475,9.906383355648154,9.170039075202657
138716,Albany State University,GA,3,1,5,13.0,5956.0,1,11898.0,,6425.0,7257.0,0.6932,0.3105,0.6338,0.2712,21.0,,11898.0,Public,5,City,9.384209641955154,8.692322277628687,8.768107539675803,8.889859587773016
138868,Point University,GA,3,2,5,32.0,1996.0,1,,25335.0,3040.0,5969.0,0.2468,0.3407,0.1368,0.3752,15.0,0.4426,25335.0,Private nonprofit,5,Town,10.139981588218475,7.599401333415815,8.019941687677365,8.694502206386648
138947,Clark Atlanta University,GA,3,2,5,11.0,3603.0,1,,37702.0,9940.0,8446.0,0.7047,0.4902,0.8017,0.4841,16.0,0.6422,37702.0,Private nonprofit,5,City,10.53749494586695,8.189799618728228,9.204422898212146,9.041566627727496
139144,Berry College,GA,3,2,5,23.0,2245.0,1,,22320.0,15808.0,9319.0,0.2677,0.6949,0.3886,0.7179,12.0,0.64,22320.0,Private nonprofit,5,Suburb,10.013283218359012,7.716906135298388,9.668334677096187,9.139917907679637
139199,Brenau University,GA,3,2,5,13.0,1029.0,1,,18924.0,10992.0,7783.0,0.4586,0.3291,0.6987,0.342,11.0,0.8778,18924.0,Private nonprofit,5,City,9.84823907830565,6.937314081223682,9.305013985578864,8.959825623865841
139311,Clayton  State University,GA,3,1,5,21.0,4348.0,1,8365.0,,7880.0,8662.0,0.5217,0.3986,0.3804,0.3762,20.0,0.6845,8365.0,Public,5,Suburb,9.031931152002144,8.37770121259764,8.97221007835365,9.06681636189014
139366,Columbus State University,GA,3,1,5,12.0,5625.0,1,13115.0,,7245.0,8802.0,0.4464,0.4176,0.3776,0.4175,16.0,0.9912,13115.0,Public,5,City,9.48158813796454,8.635153989049803,8.888204871455022,9.082847851460906
139393,Covenant College,GA,3,2,5,21.0,939.0,1,,26265.0,10737.0,8555.0,0.1905,0.7149,0.4042,0.7168,13.0,0.8651,26265.0,Private nonprofit,5,Suburb,10.176030606145105,6.84587987526405,9.281544130982514,9.054388070202297
139463,Dalton State College,GA,3,1,5,13.0,4553.0,1,5012.0,,4721.0,7570.0,0.4986,0.2531,0.1385,0.2755,21.0,,5012.0,Public,5,City,8.519789817263504,8.423761246623686,8.459987717645458,8.932080438103307
139579,South University-Savannah,GA,3,3,5,12.0,270.0,1,,28743.0,9238.0,9244.0,0.6194,0.0909,0.7328,0.1591,9.0,,28743.0,Private for-profit,5,City,10.266184328793354,5.602118820879701,9.131188933670746,9.131838143821225
139630,Emmanuel University,GA,3,2,5,42.0,775.0,1,,20925.0,4524.0,5038.0,0.2869,0.4228,0.4181,0.3831,11.0,0.74,20925.0,Private nonprofit,5,Rural,9.948747683940992,6.654152520183219,8.417372856134026,8.524962928680598
139658,Emory University,GA,3,2,5,11.0,7298.0,1,,22585.0,55602.0,16636.0,0.1821,0.9109,0.1061,0.9142,10.0,0.1065,22585.0,Private nonprofit,5,City,10.025085524283616,8.895492631451633,10.925992435617589,9.719384409659742
139719,Fort Valley State University,GA,3,1,5,31.0,2684.0,1,10338.0,,5828.0,7426.0,0.7332,0.4111,0.6844,0.4324,21.0,0.6587,10338.0,Public,5,Town,9.243678431586693,7.895436006942965,8.67060073804555,8.912877287669296
139755,Georgia Institute of Technology-Main Campus,GA,3,1,5,11.0,18785.0,1,12116.0,,11809.0,15393.0,0.139,0.9402,0.1697,0.9319,17.0,0.1407,12116.0,Public,5,City,9.402364704231523,9.84086719055446,9.376701909191407,9.641733102094262
139764,Georgia Southwestern State University,GA,3,1,5,32.0,2424.0,1,12019.0,,7119.0,8122.0,0.4344,0.4064,0.3721,0.3608,18.0,0.7517,12019.0,Public,5,Town,9.394327208089198,7.793586803371584,8.87066300440602,9.002454823050954
139861,Georgia College & State University,GA,3,1,5,32.0,5947.0,1,20686.0,,7038.0,8775.0,0.1757,0.6361,0.3427,0.626,17.0,0.7823,20686.0,Public,5,Town,9.93726076264305,8.690810307580046,8.85922139360813,9.079776001955066
139931,Georgia Southern University,GA,3,1,5,32.0,21790.0,1,15267.0,,5399.0,9310.0,0.3625,0.549,0.3558,0.5345,25.0,0.8789,15267.0,Public,5,Town,9.63351441386512,9.989252319496922,8.594154232552366,9.138951775888529
139940,Georgia State University,GA,3,1,5,11.0,26623.0,1,15931.0,,6675.0,10404.0,0.5075,0.5306,0.4046,0.5337,25.0,0.5544,15931.0,Public,5,City,9.676084944301534,10.189568343620936,8.806274284781725,9.250041738827735
139959,University of Georgia,GA,3,1,5,12.0,32137.0,1,13936.0,,11512.0,12879.0,0.1675,0.8969,0.1954,0.8886,17.0,0.377,13936.0,Public,5,City,9.54230245311951,10.377794409601698,9.351232110673664,9.463430999658344
139968,Gordon State College,GA,3,1,5,32.0,2544.0,1,8105.0,,4910.0,7589.0,0.4843,0.2043,0.3552,0.1863,20.0,0.859,8105.0,Public,5,Town,9.000359807188254,7.841885928984623,8.499232866039245,8.934586870389676
140234,LaGrange College,GA,3,2,5,32.0,636.0,1,,20875.0,13052.0,6863.0,0.4313,0.4692,0.6787,0.4401,13.0,0.6209,20875.0,Private nonprofit,5,Town,9.946355452763305,6.456769655572163,9.47677327138879,8.834045641167798
140252,Life University,GA,3,2,5,13.0,893.0,1,,29791.0,6898.0,7524.0,0.3998,0.3793,0.5235,0.3566,15.0,0.9303,29791.0,Private nonprofit,5,City,10.301995180076794,6.795705775173514,8.839131752546109,8.925986089617076
140340,Herzing University-Atlanta,GA,3,2,5,11.0,387.0,1,,21679.0,4184.0,7516.0,0.7034,0.1395,0.7916,0.194,14.0,0.9375,21679.0,Private nonprofit,5,City,9.984145455553582,5.961005339623274,8.339261982923576,8.924922401177469
140447,Mercer University,GA,3,2,5,12.0,4500.0,1,,23847.0,14074.0,9556.0,0.3543,0.6962,0.6245,0.7185,11.0,0.6889,23847.0,Private nonprofit,5,City,10.079455635357908,8.412054873292933,9.552155453007892,9.16502914926618
140553,Morehouse College,GA,3,2,5,11.0,2844.0,1,,39013.0,13314.0,8703.0,0.4467,0.5944,0.5738,0.5602,14.0,0.4396,39013.0,Private nonprofit,5,City,10.571675835054878,7.953318346560431,9.496646498248033,9.071537969095724
140571,Morris Brown College,GA,3,2,5,11.0,432.0,1,,24901.0,1674.0,6116.0,0.6531,0.25,0.7755,0.2941,17.0,,24901.0,Private nonprofit,5,City,10.122703400512357,6.07073772800249,7.423568444259167,8.718827059242566
140696,Oglethorpe University,GA,3,2,5,21.0,1352.0,1,,19509.0,5789.0,7901.0,0.3596,0.541,0.6838,0.5401,13.0,0.8845,19509.0,Private nonprofit,5,Suburb,9.878682433617158,7.210079628170788,8.663887570567042,8.974871170971337
140720,Paine College,GA,3,2,5,12.0,388.0,1,,16670.0,8166.0,3659.0,0.7558,0.1443,0.7645,0.1655,11.0,0.9543,16670.0,Private nonprofit,5,City,9.72142596194803,5.963579343618446,9.007856923358275,8.205218426395412
140818,Piedmont University,GA,3,2,5,32.0,1117.0,1,,20599.0,8051.0,7502.0,0.4235,0.4741,0.6582,0.4424,12.0,0.9328,20599.0,Private nonprofit,5,Town,9.933046354777673,7.0192966537150445,8.993675786759683,8.923058219545728
140872,Reinhardt University,GA,3,2,5,41.0,1066.0,1,,24425.0,8500.0,5983.0,0.3983,0.4357,0.5628,0.3939,11.0,0.6154,24425.0,Private nonprofit,5,Rural,10.103403417731034,6.9726062513017535,9.04793908261736,8.696844519654313
140951,Savannah College of Art and Design,GA,3,2,5,12.0,15243.0,1,,49430.0,8616.0,10950.0,0.1882,0.6941,0.3371,0.6991,21.0,0.8298,49430.0,Private nonprofit,5,City,10.808333036725541,9.63194126199375,9.061492275239766,9.301186055275759
140960,Savannah State University,GA,3,1,5,12.0,2833.0,1,8172.0,,4684.0,8445.0,0.6755,0.2804,0.6532,0.2652,21.0,,8172.0,Public,5,City,9.00859131751613,7.949444420250626,8.452121194672523,9.041448235493888
140988,Shorter University,GA,3,2,5,13.0,1028.0,1,,16646.0,5023.0,5054.0,0.3752,0.3769,0.4849,0.3742,14.0,0.9646,16646.0,Private nonprofit,5,City,9.719985298994011,6.9363427358340495,8.521981708148035,8.528133131454572
141060,Spelman College,GA,3,2,5,11.0,3414.0,1,,38967.0,15850.0,9558.0,0.2783,0.7846,0.4814,0.7731,11.0,0.2487,38967.0,Private nonprofit,5,City,10.570496075486378,8.13593277200489,9.670987868797893,9.165238398063762
141167,Thomas University,GA,3,2,5,32.0,998.0,1,,18499.0,10947.0,5844.0,0.5535,0.2754,0.8264,0.2766,12.0,0.383,18499.0,Private nonprofit,5,Town,9.825526011066415,6.906754778648554,9.30091207016057,8.67334187390617
141185,Toccoa Falls College,GA,3,2,5,32.0,875.0,1,,21642.0,4266.0,6124.0,0.1611,0.4366,0.1916,0.4484,18.0,0.6596,21642.0,Private nonprofit,5,Town,9.982437355514529,6.775366090936392,8.358666283188,8.720134035412928
141237,Truett McConnell University,GA,3,2,5,42.0,744.0,1,,22227.0,4143.0,4901.0,0.1015,0.3781,0.1508,0.3923,15.0,0.7826,22227.0,Private nonprofit,5,Rural,10.009108034399812,6.61338421837956,8.329416783939319,8.497398564088058
141264,Valdosta State University,GA,3,1,5,13.0,6622.0,1,10945.0,,7133.0,8606.0,0.5228,0.4236,0.4396,0.4205,17.0,0.7229,10945.0,Public,5,City,9.300729371703863,8.798303718484979,8.872627365918836,9.060331104649475
141325,Wesleyan College,GA,3,2,5,12.0,400.0,1,,12724.0,13544.0,6243.0,0.4579,0.4452,0.431,0.4956,8.0,0.591,12724.0,Private nonprofit,5,City,9.451323841418724,5.993961427306569,9.513772754519195,8.739376281635323
141334,University of West Georgia,GA,3,1,5,32.0,7520.0,1,12786.0,,9152.0,8656.0,0.404,0.4349,0.346,0.4311,18.0,0.5161,12786.0,Public,5,Town,9.456184308811169,8.925454386826402,9.121836973384779,9.066123521215774
141361,Young Harris College,GA,3,2,5,43.0,755.0,1,,22034.0,8200.0,6302.0,0.2038,0.4175,0.3272,0.4355,13.0,0.6264,22034.0,Private nonprofit,5,Rural,10.000387377276088,6.628041376179533,9.012011377036412,8.74878098951311
141486,Chaminade University of Honolulu,HI,3,2,8,11.0,1672.0,1,,28856.0,11964.0,9015.0,0.4133,0.554,0.373,0.567,11.0,0.9143,28856.0,Private nonprofit,8,City,10.270107876820726,7.422373700986824,9.389741000342473,9.106756055719613
141565,University of Hawaii at Hilo,HI,3,1,8,33.0,2160.0,1,11856.0,,23630.0,12097.0,0.4039,0.4837,0.3003,0.4497,11.0,0.6063,11856.0,Public,8,Town,9.380673689458071,7.6783263565068856,10.070314688371434,9.400795428666859
141574,University of Hawaii at Manoa,HI,3,1,8,11.0,15029.0,1,15664.0,,24611.0,14472.0,0.2623,0.6429,0.2743,0.6348,15.0,0.866,15664.0,Public,8,City,9.659184203386292,9.61780348274702,10.11098940786038,9.580040123637605
141644,Hawaii Pacific University,HI,3,2,8,11.0,2392.0,1,,29657.0,5539.0,9549.0,0.2145,0.3489,0.2255,0.3781,15.0,0.8587,29657.0,Private nonprofit,8,City,10.297487182535015,7.780303087908373,8.61974977974133,9.164296433474776
141981,University of Hawaii-West Oahu,HI,3,1,8,21.0,2519.0,1,10327.0,,16313.0,11565.0,0.3206,0.4955,0.2113,0.4806,17.0,0.9534,10327.0,Public,8,Suburb,9.242613932526478,7.832014180505469,9.699778913860525,9.355825038718164
142090,Boise Bible College,ID,3,2,7,21.0,93.0,1,,15058.0,13119.0,6151.0,0.4854,0.3158,0.4078,0.4131,14.0,0.9048,15058.0,Private nonprofit,7,Suburb,9.61973109808682,4.543294782270004,9.48189306249808,8.72453251118548
142115,Boise State University,ID,3,1,7,12.0,17674.0,1,21610.0,,8864.0,9887.0,0.1808,0.602,0.2388,0.6102,20.0,0.8721,21610.0,Public,7,City,9.980957723303026,9.779906490764773,9.089866218508309,9.199077179697472
142276,Idaho State University,ID,3,1,7,13.0,7583.0,1,12193.0,,14363.0,8941.0,0.2794,0.3939,0.2299,0.3884,14.0,,12193.0,Public,7,City,9.408699306467762,8.933796043934858,9.572480355345974,9.098514556793926
142285,University of Idaho,ID,3,1,7,32.0,7747.0,1,14831.0,,14991.0,10288.0,0.2348,0.5728,0.3818,0.5916,18.0,0.7553,14831.0,Public,7,Town,9.604542287805636,8.955190024526887,9.615272004478204,9.23883064237581
142294,The College of Idaho,ID,3,2,7,22.0,1041.0,1,,19481.0,10689.0,7798.0,0.2517,0.6254,0.4728,0.633,10.0,0.491,19481.0,Private nonprofit,7,Suburb,9.877246241330901,6.948897222313312,9.27706400401909,8.961750799330497
142328,Lewis-Clark State College,ID,3,1,7,13.0,2385.0,1,15635.0,,9626.0,7551.0,0.2428,0.4017,0.2605,0.4257,16.0,0.8769,15635.0,Public,7,City,9.657331226912845,7.777373602657861,9.172326929777967,8.929567707825337
142461,Northwest Nazarene University,ID,3,2,7,22.0,1024.0,1,,29580.0,6557.0,6760.0,0.2976,0.7076,0.6133,0.653,14.0,0.6474,29580.0,Private nonprofit,7,Suburb,10.294887542319458,6.932447891572509,8.788440957404594,8.818926087090677
143048,School of the Art Institute of Chicago,IL,3,2,3,11.0,2805.0,1,,49790.0,18435.0,11628.0,0.1873,0.6699,0.3741,0.6548,10.0,0.7747,49790.0,Private nonprofit,3,City,10.815589523788828,7.939515260662406,9.8220605538404,9.361257257293044
143084,Augustana College,IL,3,2,3,13.0,2490.0,1,,22736.0,11113.0,8300.0,0.24,0.7286,0.5527,0.7626,12.0,0.6268,22736.0,Private nonprofit,3,City,10.031748832480138,7.820439515262181,9.315960853839867,9.024131268455035
143118,Aurora University,IL,3,2,3,21.0,3974.0,1,,18838.0,5125.0,9142.0,0.4495,0.6032,0.4736,0.5929,18.0,0.8085,18838.0,Private nonprofit,3,Suburb,9.843684468165375,8.287780027088433,8.542080906924017,9.120743838164426
143288,Blackburn College,IL,3,2,3,32.0,471.0,1,,18460.0,12832.0,8514.0,0.4987,0.5749,0.6144,0.5513,11.0,0.6319,18460.0,Private nonprofit,3,Town,9.82341567777057,6.156978985585555,9.459775257244461,9.049584593096789
143358,Bradley University,IL,3,2,3,12.0,3574.0,1,,22719.0,17531.0,9409.0,0.3165,0.7617,0.634,0.7401,11.0,0.7676,22719.0,Private nonprofit,3,City,10.031000872835088,8.181720455128108,9.7717830615387,9.149528232579426
144005,Chicago State University,IL,3,1,3,11.0,1384.0,1,12335.0,,28026.0,8878.0,0.5786,0.1549,0.7813,0.1615,9.0,0.4326,12335.0,Public,3,City,9.42027709580311,7.233455418621439,10.24092361024682,9.091444217032327
144050,University of Chicago,IL,3,2,3,11.0,7569.0,1,,14860.0,96069.0,19806.0,0.1526,0.9585,0.047,0.9539,5.0,0.0448,14860.0,Private nonprofit,3,City,9.60649561075857,8.931948346431495,11.472832371403785,9.893790689557264
144281,Columbia College Chicago,IL,3,2,3,11.0,5368.0,1,,26598.0,10551.0,9323.0,0.4596,0.5155,0.5553,0.4992,15.0,0.8946,26598.0,Private nonprofit,3,City,10.188628900078157,8.58839695042257,9.26407069439715,9.140347000155648
144351,Concordia University-Chicago,IL,3,2,3,21.0,1323.0,1,,18436.0,5834.0,6759.0,0.4568,0.3646,0.5694,0.4141,13.0,0.9279,18436.0,Private nonprofit,3,Suburb,9.82211479407039,7.188412736496954,8.671629544720656,8.81877816903701
144740,DePaul University,IL,3,2,3,11.0,14090.0,1,,30902.0,13870.0,12717.0,0.3178,0.678,0.4585,0.6889,17.0,0.7589,30902.0,Private nonprofit,3,City,10.338608545551804,9.553291574695105,9.53755560876329,9.450773591827353
144883,East-West University,IL,3,2,3,11.0,468.0,1,,21697.0,6763.0,7789.0,0.6174,0.1556,0.6042,0.1981,20.0,,21697.0,Private nonprofit,3,City,9.984975369382395,6.150602768446279,8.81936971001847,8.960596138864794
144892,Eastern Illinois University,IL,3,1,3,33.0,4188.0,1,12786.0,,10847.0,9482.0,0.2941,0.4736,0.3138,0.4639,14.0,0.6535,12786.0,Public,3,Town,9.456184308811169,8.340217320947035,9.291736010180177,9.157256000883727
144962,Elmhurst University,IL,3,2,3,21.0,3006.0,1,,24185.0,8751.0,8989.0,0.3681,0.7,0.769,0.6767,15.0,0.7364,24185.0,Private nonprofit,3,Suburb,10.09352923234522,8.008698182988528,9.077037524661762,9.103868127465667
144971,Eureka College,IL,3,2,3,31.0,522.0,1,,17349.0,7279.0,5632.0,0.4858,0.4161,0.7647,0.4115,14.0,0.8499,17349.0,Private nonprofit,3,Town,9.761347785375005,6.259581464064923,8.892886141190731,8.636397438894713
145336,Governors State University,IL,3,1,3,21.0,2556.0,1,12329.0,,13036.0,8619.0,0.5359,0.2211,0.3849,0.2086,11.0,0.4827,12329.0,Public,3,Suburb,9.41979059615839,7.846589975291186,9.47554674766278,9.061840363657739
145372,Greenville University,IL,3,2,3,32.0,955.0,1,,19533.0,7399.0,6650.0,0.3889,0.3982,0.5664,0.4558,13.0,0.975,19533.0,Private nonprofit,3,Town,9.879911816007422,6.862757913051401,8.909235279192261,8.802522498284421
145497,Hebrew Theological College,IL,3,2,3,13.0,90.0,1,,26861.0,20367.0,4277.0,0.1276,0.5,0.102,0.5938,5.0,,26861.0,Private nonprofit,3,City,10.19846792746902,4.51085950651685,9.921720320797188,8.361240889642351
145600,University of Illinois Chicago,IL,3,1,3,11.0,22170.0,1,10974.0,,28590.0,14621.0,0.4893,0.6162,0.2186,0.6097,17.0,0.7735,10974.0,Public,3,City,9.303375237943373,10.00654040759221,10.260847261969445,9.590282522853261
145619,Benedictine University,IL,3,2,3,21.0,1942.0,1,,22313.0,7813.0,8516.0,0.3947,0.5033,0.4604,0.5063,15.0,0.9523,22313.0,Private nonprofit,3,Suburb,10.012969563153126,7.57198844937744,8.963672275615016,9.04981944514108
145637,University of Illinois Urbana-Champaign,IL,3,1,3,13.0,36258.0,1,14355.0,,14929.0,14464.0,0.2341,0.8513,0.2738,0.8501,20.0,0.4237,14355.0,Public,3,City,9.571923252267498,10.498442905329538,9.611127890533236,9.579487217410236
145646,Illinois Wesleyan University,IL,3,2,3,13.0,1582.0,1,,28199.0,19373.0,8828.0,0.2633,0.747,0.6332,0.781,12.0,0.3931,28199.0,Private nonprofit,3,City,10.247077256926206,7.367077059881012,9.871687239986331,9.085797036901582
145691,Illinois College,IL,3,2,3,32.0,930.0,1,,18298.0,11586.0,7671.0,0.3839,0.6382,0.8274,0.6255,12.0,0.7819,18298.0,Private nonprofit,3,Town,9.814601692527686,6.836259277277067,9.357639058997062,8.945332616563274
145725,Illinois Institute of Technology,IL,3,2,3,11.0,2833.0,1,,18425.0,11936.0,12710.0,0.3001,0.7521,0.2871,0.74,14.0,0.5493,18425.0,Private nonprofit,3,City,9.821517989668877,7.949444420250626,9.387398099095039,9.450223039294668
145813,Illinois State University,IL,3,1,3,22.0,19057.0,1,19398.0,,9152.0,9453.0,0.3207,0.6454,0.4308,0.6539,19.0,0.8815,19398.0,Public,3,Suburb,9.872976797331106,9.855242239908133,9.121836973384779,9.154193211353181
146339,Judson University,IL,3,2,3,12.0,708.0,1,,18558.0,8178.0,6024.0,0.3871,0.5987,0.5536,0.5644,10.0,0.4759,18558.0,Private nonprofit,3,City,9.828710125578304,6.5638555265321274,9.009325172734973,8.703672758358856
146427,Knox College,IL,3,2,3,32.0,1127.0,1,,24595.0,17885.0,7221.0,0.3087,0.6773,0.6733,0.6762,11.0,0.7079,24595.0,Private nonprofit,3,Town,10.11033910707336,7.028201432058005,9.791773562906126,8.884887201837403
146481,Lake Forest College,IL,3,2,3,21.0,1813.0,1,,28673.0,11874.0,9044.0,0.3224,0.7778,0.6654,0.7426,13.0,0.5681,28673.0,Private nonprofit,3,Suburb,10.263746067806213,7.503289630675082,9.382190628902842,9.109967397829395
146612,Lewis University,IL,3,2,3,21.0,4015.0,1,,17028.0,11056.0,10457.0,0.3255,0.6661,0.4217,0.6464,13.0,0.7129,17028.0,Private nonprofit,3,Suburb,9.742673052026605,8.298041661371565,9.310818990542401,9.255122514748075
146719,Loyola University Chicago,IL,3,2,3,11.0,11737.0,1,,36079.0,14058.0,11515.0,0.2375,0.7304,0.4481,0.7494,13.0,0.816,36079.0,Private nonprofit,3,City,10.49349397417656,9.37058672111828,9.551018039079908,9.351492651732066
147013,McKendree University,IL,3,2,3,21.0,1752.0,1,,24717.0,4640.0,7069.0,0.336,0.5333,0.4179,0.566,16.0,0.7172,24717.0,Private nonprofit,3,Suburb,10.11528700214968,7.469083884921234,8.442685139241176,8.863615758890619
147129,Methodist College,IL,3,2,3,12.0,245.0,1,,41787.0,15799.0,6350.0,0.5107,0.2,0.8155,0.6216,5.0,,41787.0,Private nonprofit,3,City,10.640364495957398,5.5053315359323625,9.667765219015058,8.756367559802975
147244,Millikin University,IL,3,2,3,13.0,1382.0,1,,21989.0,12211.0,6557.0,0.3757,0.5494,0.5575,0.5702,10.0,0.6668,21989.0,Private nonprofit,3,City,9.998343083548807,7.232010331664759,9.410174353854769,8.788440957404594
147341,Monmouth College,IL,3,2,3,32.0,702.0,1,,17133.0,16969.0,6882.0,0.3714,0.6461,0.7538,0.6221,9.0,0.9093,17133.0,Private nonprofit,3,Town,9.748820072523989,6.555356891810665,9.739202358228273,8.836809882398365
147369,Moody Bible Institute,IL,3,2,3,11.0,1510.0,1,,22221.0,13607.0,9213.0,0.3627,0.6233,0.417,0.6214,14.0,0.8269,22221.0,Private nonprofit,3,City,10.008838068143953,7.32052696227274,9.518413134075697,9.128479345495862
147536,National Louis University,IL,3,2,3,11.0,4406.0,1,,12641.0,5908.0,6891.0,0.5515,0.3014,0.2175,0.3324,17.0,0.9505,12641.0,Private nonprofit,3,City,9.444779883032243,8.390949464841986,8.684231891345675,8.83811659764782
147660,North Central College,IL,3,2,3,12.0,2428.0,1,,21044.0,11500.0,9075.0,0.2395,0.64,0.4798,0.6773,12.0,0.7733,21044.0,Private nonprofit,3,City,9.95441828120467,7.795234929002173,9.350189267092581,9.113388845899733
147679,North Park University,IL,3,2,3,11.0,1818.0,1,,16948.0,9612.0,8245.0,0.4434,0.5772,0.5019,0.5688,12.0,0.6851,16948.0,Private nonprofit,3,City,9.737964114018055,7.506042178518122,9.170871628065816,9.017483513266844
147703,Northern Illinois University,IL,3,1,3,23.0,11301.0,1,13391.0,,14474.0,11060.0,0.4732,0.4866,0.4672,0.4916,15.0,0.6979,13391.0,Public,3,Suburb,9.502412792729256,9.33273498018979,9.580178302441196,9.311180686902254
147767,Northwestern University,IL,3,2,3,13.0,9201.0,1,,29167.0,48932.0,20322.0,0.1855,0.9513,0.1708,0.9551,6.0,0.0769,29167.0,Private nonprofit,3,City,10.280827496918445,9.127176130715414,10.79820729448214,9.919508528590306
147776,Northeastern Illinois University,IL,3,1,3,11.0,3982.0,1,14109.0,,18253.0,9265.0,0.5567,0.2165,0.192,0.1849,9.0,0.746,14109.0,Public,3,City,9.55463904484686,8.289790583181643,9.812139513076822,9.134107065976593
147828,Olivet Nazarene University,IL,3,2,3,23.0,2603.0,1,,20729.0,8761.0,7582.0,0.3804,0.6084,0.6324,0.6054,15.0,0.5586,20729.0,Private nonprofit,3,Suburb,9.939337205429826,7.86480400332846,9.078179468373843,8.933664178700935
148016,Principia College,IL,3,2,3,41.0,339.0,1,,,32709.0,9209.0,0.0,0.7426,0.0,0.7513,6.0,,,Private nonprofit,3,Rural,,5.8289456176102075,10.39543612053243,9.128045129249353
148131,Quincy University,IL,3,2,3,33.0,1010.0,1,,20359.0,6923.0,6758.0,0.2973,0.4504,0.5434,0.4395,12.0,0.5093,20359.0,Private nonprofit,3,Town,9.921327470664458,6.918695219020472,8.8427489162961,8.818630229100354
148405,Rockford University,IL,3,2,3,12.0,972.0,1,,22436.0,9830.0,6658.0,0.4835,0.472,0.5713,0.4291,10.0,0.9291,22436.0,Private nonprofit,3,City,10.018466660859778,6.880384082186005,9.193295937366925,8.803724602110622
148487,Roosevelt University,IL,3,2,3,11.0,2849.0,1,,20194.0,10228.0,8563.0,0.5132,0.3514,0.5374,0.382,11.0,0.9716,20194.0,Private nonprofit,3,City,9.913190327997514,7.955074273262696,9.232982102457008,9.055322649709574
148496,Dominican University,IL,3,2,3,21.0,2561.0,1,,11745.0,11343.0,8029.0,0.5152,0.5526,0.5002,0.5878,12.0,0.9032,11745.0,Private nonprofit,3,Suburb,9.371268036082466,7.848543482456679,9.336444248771908,8.990939806940807
148584,University of St Francis,IL,3,2,3,21.0,1223.0,1,,13006.0,6677.0,8272.0,0.3934,0.6682,0.7604,0.6569,15.0,0.6529,13006.0,Private nonprofit,3,Suburb,9.47324295306374,7.1098794630722715,8.8065738205036,9.020752479190183
148627,Saint Xavier University,IL,3,2,3,11.0,3096.0,1,,10970.0,7407.0,8124.0,0.5887,0.5661,0.8654,0.5771,16.0,0.843,10970.0,Private nonprofit,3,City,9.30301070681749,8.038189179973203,8.910315776326016,9.002701007197938
148654,University of Illinois Springfield,IL,3,1,3,12.0,2263.0,1,9833.0,,9051.0,9921.0,0.3736,0.5321,0.3681,0.5704,13.0,0.8588,9833.0,Public,3,City,9.193601047971885,7.724888439323074,9.110741006753427,9.202509792860994
149222,Southern Illinois University-Carbondale,IL,3,1,3,32.0,8494.0,1,13297.0,,18042.0,8501.0,0.3883,0.6241,0.4465,0.5904,11.0,0.8688,13297.0,Public,3,Town,9.495368926962401,9.047233034106032,9.800513076908299,9.048056708918736
149231,Southern Illinois University Edwardsville,IL,3,1,3,21.0,8750.0,1,14889.0,,14215.0,9158.0,0.3266,0.5697,0.3835,0.5595,15.0,0.975,14889.0,Public,3,Suburb,9.608445125678054,9.076923258535832,9.562123369834488,9.122492281402987
149329,Telshe Yeshiva-Chicago,IL,3,2,3,11.0,78.0,1,,7626.0,22019.0,4019.0,0.3462,0.0,0.0,0.0256,15.0,,7626.0,Private nonprofit,3,City,8.939449862164238,4.3694478524670215,9.999706410276671,8.299037181613066
149505,Trinity Christian College,IL,3,2,3,21.0,820.0,1,,19125.0,12581.0,7524.0,0.3458,0.5752,0.555,0.6104,10.0,0.8492,19125.0,Private nonprofit,3,Suburb,9.858803944909488,6.710523109452428,9.440022500129976,8.925986089617076
149514,Trinity International University-Illinois,IL,3,2,3,21.0,55.0,1,,2835.0,14768.0,6689.0,0.8929,0.461,0.6143,0.4589,3.0,,2835.0,Private nonprofit,3,Suburb,7.950149887652018,4.02535169073515,9.600285668426311,8.808369153122275
149639,VanderCook College of Music,IL,3,2,3,11.0,76.0,1,,19780.0,8984.0,6945.0,0.2626,0.6667,0.4242,0.5882,5.0,0.8947,19780.0,Private nonprofit,3,City,9.892477160016076,4.343805421853684,9.103311799217659,8.845921233304018
149772,Western Illinois University,IL,3,1,3,33.0,4410.0,1,12937.0,,12650.0,10238.0,0.2806,0.4522,0.3174,0.4497,12.0,0.7118,12937.0,Public,3,Town,9.46792399660393,8.39185670010494,9.44549154241467,9.233959237574817
149781,Wheaton College,IL,3,2,3,21.0,2121.0,1,,26975.0,18388.0,10473.0,0.2171,0.8475,0.4332,0.8563,10.0,0.874,26975.0,Private nonprofit,3,Suburb,10.202702860801582,7.660114319173928,9.819507938740854,9.256651274839433
150066,Anderson University,IN,3,2,3,13.0,1057.0,1,,25021.0,11586.0,6746.0,0.3626,0.5379,0.5826,0.5175,10.0,0.7934,25021.0,Private nonprofit,3,City,10.127510716877346,6.964135612418245,9.357639058997062,8.816853240627426
150136,Ball State University,IN,3,1,3,13.0,13988.0,1,14940.0,,10844.0,8408.0,0.3471,0.6234,0.4262,0.6282,14.0,0.855,14940.0,Public,3,City,9.611864390851085,9.546026585476431,9.291459423260974,9.037057839832897
150145,Bethel University,IN,3,2,3,13.0,1008.0,1,,18610.0,8969.0,6402.0,0.3349,0.5322,0.4578,0.5496,12.0,0.9766,18610.0,Private nonprofit,3,City,9.831508082743964,6.9167150203536085,9.101640955052842,8.764521909518802
150163,Butler University,IN,3,2,3,11.0,4317.0,1,,36041.0,14447.0,9694.0,0.1505,0.8038,0.4266,0.8028,11.0,0.8508,36041.0,Private nonprofit,3,City,10.492440204078216,8.370547611074752,9.578311275656766,9.179365567676752
150172,Calumet College of Saint Joseph,IN,3,2,3,21.0,529.0,1,,22451.0,7751.0,6093.0,0.5161,0.2286,0.5429,0.2624,11.0,,22451.0,Private nonprofit,3,Suburb,10.01913497606209,6.272877006546167,8.955706153570603,8.715059959545654
150400,DePauw University,IN,3,2,3,32.0,1905.0,1,,22264.0,24399.0,10094.0,0.1637,0.7469,0.317,0.7741,10.0,0.5719,22264.0,Private nonprofit,3,Town,10.010771217755803,7.552762084214147,10.102338411281293,9.219795530746937
150455,Earlham College,IN,3,2,3,32.0,670.0,1,,24714.0,38316.0,8169.0,0.2441,0.69,0.4331,0.6846,7.0,0.7311,24714.0,Private nonprofit,3,Town,10.11516562574106,6.508769136971682,10.553648940919915,9.008224187854049
150534,University of Evansville,IN,3,2,3,12.0,1539.0,1,,18499.0,14219.0,8723.0,0.2447,0.6446,0.4124,0.6766,10.0,0.776,18499.0,Private nonprofit,3,City,9.825526011066415,7.3395376954076745,9.562404703357231,9.07383312732152
150604,Franklin College,IN,3,2,3,21.0,900.0,1,,22855.0,10297.0,7146.0,0.3644,0.603,0.5423,0.6184,12.0,0.698,22855.0,Private nonprofit,3,Suburb,10.036968943910608,6.803505257608338,9.239704980606087,8.874447967219979
150668,Goshen College,IN,3,2,3,13.0,773.0,1,,14493.0,14298.0,6513.0,0.3583,0.65,0.4748,0.6265,9.0,0.8407,14493.0,Private nonprofit,3,City,9.581490049669227,6.651571873589727,9.567944883732848,8.781708985836179
150677,Grace College and Theological Seminary,IN,3,2,3,32.0,1464.0,1,,19932.0,7409.0,7538.0,0.2906,0.6877,0.4975,0.6937,23.0,0.8215,19932.0,Private nonprofit,3,Town,9.900131928722766,7.289610521451167,8.910585718290132,8.927844826211702
150756,Hanover College,IN,3,2,3,32.0,1031.0,1,,21829.0,21982.0,8708.0,0.2583,0.6713,0.5166,0.6538,11.0,0.837,21829.0,Private nonprofit,3,Town,9.99104044954399,6.939253946041508,9.998024706360116,9.07211225269274
150774,Holy Cross College,IN,3,2,3,21.0,639.0,1,,26728.0,7260.0,7176.0,0.2975,0.7289,0.7065,0.4972,13.0,0.7518,26728.0,Private nonprofit,3,Suburb,10.193504397284627,6.461468176353717,8.890272839380247,8.878636747430072
150941,Huntington University,IN,3,2,3,32.0,1082.0,1,,19310.0,11842.0,6692.0,0.2737,0.636,0.3904,0.6579,11.0,0.7564,19310.0,Private nonprofit,3,Town,9.868430160720726,6.9874902470009905,9.379492254721495,8.808817483100642
151102,Purdue University Fort Wayne,IN,3,1,3,11.0,5484.0,1,13171.0,,10031.0,8912.0,0.2477,0.3627,0.2402,0.3438,13.0,0.8389,13171.0,Public,3,City,9.485848643496254,8.609772372709331,9.213535262872702,9.095266164130717
151111,Indiana University-Indianapolis,IN,3,1,3,11.0,13830.0,1,11668.0,,23466.0,9620.0,0.373,0.5445,0.3316,0.5414,13.0,0.7637,11668.0,Public,3,City,9.364691031806107,9.534667728624708,10.063350457922596,9.171703488361265
151263,University of Indianapolis,IN,3,2,3,11.0,3005.0,1,,21602.0,10874.0,8128.0,0.3258,0.5582,0.3816,0.5582,12.0,0.665,21602.0,Private nonprofit,3,City,9.980587472916977,8.00836557031292,9.294221855956884,9.003193193746572
151290,Indiana Institute of Technology,IN,3,2,3,11.0,1441.0,1,,23206.0,3202.0,9234.0,0.3518,0.4779,0.689,0.378,16.0,0.7039,23206.0,Private nonprofit,3,City,10.052209236282758,7.273786317844895,8.071843149609158,9.13075589263334
151324,Indiana State University,IN,3,1,3,13.0,6188.0,1,10873.0,,11403.0,8104.0,0.4156,0.4288,0.2599,0.4192,16.0,0.8077,10873.0,Public,3,City,9.294129897705867,8.73052880173936,9.341719450032562,9.000236434169777
151333,Indiana University-Kokomo,IN,3,1,3,13.0,2352.0,1,3968.0,,6947.0,7243.0,0.334,0.4561,0.3007,0.452,15.0,0.8648,3968.0,Public,3,City,8.286269452783065,7.763446388727362,8.846209127360996,8.887928819003305
151342,Indiana University-South Bend,IN,3,1,3,12.0,3933.0,1,8653.0,,7700.0,7053.0,0.4267,0.4009,0.3494,0.3786,15.0,0.8384,8653.0,Public,3,City,9.06577692078483,8.277411998949004,8.94910546953925,8.861350110795998
151351,Indiana University-Bloomington,IN,3,1,3,13.0,37806.0,1,16264.0,,15334.0,12043.0,0.1676,0.8021,0.2695,0.8069,18.0,0.7821,16264.0,Public,3,City,9.696770838907451,10.540249549648204,9.637893076548352,9.396321889601625
151360,Indiana University-Northwest,IN,3,1,3,21.0,2661.0,1,5130.0,,9136.0,7562.0,0.4255,0.3738,0.3366,0.3713,15.0,0.7339,5130.0,Public,3,Suburb,8.543055850941965,7.8868329989550565,9.120087382998621,8.93102321585603
151379,Indiana University-Southeast,IN,3,1,3,21.0,3170.0,1,7888.0,,8868.0,7962.0,0.3229,0.3919,0.294,0.3642,13.0,0.8446,7888.0,Public,3,Suburb,8.97322466309509,8.061802274538348,9.090317329376452,8.982561092257445
151388,Indiana University-East,IN,3,1,3,32.0,2589.0,1,8134.0,,7603.0,8046.0,0.3543,0.3958,0.3361,0.4228,15.0,0.6722,8134.0,Public,3,Town,9.003931019653137,7.859413154693583,8.93642970360832,8.993054630146133
151777,Manchester University,IN,3,2,3,32.0,936.0,1,,18805.0,11801.0,8154.0,0.447,0.4608,0.7005,0.4547,12.0,0.7106,18805.0,Private nonprofit,3,Town,9.841931246837023,6.842683282238422,9.376024287617113,9.006386515055114
151786,Marian University,IN,3,2,3,11.0,2266.0,1,,24018.0,12128.0,7727.0,0.2853,0.6722,0.6609,0.6444,13.0,0.9546,24018.0,Private nonprofit,3,City,10.086600462793985,7.726212650507529,9.40335455830888,8.952605375892354
151801,Indiana Wesleyan University-Marion,IN,3,2,3,32.0,1974.0,1,,22866.0,15953.0,8247.0,0.2708,0.6671,0.7124,0.6651,12.0,0.8894,22866.0,Private nonprofit,3,Town,10.037450102199095,7.5883236773352225,9.677464860471074,9.017726025696795
152080,University of Notre Dame,IN,3,2,3,21.0,8818.0,1,,26780.0,38658.0,16830.0,0.1374,0.9517,0.2467,0.96,8.0,0.1127,26780.0,Private nonprofit,3,Suburb,10.195447959847472,9.08466376388818,10.562534885899066,9.730977703126166
152099,Oakland City University,IN,3,2,3,42.0,499.0,1,,15210.0,8592.0,6073.0,0.4071,0.6552,0.424,0.6759,13.0,0.8251,15210.0,Private nonprofit,3,Rural,9.629774129311743,6.214608098422191,9.058703197313223,8.711772645605693
152318,Rose-Hulman Institute of Technology,IN,3,2,3,13.0,2309.0,1,,42513.0,19963.0,11761.0,0.1181,0.7816,0.4143,0.8002,12.0,0.7686,42513.0,Private nonprofit,3,City,10.657588712433071,7.745002803515839,9.9016859305895,9.372629275019902
152336,University of Saint Francis-Fort Wayne,IN,3,2,3,11.0,1567.0,1,,18196.0,11311.0,7265.0,0.4385,0.5497,0.614,0.5821,11.0,0.9597,18196.0,Private nonprofit,3,City,9.809012024313242,7.357556200910353,9.333619388136354,8.890961212781146
152381,Saint Mary-of-the-Woods College,IN,3,2,3,41.0,853.0,1,,31872.0,5714.0,5652.0,0.4989,0.4663,0.4833,0.4915,9.0,0.7239,31872.0,Private nonprofit,3,Rural,10.369514535394131,6.74993119378857,8.65084957622891,8.63994165667529
152390,Saint Mary's College,IN,3,2,3,21.0,1458.0,1,,25292.0,16031.0,7935.0,0.2388,0.6933,0.5604,0.7274,9.0,0.7597,25292.0,Private nonprofit,3,Suburb,10.138282956590785,7.285506548522785,9.68234200388459,8.979164648964709
152530,Taylor University,IN,3,2,3,42.0,2025.0,1,,24865.0,11366.0,7744.0,0.1349,0.7381,0.2909,0.7508,14.0,0.7353,24865.0,Private nonprofit,3,Rural,10.121256687512883,7.613818684808629,9.33846969968671,8.954802752850968
152567,Trine University,IN,3,2,3,32.0,2324.0,1,,25355.0,7288.0,8043.0,0.1556,0.6438,0.3878,0.6594,16.0,0.8548,25355.0,Private nonprofit,3,Town,10.140770667404057,7.751475318021456,8.894121641382213,8.992681750892542
152600,Valparaiso University,IN,3,2,3,23.0,2083.0,1,,18578.0,11626.0,8127.0,0.2732,0.7037,0.5193,0.6865,10.0,0.8943,18578.0,Private nonprofit,3,Suburb,9.82978718960617,7.642044402873258,9.361085258668608,9.003070169818264
152673,Wabash College,IN,3,2,3,32.0,866.0,1,,24336.0,19824.0,9533.0,0.2367,0.7701,0.6178,0.7703,9.0,0.633,24336.0,Private nonprofit,3,Town,10.099753105042092,6.7650389767805414,9.89469904650305,9.162619635764772
152992,Briar Cliff University,IA,3,2,4,13.0,624.0,1,,23907.0,10458.0,6888.0,0.5318,0.4751,0.4809,0.4838,10.0,,23907.0,Private nonprofit,4,City,10.081968409944144,6.437751649736401,9.255218130754269,8.837681215593197
153001,Buena Vista University,IA,3,2,4,33.0,1366.0,1,,18846.0,7966.0,6912.0,0.4376,0.6169,0.6706,0.5446,13.0,0.7761,18846.0,Private nonprofit,4,Town,9.844109029016629,7.220373836723949,8.983063289380366,8.841158975945264
153108,Central College,IA,3,2,4,32.0,1070.0,1,,23377.0,13107.0,7780.0,0.2228,0.6619,0.7023,0.6778,11.0,0.8617,23377.0,Private nonprofit,4,Town,10.059550688167716,6.976348070447749,9.480978009818704,8.95944014361693
153126,Clarke University,IA,3,2,4,13.0,742.0,1,,24479.0,10352.0,6842.0,0.3673,0.5612,0.7384,0.5559,9.0,0.7183,24479.0,Private nonprofit,4,City,10.105611736626262,6.610696044717759,9.245031611766112,8.830981510952498
153144,Coe College,IA,3,2,4,12.0,1164.0,1,,18745.0,10383.0,7291.0,0.3584,0.659,0.6784,0.6242,11.0,0.6404,18745.0,Private nonprofit,4,City,9.838735675306431,7.060476365999801,9.248021438943871,8.894533135798554
153162,Cornell College,IA,3,2,4,31.0,1086.0,1,,23634.0,13213.0,7926.0,0.3207,0.6182,0.6534,0.6678,14.0,0.799,23634.0,Private nonprofit,4,Town,10.070483943227337,6.99117688712121,9.48903215258983,8.978029932837156
153250,Dordt University,IA,3,2,4,33.0,1597.0,1,,25807.0,11202.0,7251.0,0.2018,0.7014,0.4088,0.6763,14.0,0.6847,25807.0,Private nonprofit,4,Town,10.15843980036499,7.37650812632622,9.323936878558722,8.889032571874742
153269,Drake University,IA,3,2,4,12.0,2543.0,1,,29127.0,13803.0,10431.0,0.2169,0.7403,0.4445,0.7568,11.0,0.6385,29127.0,Private nonprofit,4,City,10.27945518985527,7.841492924460013,9.532713684217894,9.252633284166434
153278,University of Dubuque,IA,3,2,4,13.0,1440.0,1,,23386.0,13822.0,7559.0,0.3984,0.4008,0.7019,0.4056,10.0,0.8863,23386.0,Private nonprofit,4,City,10.05993559141207,7.273092595999522,9.534089150464357,8.930626469173578
153320,Faith Baptist Bible College and Theological Seminary,IA,3,2,4,21.0,405.0,1,,16282.0,6214.0,5909.0,0.3533,0.6753,0.2085,0.6395,14.0,0.6752,16282.0,Private nonprofit,4,Suburb,9.697876897764221,6.0063531596017325,8.734721003944811,8.684401110400144
153366,Graceland University-Lamoni,IA,3,2,4,43.0,798.0,1,,18504.0,11650.0,6885.0,0.4923,0.4195,0.7758,0.4019,12.0,0.8083,18504.0,Private nonprofit,4,Rural,9.825796244820257,6.683360945766275,9.36314729221994,8.83724564389847
153375,Grand View University,IA,3,2,4,12.0,1486.0,1,,21774.0,7383.0,7384.0,0.4504,0.5399,0.7154,0.5489,12.0,0.9909,21774.0,Private nonprofit,4,City,9.988517801720704,7.304515946460155,8.907070776182689,8.90720619496548
153384,Grinnell College,IA,3,2,4,33.0,1729.0,1,,17648.0,32882.0,12576.0,0.1786,0.8812,0.1273,0.878,9.0,0.1451,17648.0,Private nonprofit,4,Town,9.778434403532566,7.455876687491824,10.400711085883833,9.439625028047155
153603,Iowa State University,IA,3,1,4,13.0,25367.0,1,18589.0,,12347.0,12702.0,0.1877,0.7532,0.4334,0.7539,18.0,0.8866,18589.0,Public,4,City,9.83037908071549,10.141243816218184,9.42124938562205,9.44959346502346
153658,University of Iowa,IA,3,1,4,13.0,22264.0,1,22531.0,,15714.0,12922.0,0.1835,0.7463,0.4185,0.7385,16.0,0.8362,22531.0,Public,4,City,10.022691800014604,10.010771217755803,9.662370949231669,9.466763948525191
153825,Loras College,IA,3,2,4,13.0,1083.0,1,,20716.0,8934.0,7039.0,0.2336,0.676,0.5805,0.6869,12.0,0.9986,20716.0,Private nonprofit,4,City,9.93870989824589,6.988413181999592,9.097731427593528,8.859363449152088
153834,Luther College,IA,3,2,4,33.0,1379.0,1,,23097.0,17234.0,8115.0,0.2044,0.7112,0.648,0.7299,9.0,0.7154,23097.0,Private nonprofit,4,Town,10.047501312675033,7.22983877815125,9.754697478950966,9.001592700945706
153861,Maharishi International University,IA,3,2,4,33.0,922.0,1,,14956.0,7694.0,4582.0,0.5689,0.5,0.6525,0.3429,13.0,0.957,14956.0,Private nonprofit,4,Town,9.612934696659327,6.827629234502852,8.94832604627298,8.430109084509125
153977,Mercy College of Health Sciences,IA,3,2,4,12.0,867.0,1,,26924.0,9862.0,6328.0,0.3392,0.6552,0.6331,0.5625,7.0,0.9971,26924.0,Private nonprofit,4,City,10.20081050202459,6.7661917146603505,9.196545660953994,8.752897524775305
154004,Morningside University,IA,3,2,4,13.0,1163.0,1,,31320.0,8726.0,7538.0,0.3387,0.5014,0.6604,0.5151,12.0,0.7104,31320.0,Private nonprofit,4,City,10.35204407807524,7.059617628291383,9.074176947163311,8.927844826211702
154013,Mount Mercy University,IA,3,2,4,12.0,1107.0,1,,20168.0,7653.0,6815.0,0.2667,0.5774,0.5342,0.5681,14.0,0.8252,20168.0,Private nonprofit,4,City,9.911902051137146,7.010311867307229,8.942983665985647,8.827028068509152
154022,The University of Arizona Global Campus,AZ,3,1,6,11.0,20152.0,1,,31266.0,1727.0,7113.0,0.3207,0.1068,0.332,0.0974,13.0,,,Public,6,City,,9.911108439667489,7.454719949364001,8.8698199525084
154095,University of Northern Iowa,IA,3,1,4,13.0,7529.0,1,15901.0,,11070.0,8542.0,0.2739,0.6792,0.4639,0.6845,18.0,0.9274,15901.0,Public,4,City,9.674200166461429,8.92665032079394,9.312084355859467,9.052867513151618
154101,Northwestern College,IA,3,2,4,32.0,1175.0,1,,25907.0,8295.0,7580.0,0.247,0.6605,0.5611,0.6479,15.0,0.8036,25907.0,Private nonprofit,4,Town,10.162307080302808,7.069874128458572,9.023528749909364,8.933400396056303
154235,Saint Ambrose University,IA,3,2,4,12.0,1916.0,1,,24691.0,11705.0,7663.0,0.3155,0.6103,0.6443,0.6197,11.0,0.7733,24691.0,Private nonprofit,4,City,10.114234583513786,7.558516743045645,9.367856809851165,8.944289319650697
154350,Simpson College,IA,3,2,4,31.0,1227.0,1,,21936.0,12667.0,6723.0,0.3456,0.6333,0.7061,0.6439,12.0,0.8622,21936.0,Private nonprofit,4,Town,9.995929987925688,7.113142108707088,9.44683440765853,8.813438494528507
154493,Upper Iowa University,IA,3,2,4,43.0,1994.0,1,,20942.0,4027.0,6035.0,0.3179,0.3389,0.4046,0.3803,25.0,0.9646,20942.0,Private nonprofit,4,Rural,9.949559740638511,7.598399329323964,8.301025253838453,8.70549681988774
154518,Waldorf University,IA,3,2,4,43.0,1827.0,1,,19693.0,3138.0,5766.0,0.3552,0.2114,0.3934,0.2404,22.0,0.7698,19693.0,Private nonprofit,4,Rural,9.888069299807748,7.510977752014095,8.051659556841953,8.659907293615413
154527,Wartburg College,IA,3,2,4,32.0,1452.0,1,,32908.0,10199.0,7194.0,0.2212,0.643,0.6726,0.6554,13.0,0.7584,32908.0,Private nonprofit,4,Town,10.401501455574783,7.2813856635702825,9.230142999272362,8.881141619321468
154590,William Penn University,IA,3,2,4,33.0,1301.0,1,,22601.0,5781.0,6394.0,0.4727,0.3262,0.8772,0.3095,15.0,0.5188,22601.0,Private nonprofit,4,Town,10.025793676920095,7.171656822768514,8.662504922576291,8.763271714012943
154688,Baker University,KS,3,2,4,42.0,1100.0,1,,25301.0,8182.0,6570.0,0.2574,0.5779,0.4434,0.586,13.0,0.9419,25301.0,Private nonprofit,4,Rural,10.138638722974616,7.00397413672268,9.009814110527381,8.790421306897867
154712,Benedictine College,KS,3,2,4,32.0,2272.0,1,,27891.0,8346.0,8331.0,0.1878,0.6158,0.4906,0.631,16.0,0.9812,27891.0,Private nonprofit,4,Town,10.2360951883409,7.728855823852543,9.029657471850737,9.027858802380862
154721,Bethany College,KS,3,2,4,43.0,569.0,1,,27686.0,6693.0,4596.0,0.4819,0.3574,0.7017,0.3228,12.0,0.56,27686.0,Private nonprofit,4,Rural,10.228718267933687,6.345636360828596,8.808966881771273,8.433159195806228
154749,Bethel College-North Newton,KS,3,2,4,32.0,504.0,1,,32917.0,8421.0,6033.0,0.4056,0.4112,0.7058,0.4217,11.0,0.935,32917.0,Private nonprofit,4,Town,10.401774899604014,6.22455842927536,9.038602608721874,8.705165419719007
154855,Central Christian College of Kansas,KS,3,2,4,33.0,380.0,1,,11404.0,3254.0,4534.0,0.524,0.2697,0.6979,0.2485,15.0,0.5271,11404.0,Private nonprofit,4,Town,9.341807134718488,5.942799375126701,8.08794755464267,8.419580362549237
155025,Emporia State University,KS,3,1,4,33.0,2239.0,1,16261.0,,8688.0,6918.0,0.3449,0.561,0.59,0.5524,16.0,0.9771,16261.0,Public,4,Town,9.696586376767783,7.7142311448490855,9.069813136839207,8.842026529498812
155061,Fort Hays State University,KS,3,1,4,33.0,9733.0,1,12569.0,,6655.0,7997.0,0.2278,0.477,0.243,0.4778,15.0,0.9026,12569.0,Public,4,Town,9.439068301584292,9.1833801903934,8.803273982501045,8.986946789406764
155070,Barclay College,KS,3,2,4,43.0,168.0,1,,29290.0,7867.0,6275.0,0.5148,0.3226,0.5207,0.4333,8.0,0.5098,29290.0,Private nonprofit,4,Rural,10.285035580584145,5.1298987149230735,8.97055917950895,8.744488113852924
155089,Friends University,KS,3,2,4,11.0,1048.0,1,,27715.0,5033.0,7013.0,0.3021,0.4335,0.5788,0.5245,12.0,0.5522,27715.0,Private nonprofit,4,City,10.229765142747272,6.955592608396297,8.523970175695261,8.855663430700124
155308,Kansas Christian College,KS,3,2,4,12.0,143.0,1,,15313.0,5673.0,2555.0,0.6294,0.098,0.6014,0.1744,10.0,,15313.0,Private nonprofit,4,City,9.63652272167307,4.969813299576001,8.643649615368796,7.846198815497425
155317,University of Kansas,KS,3,1,4,13.0,21217.0,1,18059.0,,22979.0,11338.0,0.2047,0.6881,0.3735,0.688,18.0,0.9348,18059.0,Public,4,City,9.801454826970977,9.962605157019217,10.042379551402746,9.33600338997184
155335,Newman University,KS,3,2,4,11.0,851.0,1,,19971.0,5539.0,6512.0,0.1226,0.5281,0.1668,0.5333,16.0,0.7398,19971.0,Private nonprofit,4,City,9.902086571620499,6.747586526829315,8.61974977974133,8.781555458546402
155399,Kansas State University,KS,3,1,4,13.0,15142.0,1,19406.0,,12603.0,10853.0,0.2071,0.7108,0.3629,0.7078,19.0,0.8169,19406.0,Public,4,City,9.873389104712095,9.625293657956655,9.441769502877165,9.29228895462335
155414,Kansas Wesleyan University,KS,3,2,4,33.0,956.0,1,,22671.0,5144.0,6316.0,0.3915,0.4863,0.7086,0.4299,16.0,0.719,22671.0,Private nonprofit,4,Town,10.028885961930461,6.863803391452954,8.545780648268149,8.7509996908987
155496,Manhattan Christian College,KS,3,2,4,13.0,146.0,1,,24213.0,5608.0,5504.0,0.4681,0.4429,0.5674,0.4965,10.0,1.0,24213.0,Private nonprofit,4,City,10.094686257267686,4.990432586778736,8.632127729508337,8.61341204915678
155511,McPherson College,KS,3,2,4,33.0,872.0,1,,26441.0,10231.0,7375.0,0.3794,0.3392,0.6371,0.4367,16.0,0.7676,26441.0,Private nonprofit,4,Town,10.182708934070043,6.771935555839602,9.23327534325868,8.90598676523643
155520,MidAmerica Nazarene University,KS,3,2,4,21.0,983.0,1,,32165.0,6776.0,6477.0,0.3122,0.5361,0.5232,0.4935,11.0,0.788,32165.0,Private nonprofit,4,Suburb,10.378665273055592,6.891625897052253,8.821289805136113,8.776167099731275
155627,Ottawa University-Ottawa,KS,3,2,4,32.0,870.0,1,,27963.0,2407.0,6778.0,0.3675,0.279,0.7553,0.2827,12.0,0.8296,27963.0,Private nonprofit,4,Town,10.238673247631876,6.769641976852503,7.786551806428712,8.821584877430965
155681,Pittsburg State University,KS,3,1,4,32.0,4210.0,1,15784.0,,9572.0,8130.0,0.3046,0.5659,0.4148,0.5709,14.0,0.8942,15784.0,Public,4,Town,9.666815400992093,8.345455428161928,9.166701914946353,9.003439196207838
155812,University of Saint Mary,KS,3,2,4,31.0,925.0,1,,22519.0,8885.0,6758.0,0.3815,0.4776,0.6946,0.4585,11.0,0.8663,22519.0,Private nonprofit,4,Town,10.022159082253626,6.8308742346461795,9.092232283495854,8.818630229100354
155900,Southwestern College,KS,3,2,4,32.0,924.0,1,,29824.0,6496.0,6799.0,0.4085,0.3568,0.4855,0.3458,10.0,0.7555,29824.0,Private nonprofit,4,Town,10.303102246966116,6.829793737512425,8.77909581088053,8.824677891164198
155937,Sterling College,KS,3,2,4,43.0,538.0,1,,22371.0,6665.0,4904.0,0.3706,0.4129,0.4882,0.3414,8.0,0.4817,22371.0,Private nonprofit,4,Rural,10.015565455941479,6.289715570908998,8.804775258867686,8.498010371999463
155973,Tabor College,KS,3,2,4,43.0,494.0,1,,20205.0,8066.0,6159.0,0.3804,0.3374,0.5938,0.3334,15.0,0.6458,20205.0,Private nonprofit,4,Rural,9.913734868987678,6.20455776256869,8.995536944936974,8.725832056527565
156082,Washburn University,KS,3,1,4,12.0,4562.0,1,15280.0,,10422.0,8816.0,0.3359,0.5296,0.3103,0.5278,15.0,,15280.0,Public,4,City,9.634365505605258,8.425735580927402,9.251770181739323,9.084436955087027
156125,Wichita State University,KS,3,1,4,11.0,10780.0,1,13194.0,,9179.0,9205.0,0.3055,0.5103,0.3172,0.5122,19.0,0.9395,13194.0,Public,4,City,9.487593248937424,9.285540604539118,9.124782483614537,9.127610724377186
156189,Alice Lloyd College,KY,3,2,5,43.0,558.0,1,,18600.0,6694.0,5404.0,0.5829,0.3892,0.4385,0.3239,15.0,0.7523,18600.0,Private nonprofit,5,Rural,9.83097062169695,6.326149473155099,8.809116258125274,8.595079730073309
156213,Asbury University,KY,3,2,5,31.0,1420.0,1,,21401.0,10617.0,7374.0,0.2767,0.6498,0.4078,0.6499,13.0,0.634,21401.0,Private nonprofit,5,Town,9.971239654586947,7.259116128097101,9.270305953143616,8.905851181208021
156286,Bellarmine University,KY,3,2,5,11.0,2161.0,1,,21499.0,11447.0,8508.0,0.3071,0.6436,0.4892,0.6609,12.0,0.8611,21499.0,Private nonprofit,5,City,9.975808214115753,7.6787889981991535,9.345570321236286,9.048879705849558
156295,Berea College,KY,3,2,5,32.0,1513.0,1,,6106.0,23470.0,9259.0,0.8373,0.5822,0.076,0.6012,9.0,0.1934,6106.0,Private nonprofit,5,Town,8.717190933223135,7.322510433997394,10.063520895521542,9.133459327640225
156356,Brescia University,KY,3,2,5,13.0,545.0,1,,8709.0,8749.0,6182.0,0.4265,0.5371,0.5191,0.5099,13.0,0.3524,8709.0,Private nonprofit,5,City,9.072227069846548,6.302618975744905,9.07680897935166,8.729558869558568
156365,Campbellsville University,KY,3,2,5,32.0,2840.0,1,,19341.0,5539.0,6787.0,0.2005,0.4201,0.1847,0.4431,19.0,0.7974,19341.0,Private nonprofit,5,Town,9.870034176276908,7.951911381854188,8.61974977974133,8.822911626354117
156408,Centre College,KY,3,2,5,32.0,1400.0,1,,20781.0,24174.0,9723.0,0.2264,0.8067,0.4867,0.8312,10.0,0.5436,20781.0,Private nonprofit,5,Town,9.941842506412591,7.244941546337007,10.093074320321495,9.182352335436015
156417,Clear Creek Baptist Bible College,KY,3,2,5,42.0,159.0,1,,10949.0,5453.0,4702.0,0.4485,0.3846,0.0,0.425,12.0,,10949.0,Private nonprofit,5,Rural,9.301094735244646,5.075173815233827,8.604104563405533,8.455955881945048
156471,Galen College of Nursing-Louisville,KY,3,3,5,11.0,4801.0,1,,18540.0,3793.0,6905.0,0.2461,0.6146,0.3487,0.6223,12.0,,18540.0,Private for-profit,5,City,9.827739775097854,8.4767877767812,8.24117615049496,8.840145877949938
156541,University of the Cumberlands,KY,3,2,5,33.0,6941.0,1,,14107.0,2932.0,6548.0,0.5338,0.5043,0.6788,0.4843,23.0,0.9881,14107.0,Private nonprofit,5,Town,9.554497291355943,8.845345196421732,7.983781068977451,8.787067645218054
156620,Eastern Kentucky University,KY,3,1,5,32.0,12318.0,1,11040.0,,9026.0,7826.0,0.411,0.5004,0.4071,0.4989,17.0,0.7761,11040.0,Public,5,Town,9.309370895439137,9.418898064961974,9.107975365298154,8.965334573804839
156745,Georgetown College,KY,3,2,5,31.0,1097.0,1,,14095.0,4574.0,6502.0,0.3533,0.4885,0.4825,0.4815,13.0,0.9106,14095.0,Private nonprofit,5,Town,9.553646348175961,7.001245622069476,8.428361977709622,8.780018887869153
157030,Kentucky Mountain Bible College,KY,3,2,5,43.0,69.0,1,,9337.0,7797.0,1050.0,0.5402,0.6429,0.2414,0.5517,9.0,1.0,9337.0,Private nonprofit,5,Rural,9.141847375530883,4.248495242049359,8.961622569542543,6.957497370876951
157058,Kentucky State University,KY,3,1,5,32.0,1309.0,1,8040.0,,6140.0,7036.0,0.5834,0.319,0.5608,0.2952,10.0,0.9608,8040.0,Public,5,Town,8.99230873254815,7.177782416195197,8.722742874329398,8.85893722196655
157076,Kentucky Wesleyan College,KY,3,2,5,13.0,842.0,1,,17131.0,5847.0,6353.0,0.4952,0.468,0.6103,0.4932,15.0,0.716,17131.0,Private nonprofit,5,City,9.748703338735261,6.736966958001855,8.673855001429615,8.756839814829462
157085,University of Kentucky,KY,3,1,5,11.0,24763.0,1,18851.0,,13191.0,11984.0,0.2252,0.7142,0.3366,0.7069,18.0,0.9294,18851.0,Public,5,City,9.844374288043621,10.117146264639123,9.487365864239434,9.391411146868485
157100,Kentucky Christian University,KY,3,2,5,32.0,429.0,1,,24038.0,7212.0,4770.0,0.4314,0.3667,0.6163,0.352,12.0,0.6091,24038.0,Private nonprofit,5,Town,10.087432790446181,6.063785208687608,8.883640232503673,8.470311205516108
157216,Lindsey Wilson University,KY,3,2,5,33.0,1585.0,1,,15070.0,3762.0,6512.0,0.5244,0.4406,0.5014,0.4109,16.0,,15070.0,Private nonprofit,5,Town,9.620527646419676,7.368970402194793,8.232971790593437,8.781555458546402
157289,University of Louisville,KY,3,1,5,11.0,14727.0,1,17988.0,,17552.0,9671.0,0.306,0.6123,0.2813,0.6096,14.0,0.7941,17988.0,Public,5,City,9.797515738962685,9.597505722912913,9.772980154456345,9.176990392294629
157377,Midway University,KY,3,2,5,42.0,1262.0,1,,29579.0,5606.0,7349.0,0.3195,0.4069,0.4446,0.4298,15.0,0.9514,29579.0,Private nonprofit,5,Rural,10.294853736264791,7.141245122350491,8.631771096123673,8.902455592206882
157386,Morehead State University,KY,3,1,5,33.0,4578.0,1,9793.0,,10768.0,7788.0,0.2955,0.5219,0.3352,0.5004,16.0,0.7721,9793.0,Public,5,Town,9.189525232262262,8.429235912657095,9.284426915328881,8.960467760919949
157401,Murray State University,KY,3,1,5,32.0,6688.0,1,9096.0,,10232.0,7855.0,0.3332,0.6132,0.3535,0.6039,17.0,0.8568,9096.0,Public,5,Town,9.115699967822062,8.808219665118408,9.233373071086755,8.969032850034301
157447,Northern Kentucky University,KY,3,1,5,21.0,8246.0,1,8191.0,,9637.0,8693.0,0.2523,0.5224,0.3095,0.5019,19.0,0.6765,8191.0,Public,5,Suburb,9.010913347279288,9.017604776833355,9.173468897200278,9.070388411548738
157535,University of Pikeville,KY,3,2,5,33.0,1135.0,1,,20311.0,11189.0,7086.0,0.3803,0.4167,0.6573,0.4039,14.0,,20311.0,Private nonprofit,5,Town,9.918967123384514,7.035268599281097,9.322775801305971,8.866017398810255
157748,The Southern Baptist Theological Seminary,KY,3,2,5,11.0,848.0,1,,,5040.0,8442.0,0.0,0.4025,0.0,0.4176,16.0,0.5587,,Private nonprofit,5,City,,6.744059186311348,8.525359754082631,9.0410929746695
157757,Spalding University,KY,3,2,5,11.0,583.0,1,,25491.0,11748.0,8066.0,0.3583,0.5167,0.5899,0.5436,9.0,0.9945,25491.0,Private nonprofit,5,City,10.146119956434184,6.369900982828227,9.371523409567573,8.995536944936974
157809,Thomas More University,KY,3,2,5,21.0,1293.0,1,,21835.0,7094.0,6727.0,0.2305,0.405,0.5313,0.4033,14.0,0.9035,21835.0,Private nonprofit,5,Suburb,9.991315262901649,7.165493475060845,8.867145589594143,8.814033201652784
157818,Transylvania University,KY,3,2,5,11.0,1005.0,1,,21913.0,12370.0,10145.0,0.2625,0.7148,0.4691,0.7064,10.0,0.8655,21913.0,Private nonprofit,5,City,9.99488098096534,6.913737350659685,9.423110302862831,9.224834818126634
157863,Union Commonwealth University,KY,3,2,5,33.0,746.0,1,,21311.0,5205.0,5687.0,0.527,0.3213,0.6054,0.3419,14.0,0.6315,21311.0,Private nonprofit,5,Town,9.967025573340116,6.616065185132817,8.55756708555451,8.646113971483077
157951,Western Kentucky University,KY,3,1,5,13.0,12155.0,1,10990.0,,9271.0,8169.0,0.3048,0.5556,0.3467,0.5459,19.0,0.9387,10990.0,Public,5,City,9.3048320350689,9.405578154036684,9.134754385019587,9.008224187854049
158477,Centenary College of Louisiana,LA,3,2,5,12.0,685.0,1,,23624.0,11660.0,7808.0,0.4484,0.5621,0.6935,0.5806,8.0,0.5574,23624.0,Private nonprofit,5,City,10.070060752361943,6.530877627725885,9.364005219520333,8.963032193662675
158802,Dillard University,LA,3,2,5,11.0,1063.0,1,,22094.0,7241.0,7271.0,0.6965,0.4328,0.7932,0.4414,14.0,0.4186,22094.0,Private nonprofit,5,City,10.00310661756484,6.96979066990159,8.887652690325586,8.891786635857315
159009,Grambling State University,LA,3,1,5,32.0,4164.0,1,19809.0,,4469.0,6296.0,0.7497,0.3616,0.7782,0.3424,25.0,0.4486,19809.0,Public,5,Town,9.893942139692596,8.334471554600944,8.405143687607614,8.747828608488742
159382,Louisiana State University at Alexandria,LA,3,1,5,41.0,5632.0,1,7065.0,,5430.0,7220.0,0.3538,0.3422,0.364,0.3486,33.0,0.9208,7065.0,Public,5,Rural,8.86304982791909,8.636397438894713,8.599878558034845,8.884748726451182
159391,Louisiana State University and Agricultural & Mechanical College,LA,3,1,5,12.0,30594.0,1,19151.0,,10884.0,11474.0,0.2655,0.6881,0.299,0.6979,21.0,0.7333,19151.0,Public,5,City,9.860162427797754,10.328591875896642,9.295140973668648,9.347926034928745
159416,Louisiana State University-Shreveport,LA,3,1,5,12.0,2153.0,1,7022.0,,8387.0,9562.0,0.3862,0.3754,0.2932,0.3543,30.0,0.5055,7022.0,Public,5,City,8.856945756159021,7.675081857716334,9.03455739202181,9.165656764349542
159568,Louisiana Christian University,LA,3,2,5,23.0,672.0,1,,13113.0,9557.0,6137.0,0.4309,0.4387,0.5866,0.4247,10.0,0.7719,13113.0,Private nonprofit,5,Suburb,9.481435640823564,6.511745329644728,9.165133779138104,8.722254235179681
159647,Louisiana Tech University,LA,3,1,5,32.0,8312.0,1,11864.0,,7357.0,9177.0,0.2168,0.6382,0.2726,0.6093,21.0,0.864,11864.0,Public,5,Town,9.381348168869865,9.025575833531088,8.90354343566472,9.124564594954778
159656,Loyola University New Orleans,LA,3,2,5,11.0,2812.0,1,,23696.0,12068.0,8990.0,0.3732,0.5903,0.5314,0.6332,12.0,0.9305,23696.0,Private nonprofit,5,City,10.073103736832529,7.9420068084898565,9.398395460617898,9.103979355984773
159717,McNeese State University,LA,3,1,5,13.0,5005.0,1,12493.0,,5647.0,7591.0,0.3459,0.4704,0.3212,0.4947,20.0,0.7827,12493.0,Public,5,City,9.433003808053515,8.518392471991719,8.639056779173078,8.934850340289763
159939,University of New Orleans,LA,3,1,5,11.0,4638.0,1,12384.0,,7315.0,9208.0,0.3912,0.3799,0.2763,0.4018,19.0,0.7431,12384.0,Public,5,City,9.42424134192346,8.442254104751743,8.897819009510757,9.127936545721367
159948,New Orleans Baptist Theological Seminary,LA,3,2,5,11.0,865.0,1,,10829.0,12047.0,6759.0,0.0857,0.7391,0.0,0.5065,19.0,,10829.0,Private nonprofit,5,City,9.290075339995036,6.763884908562435,9.396653950039674,8.81877816903701
159966,Nicholls State University,LA,3,1,5,13.0,4737.0,1,12947.0,,5948.0,6998.0,0.3407,0.538,0.3826,0.5403,19.0,0.908,12947.0,Public,5,City,9.468696615046134,8.463370384718731,8.690978417187905,8.85352256068954
159993,University of Louisiana at Monroe,LA,3,1,5,13.0,5022.0,1,13466.0,,7459.0,7719.0,0.3477,0.542,0.3469,0.5236,18.0,0.8475,13466.0,Public,5,City,9.507997527450042,8.521782643750045,8.917310693197807,8.951569643018821
160038,Northwestern State University of Louisiana,LA,3,1,5,33.0,5519.0,1,13606.0,,6994.0,7129.0,0.3524,0.432,0.3512,0.4387,16.0,0.9254,13606.0,Public,5,Town,9.518339645190858,8.616133139271142,8.852950887099581,8.872066513408342
160065,University of Holy Cross,LA,3,2,5,11.0,471.0,1,,15635.0,10673.0,7708.0,0.2753,0.4857,0.3391,0.4234,7.0,0.7366,15635.0,Private nonprofit,5,City,9.657331226912845,6.156978985585555,9.27556615689389,8.950143756459262
160074,Franciscan Missionaries of Our Lady University,LA,3,2,5,12.0,821.0,1,,18552.0,14155.0,8122.0,0.3121,0.4545,0.4872,0.4859,14.0,0.987,18552.0,Private nonprofit,5,City,9.828386780026877,6.71174039505618,9.557893841465354,9.002454823050954
160409,Saint Joseph Seminary College,LA,3,2,5,41.0,93.0,1,,45460.0,32262.0,5877.0,0.101,0.4783,0.0303,0.4474,6.0,,45460.0,Private nonprofit,5,Rural,10.724610094524913,4.543294782270004,10.381676341775822,8.678971846978863
160612,Southeastern Louisiana University,LA,3,1,5,13.0,9514.0,1,13154.0,,6646.0,7315.0,0.3326,0.4541,0.3242,0.451,20.0,0.9931,13154.0,Public,5,City,9.484557193474393,9.16062477973025,8.801920904041582,8.897819009510757
160621,Southern University and A & M College,LA,3,1,5,12.0,5519.0,1,20077.0,,5687.0,7735.0,0.6814,0.2709,0.7178,0.2774,21.0,0.3512,20077.0,Public,5,City,9.907379967251472,8.616133139271142,8.646113971483077,8.95364003713313
160630,Southern University at New Orleans,LA,3,1,5,11.0,1055.0,1,14810.0,,5792.0,6898.0,0.4174,0.1311,0.3909,0.1557,13.0,0.789,14810.0,Public,5,City,9.603125426926972,6.962243464266207,8.664405571096625,8.839131752546109
160658,University of Louisiana at Lafayette,LA,3,1,5,12.0,12428.0,1,13530.0,,9241.0,8889.0,0.4151,0.5263,0.4372,0.523,18.0,0.8701,13530.0,Public,5,City,9.512738628263644,9.42778773074551,9.131513591430211,9.09268232850795
160755,Tulane University of Louisiana,LA,3,2,5,11.0,7767.0,1,,39949.0,37362.0,13243.0,0.0976,0.8614,0.209,0.8753,7.0,0.1398,39949.0,Private nonprofit,5,City,10.595383951194421,8.957768009971161,10.528436188904791,9.491299898667137
160904,Xavier University of Louisiana,LA,3,2,5,11.0,2628.0,1,,17127.0,9547.0,9918.0,0.5419,0.4855,0.5623,0.493,11.0,0.6904,17127.0,Private nonprofit,5,City,9.748469830269519,7.874358824729881,9.16408698745872,9.202207388745993
160959,College of the Atlantic,ME,3,2,1,43.0,353.0,1,,25184.0,18162.0,9002.0,0.2806,0.6829,0.5306,0.6879,9.0,0.7017,25184.0,Private nonprofit,1,Rural,10.134003858179751,5.869296913133774,9.807141836749443,9.105313134108476
160977,Bates College,ME,3,2,1,13.0,1760.0,1,,29351.0,27338.0,11886.0,0.1152,0.8969,0.138,0.9012,9.0,0.1332,29351.0,Private nonprofit,1,City,10.287115966035119,7.473637108496206,10.216069533164237,9.383200644980624
161004,Bowdoin College,ME,3,2,1,31.0,1873.0,1,,14398.0,42365.0,14216.0,0.1735,0.9528,0.0838,0.9544,9.0,0.0713,14398.0,Private nonprofit,1,Town,9.57491403870827,7.535830462798367,10.654101432744401,9.562193710635698
161086,Colby College,ME,3,2,1,33.0,2407.0,1,,17180.0,27972.0,13207.0,0.1432,0.8879,0.0854,0.8949,9.0,0.0709,17180.0,Private nonprofit,1,Town,9.751559401061966,7.786551806428712,10.23899503822049,9.488577985599964
161217,University of Maine at Augusta,ME,3,1,1,32.0,2659.0,1,10924.0,,9925.0,8060.0,0.3296,0.2698,0.2598,0.254,16.0,,10924.0,Public,1,Town,9.298809019963791,7.886081401775745,9.202912856147385,8.9947928972836
161226,University of Maine at Farmington,ME,3,1,1,43.0,1140.0,1,16857.0,,14803.0,8643.0,0.3016,0.5154,0.39,0.5218,13.0,0.9672,16857.0,Public,1,Rural,9.732580600557428,7.039660349862076,9.602652693506046,9.064620717626777
161235,University of Maine at Fort Kent,ME,3,1,1,43.0,599.0,1,7482.0,,9029.0,8219.0,0.1496,0.3944,0.1754,0.3963,21.0,0.9792,7482.0,Public,1,Rural,8.920389060080359,6.396929655216146,9.108307646411031,9.014325488050225
161253,University of Maine,ME,3,1,1,23.0,8496.0,1,17510.0,,12786.0,11425.0,0.2327,0.5494,0.4201,0.5569,15.0,0.9664,17510.0,Public,1,Suburb,9.7705845338719,9.047468439003541,9.456184308811169,9.343646739284408
161299,Maine Maritime Academy,ME,3,1,1,42.0,942.0,1,23414.0,,12658.0,,0.2463,0.5818,0.5816,0.5987,10.0,0.5414,23414.0,Public,1,Rural,10.061132121617643,6.849066282633458,9.446123703636829,
161341,University of Maine at Presque Isle,ME,3,1,1,41.0,1913.0,1,7035.0,,5285.0,7782.0,0.2435,0.5155,0.2314,0.4476,30.0,0.9987,7035.0,Public,1,Rural,8.85879510585745,7.5569505720129,8.572817095164234,8.959697146959389
161457,University of New England,ME,3,2,1,22.0,2135.0,1,,38107.0,12819.0,9669.0,0.1178,0.6835,0.4093,0.6454,11.0,0.9163,38107.0,Private nonprofit,1,Suburb,10.54817951282667,7.666690200080086,9.458761730474661,9.17678358844734
161509,Maine College of Art & Design,ME,3,2,1,13.0,415.0,1,,38338.0,15840.0,7529.0,0.2857,0.5155,0.6949,0.5,8.0,0.7606,38338.0,Private nonprofit,1,City,10.554222933839034,6.030685260261263,9.670356794688852,8.92665032079394
161518,Saint Joseph's College of Maine,ME,3,2,1,41.0,964.0,1,,27555.0,7460.0,6294.0,0.2361,0.6574,0.5958,0.6704,10.0,0.8351,27555.0,Private nonprofit,1,Rural,10.223975576713087,6.872128101338986,8.917444732471514,8.747510946478448
161554,University of Southern Maine,ME,3,1,1,13.0,4222.0,1,13596.0,,10101.0,10420.0,0.2828,0.4035,0.3473,0.4329,14.0,0.7923,13596.0,Public,1,City,9.517604459155686,8.348301054933943,9.220488703027998,9.251578279992428
161563,Thomas College,ME,3,2,1,33.0,647.0,1,,18885.0,4491.0,7625.0,0.1815,0.5369,0.3283,0.5258,20.0,0.963,18885.0,Private nonprofit,1,Town,9.846176185823014,6.473890696352274,8.410053315858335,8.939318740417509
161572,Unity Environmental University,ME,3,2,1,42.0,6483.0,1,,19104.0,1999.0,5415.0,0.6391,0.2867,0.858,0.4407,36.0,,19104.0,Private nonprofit,1,Rural,9.857705359881,8.777092882855566,7.600902459542082,8.59711281459211
161873,University of Baltimore,MD,3,1,2,11.0,1133.0,1,13868.0,,16754.0,13975.0,0.4489,0.3816,0.38,0.4317,10.0,0.7874,13868.0,Public,2,City,9.537411412656335,7.033506484287697,9.726452000171411,9.545096851813893
162007,Bowie State University,MD,3,1,2,21.0,5043.0,1,19298.0,,10087.0,11118.0,0.4435,0.382,0.4404,0.3817,15.0,0.7241,19298.0,Public,2,Suburb,9.86780856007911,8.52595469708481,9.219101877644755,9.31641063570325
162061,Capitol Technology University,MD,3,2,2,21.0,315.0,1,,22102.0,7131.0,5625.0,0.3918,0.4268,0.4701,0.4437,9.0,0.7435,22102.0,Private nonprofit,2,Suburb,10.003468624899442,5.755742213586912,8.872346978983032,8.635153989049803
162210,Washington Adventist University,MD,3,2,2,21.0,452.0,1,,18526.0,18786.0,6208.0,0.3719,0.2865,0.4479,0.3297,9.0,0.4618,18526.0,Private nonprofit,2,Suburb,9.826984406550013,6.115892125483034,9.840920420267299,8.733755131364893
162283,Coppin State University,MD,3,1,2,11.0,1844.0,1,9977.0,,16220.0,10091.0,0.5392,0.2622,0.3619,0.2591,12.0,0.4583,9977.0,Public,2,City,9.208137948420983,7.520234556474628,9.694061978050115,9.219498309760949
162584,Frostburg State University,MD,3,1,2,33.0,2909.0,1,16715.0,,12116.0,9386.0,0.3221,0.4966,0.3768,0.509,13.0,0.8918,16715.0,Public,2,Town,9.724121623567806,7.975908360165538,9.402364704231523,9.147081032336992
162654,Goucher College,MD,3,2,2,13.0,964.0,1,,22470.0,17884.0,8359.0,0.3521,0.5734,0.5298,0.5866,9.0,0.7771,22470.0,Private nonprofit,2,City,10.019980867971933,6.872128101338986,9.791717651693117,9.031213706078747
162760,Hood College,MD,3,2,2,13.0,1194.0,1,,20873.0,11518.0,8361.0,0.3706,0.569,0.6782,0.5607,10.0,0.7777,20873.0,Private nonprofit,2,City,9.946259644379998,7.085901464365611,9.351753124926507,9.03145291191651
162928,Johns Hopkins University,MD,3,2,2,11.0,5693.0,1,,18809.0,101214.0,18971.0,0.1949,0.9378,0.0931,0.9421,6.0,0.0644,18809.0,Private nonprofit,2,City,9.842143922295076,8.647168267837984,11.525002246195678,9.850719486997471
163046,Loyola University Maryland,MD,3,2,2,11.0,3869.0,1,,30574.0,13478.0,9706.0,0.2037,0.7919,0.5247,0.7983,12.0,0.7549,30574.0,Private nonprofit,2,City,10.327937960555372,8.261009786023827,9.508888197738269,9.180602553712227
163204,University of Maryland Global Campus,MD,3,1,2,21.0,49664.0,1,22063.0,,2560.0,9948.0,0.2938,0.3333,0.1747,0.3146,21.0,,22063.0,Public,2,Suburb,10.001702600033083,10.813055738649457,7.848153086199526,9.20522732258936
163268,University of Maryland-Baltimore County,MD,3,1,2,21.0,10701.0,1,16467.0,,14455.0,13145.0,0.3004,0.7001,0.2829,0.7028,17.0,0.7243,16467.0,Public,2,Suburb,9.709174382889795,9.27818591887125,9.578864832272064,9.483872808823522
163286,University of Maryland-College Park,MD,3,1,2,21.0,30760.0,1,15678.0,,20217.0,17205.0,0.1939,0.8859,0.2152,0.8861,17.0,0.4479,15678.0,Public,2,Suburb,9.66007751636045,10.334002932844076,9.914328575714002,9.753013439181293
163295,Maryland Institute College of Art,MD,3,2,2,11.0,1189.0,1,,42729.0,19211.0,9574.0,0.2311,0.7224,0.4124,0.7178,9.0,0.7679,42729.0,Private nonprofit,2,City,10.66265652863807,7.081708586105575,9.863290362784715,9.166910814048848
163338,University of Maryland Eastern Shore,MD,3,1,2,31.0,2391.0,1,13338.0,,23374.0,10872.0,0.5571,0.3533,0.5213,0.3497,11.0,0.9641,13338.0,Public,2,Town,9.498447354141044,7.779885115070522,10.059422354156888,9.29403793099775
163453,Morgan State University,MD,3,1,2,11.0,9019.0,1,14985.0,,9759.0,11634.0,0.5655,0.4087,0.654,0.4122,18.0,0.8223,14985.0,Public,2,City,9.614871710924255,9.10719961305667,9.186047679407139,9.361773075736393
163462,Mount St. Mary's University,MD,3,2,2,42.0,1768.0,1,,22655.0,10126.0,7399.0,0.3113,0.6539,0.5109,0.6179,13.0,0.7381,22655.0,Private nonprofit,2,Rural,10.028179996493446,7.478169694159785,9.222960403332285,8.909235279192261
163532,Ner Israel Rabbinical College,MD,3,2,2,21.0,280.0,1,,13572.0,12077.0,7711.0,0.161,0.2353,0.0,0.3467,20.0,0.6566,13572.0,Private nonprofit,2,Suburb,9.515837804297965,5.638354669333745,9.399140894867847,8.950532836290382
163578,Notre Dame of Maryland University,MD,3,2,2,11.0,709.0,1,,19169.0,14980.0,7645.0,0.3644,0.5,0.4927,0.5079,9.0,0.8216,19169.0,Private nonprofit,2,City,9.86110183603969,6.565264970035361,9.614538010517382,8.941937914256359
163851,Salisbury University,MD,3,1,2,23.0,6057.0,1,17743.0,,11356.0,10679.0,0.2586,0.6815,0.3904,0.6779,14.0,0.8747,17743.0,Public,2,Suburb,9.783802709590148,8.709134991587183,9.337589572891646,9.276128112514186
163912,St. Mary's College of Maryland,MD,3,1,2,41.0,1603.0,1,18441.0,,13110.0,9044.0,0.2112,0.6995,0.4274,0.6904,10.0,0.6863,18441.0,Public,2,Rural,9.822385951099086,7.38025578842646,9.481206851499401,9.109967397829395
163976,St. John's College,MD,3,2,2,21.0,471.0,1,,45597.0,15316.0,8919.0,0.2008,0.7143,0.4611,0.6929,8.0,0.5524,45597.0,Private nonprofit,2,Suburb,10.727619134891492,6.156978985585555,9.636718601664555,9.096051225574055
164076,Towson University,MD,3,1,2,13.0,16136.0,1,17413.0,,10084.0,9975.0,0.3579,0.6946,0.4163,0.6858,14.0,0.8197,17413.0,Public,2,City,9.765029759388561,9.688870050941352,9.218804450388312,9.207937487359873
164155,United States Naval Academy,MD,3,1,0,21.0,4474.0,1,,,39042.0,14161.0,,0.9294,,0.9239,8.0,0.0927,,Public,0,Suburb,,8.406261630708956,10.572418881836954,9.55831760021172
164173,Stevenson University,MD,3,2,2,21.0,3102.0,1,,26505.0,10867.0,8822.0,0.3088,0.6849,0.6978,0.6739,15.0,0.7891,26505.0,Private nonprofit,2,Suburb,10.185126401440623,8.04012466444838,9.293577970546238,9.085117227222105
164216,Washington College,MD,3,2,2,32.0,891.0,1,,27898.0,26477.0,6768.0,0.226,0.6537,0.4716,0.7012,8.0,0.5689,27898.0,Private nonprofit,2,Town,10.236346124873199,6.79346613258001,10.184069478497602,8.820108644508608
164270,McDaniel College,MD,3,2,2,31.0,1617.0,1,,21916.0,10258.0,8473.0,0.361,0.6329,0.5838,0.6353,13.0,0.7793,21916.0,Private nonprofit,2,Town,9.99501787038172,7.388946097618437,9.235910648087712,9.044757931186505
164368,Hult International Business School,MA,3,2,1,12.0,618.0,1,,45447.0,9400.0,11791.0,0.0735,0.6667,0.085,0.6633,10.0,0.6048,45447.0,Private nonprofit,1,City,10.724324094236962,6.428105272684596,9.148571345578551,9.375176614429117
164447,American International College,MA,3,2,1,12.0,1017.0,1,,23274.0,6626.0,7628.0,0.448,0.4591,0.6728,0.4402,16.0,0.9957,23274.0,Private nonprofit,1,City,10.055135102145268,6.925595197110468,8.798907492088226,8.93971205409023
164465,Amherst College,MA,3,2,1,13.0,1911.0,1,,23367.0,36411.0,15606.0,0.1984,0.939,0.0838,0.9367,6.0,0.0901,23367.0,Private nonprofit,1,City,10.059122844067577,7.555905093611346,10.502653669625179,9.655474810542554
164492,Anna Maria College,MA,3,2,1,41.0,906.0,1,,28333.0,7851.0,7264.0,0.3429,0.4623,0.6541,0.4356,12.0,0.503,28333.0,Private nonprofit,1,Rural,10.251817775939296,6.810142450115136,8.968523555396352,8.890823576004383
164562,Assumption University,MA,3,2,1,12.0,1669.0,1,,29498.0,13143.0,9808.0,0.2198,0.7523,0.8365,0.7493,11.0,0.8298,29498.0,Private nonprofit,1,City,10.292111643448266,7.4205789054108005,9.483720659717104,9.191055610564316
164580,Babson College,MA,3,2,1,21.0,2728.0,1,,40514.0,15660.0,20620.0,0.1628,0.9312,0.2707,0.9274,15.0,0.1709,40514.0,Private nonprofit,1,Suburb,10.609427554894825,7.911690520708339,9.658928824466434,9.934065253000266
164614,Boston Baptist College,MA,3,2,1,11.0,19.0,1,,17933.0,4310.0,1556.0,0.5455,0.1429,0.4242,0.4412,6.0,,17933.0,Private nonprofit,1,City,9.794453631511994,2.995732273553991,8.368925174747135,7.350516171833998
164632,Bay Path University,MA,3,2,1,21.0,1108.0,1,,14271.0,8605.0,9202.0,0.6377,0.4394,0.7825,0.5072,8.0,0.852,14271.0,Private nonprofit,1,Suburb,9.566054854819791,7.011213987350367,9.060214913398545,9.127284796838858
164739,Bentley University,MA,3,2,1,13.0,4474.0,1,,37930.0,16265.0,15847.0,0.1607,0.8679,0.4317,0.875,12.0,0.4505,37930.0,Private nonprofit,1,City,10.543523998690803,8.406261630708956,9.69683231872672,9.670798588378387
164748,Berklee College of Music,MA,3,2,1,11.0,7468.0,1,,49465.0,20700.0,10837.0,0.1618,0.6731,0.3392,0.6682,9.0,0.4353,49465.0,Private nonprofit,1,City,10.809040843867542,8.918516400357067,9.937937287265354,9.29081375612606
164924,Boston College,MA,3,2,1,13.0,10085.0,1,,41704.0,27008.0,18131.0,0.1291,0.9083,0.2996,0.9091,10.0,0.1643,41704.0,Private nonprofit,1,City,10.638376304675711,9.21890360263667,10.203925422776587,9.80543361206074
164988,Boston University,MA,3,2,1,11.0,18248.0,1,,24402.0,35988.0,16623.0,0.1915,0.8866,0.2292,0.8931,10.0,0.1111,24402.0,Private nonprofit,1,City,10.102461354543133,9.811865562988816,10.49096861519108,9.718602713339008
165015,Brandeis University,MA,3,2,1,13.0,3618.0,1,,35736.0,21670.0,14570.0,0.1497,0.8603,0.2822,0.8607,10.0,0.405,35736.0,Private nonprofit,1,City,10.483941845626783,8.193953023563742,9.983730240212331,9.586788531013854
165024,Bridgewater State University,MA,3,1,1,21.0,7829.0,1,16383.0,,11273.0,11130.0,0.3194,0.5341,0.7498,0.5401,17.0,0.8781,16383.0,Public,1,Suburb,9.704060527839234,8.965717788984849,9.33025446864152,9.317489287493226
165334,Clark University,MA,3,2,1,12.0,2214.0,1,,28714.0,19052.0,12471.0,0.2313,0.7694,0.5775,0.7703,8.0,0.3954,28714.0,Private nonprofit,1,City,10.265174913298397,7.703007682479236,9.854979848471084,9.431241410737613
165529,Curry College,MA,3,2,1,21.0,1780.0,1,,29207.0,15345.0,11385.0,0.3091,0.5112,0.709,0.4966,12.0,0.8765,29207.0,Private nonprofit,1,Suburb,10.282197923335472,7.484930283289661,9.638610132737611,9.340139809511028
165574,Dean College,MA,3,2,1,21.0,1089.0,1,,30684.0,8116.0,7401.0,0.3371,0.5359,0.715,0.4845,15.0,0.7371,30684.0,Private nonprofit,1,Suburb,10.331529214823197,6.993932975223189,9.001715906761175,8.909505512946101
165662,Emerson College,MA,3,2,1,11.0,3870.0,1,,49180.0,13023.0,11853.0,0.1551,0.7711,0.4295,0.782,14.0,0.5131,49180.0,Private nonprofit,1,City,10.803262649032352,8.261268150577648,9.474549088242322,9.380420642347783
165671,Emmanuel College,MA,3,2,1,11.0,1854.0,1,,26706.0,11725.0,10788.0,0.2235,0.6751,0.6092,0.6676,13.0,0.7565,26706.0,Private nonprofit,1,City,10.192680982311837,7.5256399750415355,9.369563877524161,9.28628237555134
165699,Endicott College,MA,3,2,1,21.0,3125.0,1,,40654.0,13624.0,11416.0,0.13,0.7556,0.627,0.755,13.0,0.7121,40654.0,Private nonprofit,1,Suburb,10.612877108641937,8.047509510981422,9.519661619531444,9.342858751676328
165802,Fisher College,MA,3,2,1,11.0,1167.0,1,,26649.0,7055.0,7855.0,0.3967,0.2775,0.6113,0.2811,14.0,0.7068,26649.0,Private nonprofit,1,City,10.19054442959399,7.0630481633881725,8.861633597686627,8.969032850034301
165820,Fitchburg State University,MA,3,1,1,22.0,2752.0,1,14262.0,,11112.0,10973.0,0.3279,0.5512,0.4676,0.5389,11.0,0.8693,14262.0,Public,1,Suburb,9.565424050523422,7.920446505142607,9.315870873185647,9.30328411761892
165866,Framingham State University,MA,3,1,1,13.0,2566.0,1,16114.0,,9230.0,11240.0,0.3688,0.478,0.5083,0.4867,12.0,0.8361,16114.0,Public,1,City,9.687505794249539,7.8504931808711405,9.130322663990151,9.327323087461798
165936,Gordon College,MA,3,2,1,41.0,1278.0,1,,24883.0,11030.0,7927.0,0.208,0.6854,0.5259,0.6809,10.0,0.6923,24883.0,Private nonprofit,1,Rural,10.12198030563491,7.153833801578843,9.308464769969381,8.978156076009824
166018,Hampshire College,MA,3,2,1,41.0,839.0,1,,24034.0,12599.0,10085.0,0.3933,0.5426,0.6165,0.5585,13.0,0.7528,24034.0,Private nonprofit,1,Rural,10.08726638032806,6.733401891837359,9.441452092939569,9.21890360263667
166027,Harvard University,MA,3,2,1,12.0,7601.0,1,,19066.0,51780.0,25048.0,0.1643,0.9758,0.0444,0.9745,7.0,0.0365,19066.0,Private nonprofit,1,City,9.855714371064444,8.936166649549195,10.854778565594904,10.1285891855565
166054,Hellenic College-Holy Cross Greek Orthodox School of Theology,MA,3,2,1,21.0,64.0,1,,25203.0,15021.0,7542.0,0.2424,0.4444,0.3788,0.5468,7.0,0.7963,25203.0,Private nonprofit,1,Suburb,10.134757991061946,4.174387269895637,9.617271072245957,8.928375259853631
166124,College of the Holy Cross,MA,3,2,1,12.0,3106.0,1,,38782.0,24933.0,12363.0,0.148,0.8733,0.3768,0.8843,9.0,0.1761,38782.0,Private nonprofit,1,City,10.565737285268195,8.041412909393047,10.123987612904921,9.422544303252007
166391,Lasell University,MA,3,2,1,13.0,1226.0,1,,27511.0,10067.0,8850.0,0.3128,0.5864,0.7168,0.5581,12.0,0.8122,27511.0,Private nonprofit,1,City,10.222377552112102,7.112327444710911,9.217117356255207,9.088285725968877
166452,Lesley University,MA,3,2,1,12.0,1122.0,1,,31152.0,14953.0,8813.0,0.3055,0.5802,0.5387,0.5989,10.0,0.9687,31152.0,Private nonprofit,1,City,10.34666582776446,7.023758954738443,9.61273410155986,9.084096645401932
166513,University of Massachusetts-Lowell,MA,3,1,1,21.0,11434.0,1,17163.0,,15274.0,14275.0,0.3,0.6482,0.5302,0.6741,17.0,0.8304,17163.0,Public,1,Suburb,9.750569446111415,9.344434106456882,9.633972784039797,9.566335084610051
166629,University of Massachusetts-Amherst,MA,3,1,1,13.0,23671.0,1,22383.0,,20843.0,14663.0,0.1994,0.8326,0.4662,0.8321,17.0,0.5973,22383.0,Public,1,City,10.016101696905263,10.072048194080045,9.944821416029106,9.593150789519541
166638,University of Massachusetts-Boston,MA,3,1,1,11.0,11512.0,1,17707.0,,19582.0,12724.0,0.4155,0.4941,0.506,0.5017,15.0,0.8378,17707.0,Public,1,City,9.781771793852032,9.351232110673664,9.882417121916836,9.451323841418724
166656,Massachusetts College of Pharmacy and Health Sciences,MA,3,2,1,11.0,3451.0,1,,39545.0,14199.0,11769.0,0.3006,0.6202,0.6658,0.6271,9.0,0.8521,39545.0,Private nonprofit,1,City,10.585219830280774,8.146709052203319,9.560997243589352,9.373309200254322
166674,Massachusetts College of Art and Design,MA,3,1,1,11.0,1831.0,1,24100.0,,16343.0,10690.0,0.2953,0.6887,0.5117,0.6904,9.0,0.7627,24100.0,Public,1,City,10.090008612393838,7.513163545234075,9.701616136497458,9.2771575450135
166683,Massachusetts Institute of Technology,MA,3,2,1,12.0,4535.0,1,,20111.0,99057.0,24177.0,0.1932,0.9641,0.0669,0.9624,3.0,0.0455,20111.0,Private nonprofit,1,City,9.909071930830029,8.419800845407588,11.503460816154442,10.093198407761937
166692,Massachusetts Maritime Academy,MA,3,1,1,21.0,1395.0,1,21582.0,,16741.0,10073.0,0.1896,0.7406,0.8072,0.7656,13.0,0.947,21582.0,Public,1,Suburb,9.97966124675897,7.241366283322318,9.725675811220002,9.217713126305595
166850,Merrimack College,MA,3,2,1,21.0,3916.0,1,,37927.0,8809.0,12316.0,0.1558,0.7005,0.5999,0.7095,13.0,0.7002,37927.0,Private nonprofit,1,Suburb,10.543444904581953,8.27308133366583,9.083642718930225,9.418735700941484
166911,Montserrat College of Art,MA,3,2,1,21.0,226.0,1,,33216.0,9898.0,6551.0,0.35,0.5347,0.7538,0.5729,8.0,,33216.0,Private nonprofit,1,Suburb,10.41081707204541,5.424950017481403,9.200189020919808,8.787525625532906
166939,Mount Holyoke College,MA,3,2,1,21.0,2169.0,1,,26441.0,29177.0,13140.0,0.2189,0.8439,0.4351,0.8469,9.0,0.3603,26441.0,Private nonprofit,1,Suburb,10.182708934070043,7.682482446534506,10.28117027963184,9.483492392643639
167057,The New England Conservatory of Music,MA,3,2,1,11.0,393.0,1,,46754.0,46533.0,7937.0,0.0738,0.7339,0.2341,0.7558,5.0,0.411,46754.0,Private nonprofit,1,City,10.752676480869548,5.976350909297934,10.74793850718724,8.97941663334301
167260,Nichols College,MA,3,2,1,21.0,1163.0,1,,33036.0,6461.0,9714.0,0.2552,0.6261,0.6866,0.6314,15.0,0.8084,33036.0,Private nonprofit,1,Suburb,10.405383424480956,7.059617628291383,8.773694146384443,9.18142636181154
167288,Massachusetts College of Liberal Arts,MA,3,1,1,31.0,713.0,1,16068.0,,22306.0,10457.0,0.4127,0.5564,0.6077,0.5221,8.0,0.8974,16068.0,Public,1,Town,9.684647229041753,6.570882962339584,10.012655809536781,9.255122514748075
167358,Northeastern University,MA,3,2,1,11.0,17326.0,1,,30915.0,21813.0,16218.0,0.1234,0.9054,0.2732,0.9046,16.0,0.0522,30915.0,Private nonprofit,1,City,10.33902912822676,9.760021257510846,9.990307244488688,9.69393867348769
167394,College of Our Lady of the Elms,MA,3,2,1,21.0,949.0,1,,17545.0,9941.0,7693.0,0.4509,0.6809,0.7052,0.6624,11.0,0.8526,17545.0,Private nonprofit,1,Suburb,9.772581282688328,6.856461984594587,9.204523486654617,8.94819608331224
167598,Regis College,MA,3,2,1,21.0,956.0,1,,27477.0,12340.0,9009.0,0.3101,0.7217,0.6546,0.7072,9.0,0.6978,27477.0,Private nonprofit,1,Suburb,10.221140963483894,6.863803391452954,9.420682331453184,9.106090350602384
167729,Salem State University,MA,3,1,1,21.0,4291.0,1,15996.0,,10571.0,10694.0,0.3538,0.4977,0.491,0.5236,12.0,0.9588,15996.0,Public,1,Suburb,9.680156483641596,8.36450810375059,9.26596427572418,9.277531621516506
167783,Simmons University,MA,3,2,1,11.0,1670.0,1,,25265.0,16715.0,8463.0,0.3318,0.7234,0.6341,0.7179,9.0,0.6998,25265.0,Private nonprofit,1,City,10.137214897389983,7.421177528595393,9.724121623567806,9.043577154098081
167835,Smith College,MA,3,2,1,13.0,2544.0,1,,27579.0,31466.0,13076.0,0.1788,0.8905,0.1409,0.8936,8.0,0.21,27579.0,Private nonprofit,1,City,10.224846151347293,7.841885928984623,10.356694656629713,9.478610240906502
167899,Springfield College,MA,3,2,1,12.0,1751.0,1,,30587.0,14653.0,8245.0,0.2236,0.7419,0.7212,0.7056,11.0,0.7189,30587.0,Private nonprofit,1,City,10.328363054164116,7.468513271496337,9.592468614719909,9.017483513266844
167987,University of Massachusetts-Dartmouth,MA,3,1,1,22.0,5221.0,1,20927.0,,16600.0,12795.0,0.3702,0.5207,0.6433,0.5057,16.0,0.9064,20927.0,Public,1,Suburb,9.948843254256925,8.560635749259074,9.717218213494077,9.45688790106941
167996,Stonehill College,MA,3,2,1,21.0,2528.0,1,,33016.0,15436.0,10720.0,0.1706,0.76,0.6242,0.7844,12.0,0.6628,33016.0,Private nonprofit,1,Suburb,10.40477785931878,7.835579246669965,9.644522504181841,9.27995971385624
168005,Suffolk University,MA,3,2,1,11.0,4268.0,1,,29618.0,11805.0,12891.0,0.2995,0.6088,0.5477,0.604,15.0,0.8233,29618.0,Private nonprofit,1,City,10.296171326279559,8.359134886757962,9.376363155800634,9.464362242935328
168148,Tufts University,MA,3,2,1,21.0,7061.0,1,,39998.0,28034.0,14205.0,0.1204,0.9351,0.1886,0.9342,10.0,0.1149,39998.0,Private nonprofit,1,Suburb,10.596609732783568,8.862483576488332,10.241209008557773,9.561419689557756
168218,Wellesley College,MA,3,2,1,21.0,2300.0,1,,25496.0,39815.0,14120.0,0.2113,0.9153,0.1613,0.9137,7.0,0.1405,25496.0,Private nonprofit,1,Suburb,10.146316077166736,7.741099090035366,10.59202412053839,9.555418330069251
168227,Wentworth Institute of Technology,MA,3,2,1,11.0,3747.0,1,,34170.0,14597.0,11150.0,0.2311,0.6824,0.5468,0.6843,17.0,0.9121,34170.0,Private nonprofit,1,City,10.439132610118632,8.228977643358313,9.588639812011577,9.319284458965361
168254,Western New England University,MA,3,2,1,12.0,2603.0,1,,27290.0,12651.0,10676.0,0.2446,0.6398,0.7794,0.6393,12.0,0.8348,27290.0,Private nonprofit,1,City,10.214312256490171,7.86480400332846,9.445570584425539,9.275847174178303
168263,Westfield State University,MA,3,1,1,21.0,3615.0,1,16721.0,,12928.0,11555.0,0.3295,0.5441,0.5055,0.5464,17.0,0.8141,16721.0,Public,1,Suburb,9.724480496710003,8.193123721512068,9.467228129254554,9.354960061586127
168281,Wheaton College (Massachusetts),MA,3,2,1,21.0,1773.0,1,,29822.0,17319.0,8150.0,0.2217,0.7282,0.7754,0.7427,11.0,0.6773,29822.0,Private nonprofit,1,Suburb,10.303035186880255,7.480992162869525,9.759617182116425,9.005895898094458
168342,Williams College,MA,3,2,1,31.0,2076.0,1,,17716.0,51880.0,15317.0,0.1761,0.9361,0.0483,0.9509,6.0,0.0825,17716.0,Private nonprofit,1,Town,9.782279909600437,7.638679823876112,10.856707913495192,9.636783886469539
168421,Worcester Polytechnic Institute,MA,3,2,1,12.0,5447.0,1,,43071.0,21636.0,13376.0,0.1188,0.8971,0.5173,0.8911,13.0,0.6016,43071.0,Private nonprofit,1,City,10.6706284130044,8.60300384782935,9.98216009118743,9.501292093295586
168430,Worcester State University,MA,3,1,1,12.0,3930.0,1,13381.0,,9709.0,10308.0,0.3,0.6145,0.4421,0.5845,16.0,0.8799,13381.0,Public,1,City,9.501665799342762,8.27664912542186,9.18091156128537,9.240772579096385
168528,Adrian College,MI,3,2,3,32.0,1604.0,1,,25368.0,8132.0,6614.0,0.3081,0.4842,0.7074,0.5185,16.0,0.7253,25368.0,Private nonprofit,3,Town,10.141283235182652,7.380879035564116,9.003685138166775,8.797095076549056
168546,Albion College,MI,3,2,3,32.0,1300.0,1,,14301.0,18176.0,7469.0,0.4749,0.6159,0.6366,0.5913,11.0,0.807,14301.0,Private nonprofit,3,Town,9.568154666608342,7.170888478512505,9.807912337613098,8.918650278126863
168591,Alma College,MI,3,2,3,32.0,1148.0,1,,20694.0,14519.0,7879.0,0.2704,0.6287,0.566,0.633,14.0,0.5703,20694.0,Private nonprofit,3,Town,9.937647404182833,7.046647277848756,9.583282288378786,8.972083182851925
168740,Andrews University,MI,3,2,3,31.0,1224.0,1,,12547.0,14063.0,7256.0,0.2471,0.7153,0.306,0.6882,10.0,0.8185,12547.0,Private nonprofit,3,Town,9.43731656931057,7.110696122978827,9.551373619924957,8.889721799278137
168786,Aquinas College,MI,3,2,3,12.0,1083.0,1,,16626.0,8672.0,6660.0,0.239,0.6536,0.6882,0.6398,10.0,0.8988,16626.0,Private nonprofit,3,City,9.71878315904038,6.988413181999592,9.067970030684457,8.804024902413179
168847,Baker College,MI,3,2,3,32.0,3026.0,1,,13157.0,10207.0,6382.0,0.3768,0.3583,0.4507,0.3349,9.0,0.8187,13157.0,Private nonprofit,3,Town,9.484785217645943,8.01532730902172,9.23092700558457,8.761393485256058
169080,Calvin University,MI,3,2,3,12.0,3193.0,1,,22992.0,13491.0,9559.0,0.1743,0.7406,0.3344,0.7576,13.0,0.7091,22992.0,Private nonprofit,3,City,10.042945100762001,8.069029328774958,9.50985219618154,9.165343006045447
169248,Central Michigan University,MI,3,1,3,32.0,10035.0,1,17597.0,,8718.0,10682.0,0.3143,0.5872,0.6872,0.6037,16.0,0.8982,17597.0,Public,3,Town,9.775540538205506,9.213933907486313,9.073259831427816,9.276408971945887
169327,Cleary University,MI,3,2,3,22.0,738.0,1,,22143.0,3298.0,4499.0,0.2988,0.4146,0.5358,0.4054,18.0,0.6754,22143.0,Private nonprofit,3,Suburb,10.005321858417396,6.6052979209482015,8.101374671228582,8.411832675758411
169363,Concordia University Ann Arbor,MI,3,2,3,12.0,702.0,1,,32811.0,8791.0,6511.0,0.2414,0.4764,0.6073,0.4869,21.0,0.6925,32811.0,Private nonprofit,3,City,10.39854958112264,6.555356891810665,9.081597496083457,8.781401907682376
169442,College for Creative Studies,MI,3,2,3,11.0,1230.0,1,,34617.0,15709.0,10972.0,0.3002,0.7061,0.5247,0.7012,10.0,0.9194,34617.0,Private nonprofit,3,City,10.452129056986344,7.115582126184454,9.662052731249666,9.3031929889908
169479,Davenport University,MI,3,2,3,21.0,3134.0,1,,17707.0,6091.0,7047.0,0.338,0.5659,0.4577,0.532,18.0,0.9784,17707.0,Private nonprofit,3,Suburb,9.781771793852032,8.050384453067021,8.714731714015052,8.860499167616016
169716,University of Detroit Mercy,MI,3,2,3,11.0,2438.0,1,,15232.0,14925.0,10733.0,0.2634,0.672,0.2595,0.6764,12.0,0.7542,15232.0,Private nonprofit,3,City,9.631219406136701,7.79934339821592,9.610859937691332,9.281171552736774
169798,Eastern Michigan University,MI,3,1,3,21.0,10055.0,1,15407.0,,8921.0,10472.0,0.3664,0.4644,0.429,0.4593,14.0,0.7964,15407.0,Public,3,Suburb,9.642642134037906,9.215924750270084,9.09627541568821,9.256555795773146
169910,Ferris State University,MI,3,1,3,33.0,8106.0,1,8624.0,,9659.0,10752.0,0.3423,0.4687,0.4336,0.4736,15.0,0.9139,8624.0,Public,3,Town,9.062420241899561,9.000483164987708,9.175748927206564,9.282940064390527
169983,Kettering University,MI,3,2,3,13.0,1205.0,1,,34660.0,13932.0,9222.0,0.1698,0.708,0.4527,0.7067,11.0,0.7867,34660.0,Private nonprofit,3,City,10.453370414555645,7.095064377287131,9.542015406113592,9.129455643235719
170000,Grace Christian University,MI,3,2,3,13.0,716.0,1,,12404.0,5132.0,5647.0,0.4691,0.5104,0.5432,0.464,15.0,0.9916,12404.0,Private nonprofit,3,City,9.425854896125902,6.57507584059962,8.543445562560303,8.639056779173078
170037,Cornerstone University,MI,3,2,3,12.0,1298.0,1,,20301.0,4718.0,7119.0,0.3276,0.6187,0.5229,0.6172,15.0,0.7777,20301.0,Private nonprofit,3,City,9.918474682344376,7.1693500166706,8.459352191726387,8.87066300440602
170082,Grand Valley State University,MI,3,1,3,31.0,18854.0,1,16317.0,,10704.0,10156.0,0.2923,0.6701,0.5013,0.6781,15.0,0.8302,16317.0,Public,3,Town,9.700024071988745,9.844533409692458,9.278466201023782,9.2259184019395
170091,Great Lakes Christian College,MI,3,2,3,21.0,197.0,1,,15524.0,5162.0,4828.0,0.5314,0.36,0.5086,0.3077,14.0,,15524.0,Private nonprofit,3,Suburb,9.65020690680168,5.288267030694535,8.54927308487965,8.482394685873542
170286,Hillsdale College,MI,3,2,3,32.0,1573.0,1,,,40494.0,8424.0,0.0,0.8971,0.0,0.8716,8.0,0.2072,,Private nonprofit,3,Town,,7.3613754289773485,10.60893378868309,9.038958755220563
170301,Hope College,MI,3,2,3,13.0,3288.0,1,,27182.0,13039.0,8709.0,0.1648,0.7995,0.4418,0.8109,9.0,0.7924,27182.0,Private nonprofit,3,City,10.21034705689017,8.098338846189057,9.475776835480644,9.072227069846548
170532,Kalamazoo College,MI,3,2,3,13.0,1149.0,1,,19072.0,20681.0,8916.0,0.2575,0.7598,0.4498,0.7897,10.0,0.7532,19072.0,Private nonprofit,3,City,9.856029001376427,7.047517221357296,9.937019035744921,9.095714846134879
170639,Lake Superior State University,MI,3,1,3,33.0,1325.0,1,12822.0,,11551.0,8000.0,0.2654,0.5098,0.3703,0.5376,13.0,,12822.0,Public,3,Town,9.458995712459116,7.189922170745808,9.354613861132608,8.987321812850125
170675,Lawrence Technological University,MI,3,2,3,13.0,1668.0,1,,32918.0,12614.0,9215.0,0.155,0.6058,0.346,0.6155,11.0,0.559,32918.0,Private nonprofit,3,City,10.401805277658909,7.419979923661835,9.442641861075158,9.128696382935672
170806,Madonna University,MI,3,2,3,13.0,1632.0,1,,17755.0,11643.0,7541.0,0.304,0.6,0.5454,0.5897,11.0,0.6339,17755.0,Private nonprofit,3,City,9.784478765953926,7.398174092970465,9.362546304865514,8.928242677818302
170967,Rochester Christian University,MI,3,2,3,21.0,792.0,1,,21456.0,8275.0,6476.0,0.309,0.4412,0.4991,0.4266,13.0,0.9765,21456.0,Private nonprofit,3,Suburb,9.973806211445082,6.675823221634848,9.021115038865434,8.776012719182917
170976,University of Michigan-Ann Arbor,MI,3,1,3,12.0,34177.0,1,13138.0,,29014.0,13384.0,0.1813,0.932,0.237,0.9321,11.0,0.1564,13138.0,Public,3,City,9.483340185641822,10.439337441206854,10.275568216624709,9.501889955954454
171100,Michigan State University,MI,3,1,3,13.0,40922.0,1,19680.0,,19397.0,13468.0,0.2009,0.8072,0.3363,0.8143,17.0,0.848,19680.0,Public,3,City,9.887408982323437,10.61944753116123,9.872925246953487,9.508146027598816
171128,Michigan Technological University,MI,3,1,3,33.0,5955.0,1,14182.0,,12828.0,11858.0,0.2023,0.6806,0.4555,0.684,13.0,0.9243,14182.0,Public,3,Town,9.559799343294607,8.6921543938039,9.45946351224934,9.380842351964795
171137,University of Michigan-Dearborn,MI,3,1,3,12.0,5952.0,1,9492.0,,12893.0,11247.0,0.4624,0.5798,0.3634,0.5726,16.0,0.5561,9492.0,Public,3,City,9.158309963881798,8.69165057315339,9.464517365870565,9.327945614050446
171146,University of Michigan-Flint,MI,3,1,3,13.0,4411.0,1,7007.0,,11896.0,10504.0,0.386,0.4031,0.4288,0.4246,14.0,0.7046,7007.0,Public,3,City,8.854807632616227,8.392083380373393,9.384041546476526,9.2596066132791
171456,Northern Michigan University,MI,3,1,3,33.0,6556.0,1,14085.0,,8369.0,9306.0,0.2795,0.5214,0.4552,0.5152,18.0,0.8402,14085.0,Public,3,Town,9.552936675305356,8.788288460263619,9.032409163483521,9.13852208418571
171492,Northwood University,MI,3,2,3,13.0,1974.0,1,,27232.0,7560.0,8840.0,0.2569,0.6332,0.448,0.6219,14.0,0.6451,27232.0,Private nonprofit,3,City,10.212184752202996,7.5883236773352225,8.93075873555827,9.087155271405804
171571,Oakland University,MI,3,1,3,21.0,12351.0,1,9120.0,,10989.0,10527.0,0.3198,0.5756,0.3739,0.5727,17.0,0.8784,9120.0,Public,3,Suburb,9.118334726180159,9.421573272264558,9.304741047397666,9.261793653565098
171599,The University of Olivet,MI,3,2,3,42.0,892.0,1,,21393.0,9409.0,6387.0,0.4947,0.3527,0.7825,0.362,17.0,0.8325,21393.0,Private nonprofit,3,Rural,9.970865787866076,6.794586580876499,9.149528232579426,8.762176509334903
171881,Kuyper College,MI,3,2,3,21.0,145.0,1,,15644.0,11903.0,5553.0,0.4314,0.5,0.4706,0.5192,9.0,0.691,15644.0,Private nonprofit,3,Suburb,9.657906656102982,4.983606621708336,9.384629757072872,8.622273667866745
172051,Saginaw Valley State University,MI,3,1,3,22.0,5989.0,1,10775.0,,9060.0,9515.0,0.3517,0.4825,0.5039,0.5068,16.0,0.7207,10775.0,Public,3,Suburb,9.2850767180902,8.697846691109495,9.11173476822206,9.160729871422848
172264,Siena Heights University,MI,3,2,3,32.0,1495.0,1,,17124.0,6331.0,6749.0,0.3419,0.3862,0.6779,0.4464,14.0,0.689,17124.0,Private nonprofit,3,Town,9.748294663130427,7.310550158534422,8.753371421000903,8.817297783866575
172334,Spring Arbor University,MI,3,2,3,41.0,1010.0,1,,19353.0,5867.0,6316.0,0.2869,0.6354,0.5536,0.6139,12.0,0.5152,19353.0,Private nonprofit,3,Rural,9.870654395440887,6.918695219020472,8.677269139262872,8.7509996908987
172644,Wayne State University,MI,3,1,3,11.0,15587.0,1,12766.0,,14651.0,12166.0,0.4569,0.5844,0.3779,0.5754,14.0,0.8116,12766.0,Public,3,City,9.45461899582035,9.6542566664586,9.592332123898705,9.406482647787449
172699,Western Michigan University,MI,3,1,3,13.0,12568.0,1,15273.0,,13167.0,10830.0,0.2675,0.5757,0.471,0.5767,16.0,0.846,15273.0,Public,3,City,9.63390731544833,9.438988743924838,9.485544922916851,9.290167671835738
172866,Academy College,MN,3,3,4,13.0,56.0,1,,29093.0,5344.0,2708.0,0.2571,0.36,0.4857,0.4839,8.0,,29093.0,Private for-profit,4,City,10.278287246333408,4.04305126783455,8.583916823459145,7.904334842085095
173045,Augsburg University,MN,3,2,4,11.0,2494.0,1,,23873.0,12043.0,8416.0,0.5614,0.5167,0.766,0.5206,14.0,0.8198,23873.0,Private nonprofit,4,City,10.080545279654984,7.822044008185619,9.396321889601625,9.038008749211576
173124,Bemidji State University,MN,3,1,4,33.0,3139.0,1,15261.0,,9867.0,10427.0,0.2832,0.4787,0.4217,0.5065,18.0,0.5598,15261.0,Public,4,Town,9.633121357849578,8.0519780789023,9.197052477649247,9.252249775053393
173142,Bethany Lutheran College,MN,3,2,4,13.0,669.0,1,,20148.0,10719.0,7253.0,0.2247,0.5486,0.4376,0.5691,12.0,0.3897,20148.0,Private nonprofit,4,City,9.910909938351766,6.507277712385012,9.279866434624793,8.889308319842847
173160,Bethel University,MN,3,2,4,21.0,1871.0,1,,28556.0,9737.0,8331.0,0.1852,0.7138,0.4386,0.7326,14.0,0.878,28556.0,Private nonprofit,4,Suburb,10.259657368919415,7.534762657037537,9.183791036742646,9.027858802380862
173258,Carleton College,MN,3,2,4,32.0,2086.0,1,,25407.0,40626.0,13960.0,0.1653,0.896,0.434,0.9039,8.0,0.2041,25407.0,Private nonprofit,4,Town,10.142819364046863,7.643482907077201,10.612188149189475,9.544023006988647
173300,Concordia College at Moorhead,MN,3,2,4,22.0,1829.0,1,,24902.0,12965.0,7714.0,0.1907,0.6107,0.5309,0.6632,12.0,0.6265,24902.0,Private nonprofit,4,Suburb,10.122743557123146,7.512071245835466,9.470085825734941,8.950921764797261
173328,Concordia University-Saint Paul,MN,3,2,4,11.0,3018.0,1,,18462.0,3921.0,7654.0,0.3522,0.459,0.5248,0.5235,16.0,0.7887,18462.0,Private nonprofit,4,City,9.823524008395744,8.012680929706839,8.274357006756292,8.943114308091785
173452,Martin Luther College,MN,3,2,4,32.0,725.0,1,,18463.0,11791.0,5088.0,0.2705,0.715,0.6797,0.7147,10.0,0.8717,18463.0,Private nonprofit,4,Town,9.823578169307826,6.587550014824796,9.375176614429117,8.534836626588833
173647,Gustavus Adolphus College,MN,3,2,4,31.0,1878.0,1,,22900.0,18862.0,8374.0,0.207,0.7665,0.54,0.7627,12.0,0.6099,22900.0,Private nonprofit,4,Town,10.038935856711177,7.538494999413465,9.844957610345725,9.033006356693267
173665,Hamline University,MN,3,2,4,11.0,1776.0,1,,20744.0,9881.0,8221.0,0.407,0.6045,0.5795,0.5908,14.0,0.8763,20744.0,Private nonprofit,4,City,9.940060532766969,7.482681828154651,9.198470199405696,9.014568767457824
173902,Macalester College,MN,3,2,4,11.0,2131.0,1,,32149.0,25033.0,11951.0,0.1723,0.871,0.3557,0.8864,10.0,0.2852,32149.0,Private nonprofit,4,City,10.378167729665766,7.664815785285735,10.127990179887968,9.388653907372598
173920,Minnesota State University-Mankato,MN,3,1,4,13.0,11703.0,1,19139.0,,9227.0,11257.0,0.2096,0.5395,0.4038,0.5403,21.0,0.8844,19139.0,Public,4,City,9.859535665006945,9.36768594269996,9.129997619293645,9.328834266023971
174020,Metropolitan State University,MN,3,1,4,11.0,5616.0,1,16863.0,,7600.0,11336.0,0.4755,0.4357,0.3107,0.4159,15.0,0.9871,16863.0,Public,4,City,9.73293645134109,8.633552992532433,8.936035096566041,9.335826992017598
174066,University of Minnesota-Twin Cities,MN,3,1,4,11.0,31855.0,1,16778.0,,18312.0,13662.0,0.1765,0.8528,0.283,0.8504,17.0,0.7975,16778.0,Public,4,City,9.727883383489697,10.368981026303977,9.81536646914095,9.522446728338489
174075,University of Minnesota-Crookston,MN,3,1,4,32.0,1729.0,1,12212.0,,7692.0,9241.0,0.2025,0.4976,0.2617,0.4974,18.0,0.8786,12212.0,Public,4,Town,9.410256237171089,7.455876687491824,8.948066103458935,9.131513591430211
174127,Minneapolis College of Art and Design,MN,3,2,4,11.0,705.0,1,,29926.0,14118.0,8513.0,0.4211,0.5116,0.7468,0.5902,12.0,0.4848,29926.0,Private nonprofit,4,City,10.306516361943942,6.559615237493242,9.555276687009526,9.049467146388098
174154,Herzing University-Minneapolis,MN,3,2,4,13.0,740.0,1,,16670.0,6105.0,7450.0,0.5668,0.4667,0.7901,0.6094,15.0,0.9375,16670.0,Private nonprofit,4,City,9.72142596194803,6.608000625296087,8.717027173294824,8.916103530553727
174233,University of Minnesota-Duluth,MN,3,1,4,13.0,7336.0,1,18743.0,,8746.0,9267.0,0.1879,0.6472,0.4391,0.6458,16.0,0.8875,18743.0,Public,4,City,9.838628980187632,8.900685318713995,9.076466063419854,9.134322885552267
174251,University of Minnesota-Morris,MN,3,1,4,33.0,936.0,1,8837.0,,16176.0,8211.0,0.3255,0.625,0.3627,0.6222,9.0,0.7493,8837.0,Public,4,Town,9.086815885690685,6.842683282238422,9.691345759329694,9.013351778138825
174358,Minnesota State University Moorhead,MN,3,1,4,22.0,3072.0,1,17997.0,,9492.0,10729.0,0.2795,0.5732,0.4846,0.5595,17.0,0.5876,17997.0,Public,4,Suburb,9.798015919593894,8.030409562130485,9.158309963881798,9.280798835624744
174437,North Central University,MN,3,2,4,11.0,709.0,1,,25817.0,9490.0,6701.0,0.4256,0.6634,0.5862,0.6499,14.0,0.9898,25817.0,Private nonprofit,4,City,10.158827202066655,6.565264970035361,9.158099260130491,8.810161268297255
174491,University of Northwestern-St Paul,MN,3,2,4,21.0,1442.0,1,,27705.0,8516.0,6608.0,0.1573,0.6813,0.2714,0.6825,16.0,0.9347,27705.0,Private nonprofit,4,Suburb,10.229404275217824,7.274479558773871,9.04981944514108,8.796187635470453
174525,Oak Hills Christian College,MN,3,2,4,41.0,75.0,1,,20227.0,6511.0,4138.0,0.4701,0.2273,0.6838,0.2708,10.0,,20227.0,Private nonprofit,4,Rural,9.914823062199874,4.330733340286331,8.781401907682376,8.328209491748732
174747,College of Saint Benedict,MN,3,2,4,22.0,1370.0,1,,26640.0,15030.0,9135.0,0.1986,0.7712,0.622,0.8033,11.0,0.9152,26640.0,Private nonprofit,4,Suburb,10.190206661487347,7.223295679562314,9.617870014133226,9.119977931895791
174783,Saint Cloud State University,MN,3,1,4,13.0,5088.0,1,13529.0,,9755.0,11863.0,0.2167,0.4032,0.2351,0.4389,18.0,0.948,13529.0,Public,4,City,9.512664721164834,8.534836626588833,9.18563775933581,9.381263883817768
174792,Saint Johns University,MN,3,2,4,41.0,1395.0,1,,25672.0,16277.0,8973.0,0.1803,0.7538,0.5476,0.7555,12.0,0.9062,25672.0,Private nonprofit,4,Rural,10.153195134975888,7.241366283322318,9.697569781886987,9.102086786535928
174817,Saint Mary's University of Minnesota,MN,3,2,4,32.0,1073.0,1,,11704.0,7094.0,7511.0,0.2452,0.6601,0.4591,0.6683,18.0,0.9278,11704.0,Private nonprofit,4,Town,9.367771379925012,6.97914527506881,8.867145589594143,8.9242570208881
174844,St Olaf College,MN,3,2,4,32.0,3093.0,1,,23874.0,19698.0,9218.0,0.2121,0.84,0.4196,0.8375,11.0,0.4832,23874.0,Private nonprofit,4,Town,10.08058716534893,8.037220031133012,9.888323152016355,9.129021850798594
174862,Crown College,MN,3,2,4,41.0,796.0,1,,26672.0,3358.0,5375.0,0.2444,0.4539,0.388,0.5409,15.0,0.2278,26672.0,Private nonprofit,4,Rural,10.191407096789248,6.680854678790215,8.119398589612294,8.589699882202986
174899,The College of Saint Scholastica,MN,3,2,4,13.0,1765.0,1,,27846.0,9660.0,7589.0,0.2484,0.7053,0.5328,0.664,12.0,0.9296,27846.0,Private nonprofit,4,City,10.234480519625036,7.476472381163905,9.17585244151751,8.934586870389676
174914,University of St Thomas,MN,3,2,4,11.0,6245.0,1,,29155.0,15681.0,11771.0,0.2177,0.7638,0.4401,0.7582,14.0,0.8536,29155.0,Private nonprofit,4,City,10.280416002502104,8.739696537843024,9.660268836790868,9.373479109353363
175005,St Catherine University,MN,3,2,4,11.0,2473.0,1,,19764.0,12414.0,7616.0,0.4007,0.6125,0.5886,0.6317,9.0,0.9185,19764.0,Private nonprofit,4,City,9.891667975730785,7.813591552952433,9.426660697942268,8.938137870372788
175078,Southwest Minnesota State University,MN,3,1,4,33.0,2315.0,1,15291.0,,7153.0,10672.0,0.1207,0.451,0.1541,0.4459,16.0,0.6218,15291.0,Public,4,Town,9.635085094816304,7.7475968386928855,8.875426919818963,9.275472466913964
175272,Winona State University,MN,3,1,4,32.0,5144.0,1,17503.0,,11017.0,10946.0,0.2422,0.5694,0.4865,0.5895,14.0,0.7549,17503.0,Public,4,Town,9.770184705221707,8.545780648268149,9.307285578032662,9.300820725104558
175342,Alcorn State University,MS,3,1,5,43.0,2363.0,1,13265.0,,8729.0,7235.0,0.6978,0.5736,0.6669,0.512,16.0,0.4533,13265.0,Public,5,Rural,9.492959650085501,7.768110378525988,9.074520648833648,8.886823846515187
175421,Belhaven University,MS,3,2,5,12.0,1471.0,1,,15676.0,4351.0,5643.0,0.4865,0.4854,0.6788,0.4988,12.0,0.4975,15676.0,Private nonprofit,5,City,9.659949949068531,7.294377299288821,8.378390788535778,8.638348312972704
175430,Blue Mountain Christian University,MS,3,2,5,42.0,498.0,1,,24016.0,10172.0,6439.0,0.2877,0.5476,0.5011,0.5299,13.0,0.8895,24016.0,Private nonprofit,5,Rural,10.086517191913764,6.212606095751519,9.227492430793749,8.770283819098399
175616,Delta State University,MS,3,1,5,33.0,1620.0,1,13540.0,,10994.0,7517.0,0.4175,0.4806,0.4435,0.4742,12.0,1.0,13540.0,Public,5,Town,9.513477398982824,7.390798521735676,9.305195902988862,8.925055424124123
175856,Jackson State University,MS,3,1,5,12.0,4600.0,1,23836.0,,10884.0,7988.0,0.7232,0.5091,0.8222,0.4098,14.0,0.9315,23836.0,Public,5,City,10.078994274334729,8.434028950155469,9.295140973668648,8.985820874482043
175980,Millsaps College,MS,3,2,5,12.0,549.0,1,,26034.0,19734.0,8256.0,0.3694,0.5714,0.5911,0.5633,9.0,0.4312,26034.0,Private nonprofit,5,City,10.167197065597,6.309918278226516,9.890148988096948,9.01881660441743
176017,University of Mississippi,MS,3,1,5,33.0,21473.0,1,13314.0,,15881.0,10330.0,0.2173,0.7174,0.3717,0.7006,18.0,0.9658,13314.0,Public,5,Town,9.496646498248033,9.97459817999408,9.672941671455156,9.242904362849446
176035,Mississippi University for Women,MS,3,1,5,33.0,1605.0,1,12411.0,,10301.0,6855.0,0.403,0.4677,0.407,0.4194,10.0,0.9031,12411.0,Public,5,Town,9.42641902556827,7.381501894506707,9.24009333012553,8.832879460277615
176044,Mississippi Valley State University,MS,3,1,5,42.0,1439.0,1,9686.0,,11446.0,6733.0,0.5636,0.2676,0.4938,0.2431,13.0,0.9238,9686.0,Public,5,Rural,9.178540059426386,7.272398392570047,9.345482965918476,8.814924599721019
176053,Mississippi Christian University,MS,3,2,5,21.0,2518.0,1,,27712.0,8389.0,7995.0,0.2964,0.5934,0.3544,0.6115,14.0,0.2911,27712.0,Private nonprofit,5,Suburb,10.229656896161444,7.831617276352611,9.034795799461252,8.98669669562029
176080,Mississippi State University,MS,3,1,5,33.0,18397.0,1,17595.0,,8632.0,10100.0,0.2933,0.6667,0.3869,0.6482,16.0,0.7764,17595.0,Public,5,Town,9.77542688246861,9.819997242037102,9.063347348235522,9.220389707829185
176318,Rust College,MS,3,2,5,32.0,467.0,1,,12587.0,8780.0,5096.0,0.7146,0.1179,0.6961,0.1731,10.0,0.4867,12587.0,Private nonprofit,5,Town,9.440499258184298,6.148468295917647,9.080345575359996,8.536407410340042
176372,University of Southern Mississippi,MS,3,1,5,13.0,10075.0,1,21708.0,,8263.0,8697.0,0.4628,0.4906,0.4775,0.498,18.0,0.9912,21708.0,Public,5,City,9.985482200088756,9.2179116374725,9.019664010799474,9.070848393157585
176406,Tougaloo College,MS,3,2,5,12.0,639.0,1,,17043.0,5291.0,4012.0,0.6273,0.3311,0.602,0.3266,9.0,0.5985,17043.0,Private nonprofit,5,City,9.743553514619803,6.461468176353717,8.573951525234847,8.297294370266917
176479,William Carey University,MS,3,2,5,13.0,2201.0,1,,14258.0,12293.0,8123.0,0.2711,0.5978,0.2486,0.5058,14.0,0.6029,14258.0,Private nonprofit,5,City,9.565143565282119,7.697121317282625,9.416866617466955,9.002577922700276
176628,Avila University,MO,3,2,4,11.0,1312.0,1,,16053.0,6863.0,6779.0,0.5635,0.5238,0.6087,0.4729,19.0,0.878,16053.0,Private nonprofit,4,City,9.683713318691522,7.180069874302796,8.834045641167798,8.821732380934442
176664,Mission University,MO,3,2,4,12.0,381.0,1,,21383.0,3499.0,4474.0,0.5585,0.4444,0.6784,0.4143,7.0,,21383.0,Private nonprofit,4,City,9.970398257818754,5.945420608606575,8.160518247477505,8.406261630708956
176789,Calvary University,MO,3,2,4,11.0,154.0,1,,16334.0,8558.0,4019.0,0.3131,0.5217,0.2374,0.5238,7.0,0.7174,16334.0,Private nonprofit,4,City,9.70106532403517,5.043425116919247,9.05473863988161,8.299037181613066
176910,Central Christian College of the Bible,MO,3,2,4,32.0,154.0,1,,14356.0,9460.0,4557.0,0.461,0.2195,0.4091,0.3177,10.0,,14356.0,Private nonprofit,4,Town,9.571992907127694,5.043425116919247,9.154933364704444,8.42463920980563
176947,Central Methodist University-College of Liberal Arts and Sciences,MO,3,2,4,42.0,1040.0,1,,22766.0,13771.0,6712.0,0.4028,0.5123,0.611,0.5182,12.0,0.5687,22766.0,Private nonprofit,4,Rural,10.033067398072022,6.947937068614969,9.530392824458414,8.811801223938751
176965,University of Central Missouri,MO,3,1,4,32.0,5648.0,1,14462.0,,9606.0,9188.0,0.2678,0.5408,0.3238,0.5159,18.0,0.638,14462.0,Public,4,Town,9.579348943073732,8.639233817325263,9.170247278409738,9.125762395500885
177065,Columbia College,MO,3,2,4,12.0,4950.0,1,,22715.0,8042.0,8205.0,0.4465,0.4219,0.4099,0.4382,20.0,,22715.0,Private nonprofit,4,City,10.030824800997323,8.507344855361422,8.99255742690407,9.012620873002131
177083,Conception Seminary College,MO,3,2,4,43.0,40.0,1,,24558.0,16283.0,5187.0,0.1951,0.5,0.0244,0.4038,4.0,,24558.0,Private nonprofit,4,Rural,10.108833664819757,3.713572066704308,9.69793830962287,8.554103545436334
177117,Cottey College,MO,3,2,4,33.0,254.0,1,,13805.0,26653.0,5576.0,0.4624,0.5625,0.6053,0.5866,6.0,0.6918,13805.0,Private nonprofit,4,Town,9.53285855926342,5.541263545158426,10.190694512139672,8.626406276389554
177144,Culver-Stockton College,MO,3,2,4,43.0,807.0,1,,21983.0,4196.0,6246.0,0.3935,0.3916,0.7161,0.4482,15.0,0.991,21983.0,Private nonprofit,4,Rural,9.998070195022075,6.694562058521095,8.34212526333359,8.73985662749357
177214,Drury University,MO,3,2,4,12.0,1383.0,1,,20831.0,11903.0,7506.0,0.2558,0.618,0.4963,0.6386,14.0,0.5758,20831.0,Private nonprofit,4,City,9.944245545008295,7.232733136177615,9.384629757072872,8.923591197573002
177339,Evangel University,MO,3,2,4,12.0,1229.0,1,,18669.0,6332.0,5330.0,0.3125,0.6503,0.7428,0.6491,15.0,0.7161,18669.0,Private nonprofit,4,City,9.834673236535767,7.114769448366463,8.753529336516431,8.581294116822761
177542,Hannibal-LaGrange University,MO,3,2,4,33.0,410.0,1,,22814.0,4210.0,2888.0,0.3683,0.5039,0.4802,0.4696,8.0,0.7263,22814.0,Private nonprofit,4,Town,10.035173493361503,6.018593214496234,8.345455428161928,7.968665700466235
177551,Harris-Stowe State University,MO,3,1,4,11.0,960.0,1,9922.0,,10583.0,5463.0,0.7368,0.2756,0.6093,0.2751,12.0,,9922.0,Public,4,City,9.202610573914242,6.8679744089702925,9.267098705794792,8.605936401250625
177746,Kansas City Art Institute,MO,3,2,4,11.0,812.0,1,,27650.0,12837.0,7886.0,0.4373,0.5797,0.6946,0.6181,10.0,0.5476,27650.0,Private nonprofit,4,City,10.227417172661774,6.70073110954781,9.460164801871723,8.97297111339799
177940,Lincoln University,MO,3,1,4,13.0,1392.0,1,19092.0,,8821.0,5626.0,0.4868,0.2085,0.4382,0.2153,11.0,,19092.0,Public,4,City,9.857077054713464,7.239214973779806,9.085003880664885,8.635331719433278
177968,Lindenwood University,MO,3,2,4,13.0,4624.0,1,,19638.0,7548.0,8990.0,0.2998,0.4933,0.4898,0.498,14.0,0.5684,19638.0,Private nonprofit,4,City,9.885272664115224,8.439231649946526,8.929170383139624,9.103979355984773
178059,Maryville University of Saint Louis,MO,3,2,4,21.0,5658.0,1,,22066.0,6073.0,9445.0,0.3641,0.6622,0.5267,0.6874,13.0,0.9508,22066.0,Private nonprofit,4,Suburb,10.001838558883081,8.641002477142523,8.711772645605693,9.153346650456063
178208,Midwestern Baptist Theological Seminary,MO,3,2,4,11.0,747.0,1,,23006.0,2405.0,7596.0,0.3008,0.4828,0.2409,0.5932,17.0,0.964,23006.0,Private nonprofit,4,City,10.043553796432969,6.617402977974478,7.785720896534624,8.935508711503221
178244,Missouri Baptist University,MO,3,2,4,21.0,1488.0,1,,27006.0,4969.0,6803.0,0.1113,0.4758,0.1892,0.479,15.0,0.686,27006.0,Private nonprofit,4,Suburb,10.203851370643852,7.305860032684009,8.511175119090675,8.825265953515752
178341,Missouri Southern State University,MO,3,1,4,13.0,3019.0,1,12007.0,,9817.0,6706.0,0.3402,0.4158,0.3326,0.3987,15.0,0.9703,12007.0,Public,4,City,9.393328373313297,8.013012110368916,9.191972714617998,8.810907036099737
178369,Missouri Valley College,MO,3,2,4,33.0,1443.0,1,,18086.0,4613.0,5466.0,0.32,0.2244,0.4198,0.2332,18.0,0.6918,18086.0,Private nonprofit,4,Town,9.802948727157515,7.275172319452771,8.4368504387337,8.606485298894999
178387,Missouri Western State University,MO,3,1,4,13.0,2219.0,1,13251.0,,6261.0,7902.0,0.2844,0.3854,0.2794,0.3914,15.0,,13251.0,Public,4,City,9.491903763419787,7.705262474866325,8.742254901886351,8.974997713204976
178396,University of Missouri-Columbia,MO,3,1,4,12.0,23929.0,1,20268.0,,13675.0,11563.0,0.2007,0.7494,0.3528,0.7552,17.0,0.7847,20268.0,Public,4,City,9.916847904237965,10.082888180902419,9.523397750759193,9.355652103136237
178402,University of Missouri-Kansas City,MO,3,1,4,11.0,6817.0,1,13310.0,,14451.0,11063.0,0.2639,0.5546,0.2391,0.5568,13.0,0.7218,13310.0,Public,4,City,9.496346040047019,8.827321452697849,9.57858809226753,9.311451873344595
178411,Missouri University of Science and Technology,MO,3,1,4,33.0,5521.0,1,16298.0,,15588.0,12726.0,0.2279,0.6437,0.4,0.6397,17.0,0.7255,16298.0,Public,4,Town,9.698859035219632,8.6164953924901,9.654320816312682,9.451480999992047
178420,University of Missouri-St Louis,MO,3,1,4,21.0,5024.0,1,15071.0,,10909.0,10112.0,0.1835,0.5664,0.1925,0.5676,13.0,0.6267,15071.0,Public,4,Suburb,9.620593996816144,8.522180732927277,9.297435078827116,9.221577003902171
178615,Truman State University,MO,3,1,4,33.0,2513.0,1,12780.0,,15401.0,7584.0,0.1654,0.6853,0.2744,0.6845,12.0,0.8377,12780.0,Public,4,Town,9.455714972131714,7.829630389150193,9.642252650099195,8.933927891782632
178624,Northwest Missouri State University,MO,3,1,4,33.0,4378.0,1,16244.0,,7192.0,8101.0,0.2727,0.5423,0.4153,0.5576,16.0,0.8609,16244.0,Public,4,Town,9.6955404481032,8.384575666801398,8.880863609867356,8.999866223762636
178679,Ozark Christian College,MO,3,2,4,13.0,602.0,1,,20580.0,5523.0,5805.0,0.4251,0.6364,0.5407,0.6554,17.0,0.9361,20580.0,Private nonprofit,4,City,9.93212359907246,6.401917196727186,8.616857514529183,8.666647144584575
178697,College of the Ozarks,MO,3,2,4,32.0,1444.0,1,,6100.0,13386.0,8409.0,0.4919,0.6369,0.0,0.6241,14.0,0.1199,6100.0,Private nonprofit,4,Town,8.716207971151853,7.275864600546533,9.502039365785897,9.037176752966994
178721,Park University,MO,3,2,4,21.0,4555.0,1,,21032.0,7714.0,7060.0,0.4092,0.3843,0.3099,0.34,13.0,,21032.0,Private nonprofit,4,Suburb,9.953847911875078,8.424200324567073,8.950921764797261,8.862341963516347
179043,Rockhurst University,MO,3,2,4,11.0,1580.0,1,,25884.0,7703.0,8007.0,0.2008,0.7456,0.3506,0.7509,12.0,0.6959,25884.0,Private nonprofit,4,City,10.161418929336001,7.365812837209472,8.949494953477961,8.988196320995057
179159,Saint Louis University,MO,3,2,4,11.0,7267.0,1,,24398.0,16954.0,11423.0,0.1689,0.7953,0.2966,0.7965,9.0,0.7504,24398.0,Private nonprofit,4,City,10.102297426834886,8.891236429516061,9.73831805455974,9.343471684579365
179265,University of Health Sciences and Pharmacy in St. Louis,MO,3,2,4,11.0,337.0,1,,31817.0,28357.0,10471.0,0.3127,0.6168,0.68,0.6854,9.0,0.8984,31817.0,Private nonprofit,4,City,10.367787446365185,5.823045895483019,10.252664456297504,9.256460307589736
179326,Southwest Baptist University,MO,3,2,4,32.0,1341.0,1,,21677.0,10376.0,6072.0,0.3627,0.5532,0.5034,0.5322,10.0,0.6839,21677.0,Private nonprofit,4,Town,9.984053200375696,7.201916317531627,9.247347097605278,8.711607995897575
179548,Stephens College,MO,3,2,4,12.0,391.0,1,,23459.0,17955.0,7780.0,0.4522,0.4274,0.6174,0.4471,8.0,0.7722,23459.0,Private nonprofit,4,City,10.063052122207466,5.971261839790462,9.795679599901822,8.95944014361693
179557,Southeast Missouri State University,MO,3,1,4,13.0,6373.0,1,15882.0,,6248.0,8551.0,0.304,0.5793,0.3295,0.5673,20.0,0.7352,15882.0,Public,4,City,9.673004633835156,8.759982494977281,8.740176729929082,9.053920452704881
179566,Missouri State University-Springfield,MO,3,1,4,12.0,13313.0,1,17613.0,,8676.0,9014.0,0.2201,0.5791,0.2892,0.5761,21.0,0.9053,17613.0,Public,4,City,9.776449319365405,9.496571392160648,9.06843112579349,9.106645135637418
179867,Washington University in St Louis,MO,3,2,4,21.0,7857.0,1,,21786.0,181929.0,16945.0,0.1775,0.9426,0.1176,0.9435,7.0,0.1206,21786.0,Private nonprofit,4,Suburb,9.989068740626333,8.969287400118406,12.111377276690849,9.73778709675841
179894,Webster University,MO,3,2,4,21.0,2304.0,1,,27047.0,8345.0,9218.0,0.2882,0.6439,0.4581,0.6268,16.0,0.8623,27047.0,Private nonprofit,4,Suburb,10.205368344387722,7.742835955430749,9.029537661151497,9.129021850798594
179946,Westminster College,MO,3,2,4,32.0,638.0,1,,24314.0,11340.0,7642.0,0.3828,0.5549,0.9123,0.5648,9.0,0.792,24314.0,Private nonprofit,4,Town,10.098848722837886,6.459904454377535,9.33617975681533,8.941545475242885
179955,William Jewell College,MO,3,2,4,21.0,924.0,1,,17562.0,12825.0,7488.0,0.3157,0.6766,0.4804,0.6439,10.0,0.3836,17562.0,Private nonprofit,4,Suburb,9.773549695421735,6.829793737512425,9.459229639708807,8.921190556249368
179964,William Woods University,MO,3,2,4,32.0,1300.0,1,,26569.0,6000.0,5707.0,0.3482,0.4681,0.4941,0.5197,16.0,0.7096,26569.0,Private nonprofit,4,Town,10.187538038753859,7.170888478512505,8.699681400989514,8.649623978596727
180106,Carroll College,MT,3,2,7,13.0,1092.0,1,,23960.0,10107.0,7620.0,0.2024,0.6929,0.4482,0.677,12.0,0.7093,23960.0,Private nonprofit,7,City,10.0841827875855,6.996681488176539,9.221082468508085,8.938662873666118
180179,Montana State University Billings,MT,3,1,7,12.0,2626.0,1,16524.0,,8173.0,7728.0,0.2544,0.3004,0.2831,0.2912,14.0,,16524.0,Public,7,City,9.712629664719888,7.87359778968554,9.008713664124222,8.952734767106872
180258,University of Providence,MT,3,2,7,13.0,528.0,1,,17649.0,10820.0,6450.0,0.3292,0.2794,0.4822,0.3553,9.0,0.5028,17649.0,Private nonprofit,7,City,9.778491062361443,6.270988431858299,9.289243969571649,8.771990436532242
180416,Montana Technological University,MT,3,1,7,33.0,1480.0,1,16481.0,,10441.0,8585.0,0.2376,0.5824,0.3923,0.5815,14.0,0.9105,16481.0,Public,7,Town,9.710024155323328,7.300472814267799,9.253591413970497,9.057888248784506
180461,Montana State University,MT,3,1,7,13.0,14451.0,1,22499.0,,9613.0,9762.0,0.1639,0.5708,0.3141,0.5722,18.0,0.8214,22499.0,Public,7,City,10.021270588192511,9.57858809226753,9.170975648453906,9.186355009225672
180489,The University of Montana,MT,3,1,7,13.0,7488.0,1,16784.0,,10436.0,9310.0,0.2803,0.4796,0.4107,0.4662,17.0,0.9586,16784.0,Public,7,City,9.728240909414135,8.921190556249368,9.253112463820052,9.138951775888529
180522,Montana State University-Northern,MT,3,1,7,33.0,761.0,1,12664.0,,10357.0,6179.0,0.3309,0.4111,0.2929,0.4177,13.0,,12664.0,Public,7,Town,9.446597562435775,6.635946555686647,9.245514446983837,8.729073550451737
180595,Rocky Mountain College,MT,3,2,7,12.0,840.0,1,,19751.0,11659.0,6957.0,0.3111,0.4841,0.5466,0.4759,14.0,0.6961,19751.0,Private nonprofit,7,City,9.891010031025015,6.734591659972948,9.363919459904483,8.847647355711887
180692,The University of Montana-Western,MT,3,1,7,33.0,1198.0,1,16558.0,,6545.0,7879.0,0.3521,0.5125,0.3444,0.5029,16.0,0.9978,16558.0,Public,7,Town,9.714685039642484,7.089243155027514,8.786609455061125,8.972083182851925
180814,Bellevue University,NE,3,2,4,21.0,10220.0,1,,17550.0,2786.0,6710.0,0.3004,0.3295,0.2311,0.3934,12.0,,17550.0,Private nonprofit,4,Suburb,9.77286620732769,9.232199706329077,7.932721027481948,8.811503250158239
180832,Clarkson College,NE,3,2,4,11.0,622.0,1,,19241.0,14465.0,6775.0,0.4013,0.4667,0.8108,0.6727,10.0,0.7818,19241.0,Private nonprofit,4,City,9.86485066892121,6.434546518787453,9.579556347409227,8.821142236331891
180878,Bryan College of Health Sciences,NE,3,2,4,11.0,553.0,1,,26919.0,12190.0,9196.0,0.2787,0.7,0.6361,0.7257,9.0,0.6737,26919.0,Private nonprofit,4,City,10.200624783758665,6.317164686747284,9.408453253565146,9.126632622902697
180948,Chadron State College,NE,3,1,4,33.0,1540.0,1,12549.0,,7796.0,8175.0,0.3759,0.5041,0.4958,0.4402,15.0,,12549.0,Public,4,Town,9.43747594455993,7.340186835320115,8.9614943233096,9.008958312443486
180984,Concordia University-Nebraska,NE,3,2,4,32.0,1283.0,1,,23965.0,5451.0,6919.0,0.1138,0.6489,0.2635,0.6449,14.0,0.8572,23965.0,Private nonprofit,4,Town,10.084391438242461,7.157735484249907,8.603737792816423,8.842171048611716
181002,Creighton University,NE,3,2,4,11.0,4348.0,1,,31568.0,18314.0,10809.0,0.1152,0.8336,0.4195,0.8196,11.0,0.7975,31568.0,Private nonprofit,4,City,10.359930905408921,8.37770121259764,9.815475675212914,9.288226910633254
181020,Doane University,NE,3,2,4,32.0,978.0,1,,26364.0,13589.0,7775.0,0.2678,0.5714,0.6625,0.5645,11.0,0.9801,26364.0,Private nonprofit,4,Town,10.17979265196457,6.88653164253051,9.51708950714519,8.958797346140274
181127,Hastings College,NE,3,2,4,32.0,891.0,1,,24452.0,8984.0,7146.0,0.2737,0.4885,0.6131,0.5123,14.0,0.7165,24452.0,Private nonprofit,4,Town,10.104508186762567,6.79346613258001,9.103311799217659,8.874447967219979
181215,University of Nebraska at Kearney,NE,3,1,4,32.0,4088.0,1,16242.0,,11409.0,8350.0,0.3693,0.5774,0.3539,0.5872,14.0,0.8949,16242.0,Public,4,Town,9.695417325719395,8.316055720364643,9.342245442856122,9.03013657115323
181297,Nebraska Methodist College of Nursing & Allied Health,NE,3,2,4,11.0,781.0,1,,21863.0,12149.0,6681.0,0.3085,0.5952,0.6476,0.6296,13.0,0.7341,21863.0,Private nonprofit,4,City,9.992596727607904,6.661854740545311,9.405084448768694,8.807172622916703
181330,Midland University,NE,3,2,4,32.0,1159.0,1,,26267.0,7011.0,6937.0,0.2806,0.4212,0.6167,0.4266,14.0,0.6612,26267.0,Private nonprofit,4,Town,10.176106747310863,7.05617528410041,8.855378246041125,8.844768827529695
181394,University of Nebraska at Omaha,NE,3,1,4,11.0,11488.0,1,13441.0,,10723.0,9293.0,0.3465,0.4708,0.2629,0.4728,15.0,0.8698,13441.0,Public,4,City,9.506139412529912,9.349145334853365,9.28023949935585,9.137124309644923
181446,Nebraska Wesleyan University,NE,3,2,4,11.0,1453.0,1,,18327.0,7085.0,6745.0,0.3357,0.6612,0.5434,0.6738,12.0,0.7982,18327.0,Private nonprofit,4,City,9.816185224133331,7.282073658093465,8.865876285425417,8.816705015621595
181464,University of Nebraska-Lincoln,NE,3,1,4,11.0,19178.0,1,17747.0,,13023.0,12658.0,0.2277,0.6697,0.3255,0.6641,17.0,0.8749,17747.0,Public,4,City,9.7840281124988,9.861571209434837,9.474549088242322,9.446123703636829
181534,Peru State College,NE,3,1,4,43.0,1092.0,1,11632.0,,6887.0,8181.0,0.3685,0.3761,0.4442,0.3767,17.0,,11632.0,Public,4,Rural,9.361601165816767,6.996681488176539,8.837536046107568,9.009691898489343
181604,College of Saint Mary,NE,3,2,4,11.0,445.0,1,,16590.0,14423.0,7807.0,0.388,0.605,0.4959,0.6,8.0,0.4465,16590.0,Private nonprofit,4,City,9.716615658643356,6.100318952020064,9.576648764883153,8.962904128092928
181738,Union Adventist University,NE,3,2,4,11.0,471.0,1,,23716.0,18776.0,6684.0,0.3077,0.5226,0.6084,0.4904,8.0,1.0,23716.0,Private nonprofit,4,City,10.073947369564895,6.156978985585555,9.840387995592812,8.807621489536043
181783,Wayne State College,NE,3,1,4,32.0,3010.0,1,15360.0,,7016.0,8347.0,0.258,0.5215,0.3238,0.5377,19.0,,15360.0,Public,4,Town,9.639587108749145,8.010027528481734,8.85609105525229,9.029777268197092
181853,York University,NE,3,2,4,33.0,428.0,1,,20951.0,5315.0,5879.0,0.4018,0.5221,0.6411,0.4426,11.0,0.5188,20951.0,Private nonprofit,4,Town,9.949989386187548,6.061456918928017,8.578476419833136,8.679312040892672
182281,University of Nevada-Las Vegas,NV,3,1,8,12.0,24622.0,1,10359.0,,16939.0,13197.0,0.401,0.5051,0.255,0.5031,19.0,0.9617,10359.0,Public,8,City,9.245707515813473,10.111436244467795,9.737432968206045,9.487820581943367
182290,University of Nevada-Reno,NV,3,1,8,11.0,15599.0,1,15927.0,,14669.0,13293.0,0.2289,0.6124,0.2395,0.6184,17.0,0.7371,15927.0,Public,8,City,9.675833845744032,9.655026193237628,9.593559871137028,9.495068084601527
182634,Colby-Sawyer College,NH,3,2,1,43.0,771.0,1,,27431.0,9406.0,7194.0,0.2278,0.5745,0.6571,0.5968,10.0,0.8008,27431.0,Private nonprofit,1,Rural,10.219465494142757,6.648984550024776,9.149209371971951,8.881141619321468
182670,Dartmouth College,NH,3,2,1,33.0,4541.0,1,,29519.0,32539.0,19770.0,0.1435,0.9554,0.1203,0.9575,7.0,0.054,29519.0,Private nonprofit,1,Town,10.292823278714408,8.421122722665503,10.390225380773028,9.89197149657488
182795,Franklin Pierce University,NH,3,2,1,42.0,992.0,1,,27154.0,10351.0,8428.0,0.293,0.5351,0.7032,0.4978,13.0,0.9347,27154.0,Private nonprofit,1,Rural,10.209316470468945,6.900730664045173,9.244935016740682,9.039433419997483
182980,New England College,NH,3,2,1,42.0,1022.0,1,,26972.0,5395.0,7656.0,0.36,0.3451,0.715,0.3264,8.0,0.9213,26972.0,Private nonprofit,1,Rural,10.202591644652882,6.930494765951626,8.593413217327646,8.943375541113124
183026,Southern New Hampshire University,NH,3,2,1,22.0,163164.0,1,,36708.0,1594.0,9805.0,0.4875,0.4283,0.5821,0.4375,24.0,0.9951,36708.0,Private nonprofit,1,Suburb,10.510777235585936,12.002517237727828,7.374629015218945,9.190749722211178
183044,University of New Hampshire-Main Campus,NH,3,1,1,31.0,11261.0,1,23805.0,,12735.0,12271.0,0.1813,0.7607,0.5663,0.7626,17.0,0.8816,23805.0,Public,1,Town,10.077692928727824,9.329189505814563,9.452187908084165,9.415075523607037
183062,Keene State College,NH,3,1,1,32.0,2699.0,1,17887.0,,10942.0,10286.0,0.2616,0.6006,0.6656,0.5926,17.0,0.9033,17887.0,Public,1,Town,9.791885375954825,7.90100705199242,9.300455261418444,9.23863624113103
183071,University of New Hampshire at Manchester,NH,3,1,1,12.0,443.0,1,9992.0,,10629.0,9178.0,0.2882,0.5,0.4313,0.5613,8.0,0.8087,9992.0,Public,1,City,9.209640126861789,6.095824562432225,9.271435471335993,9.12467354521909
183080,Plymouth State University,NH,3,1,1,33.0,3153.0,1,19216.0,,9906.0,9340.0,0.2809,0.5203,0.6912,0.4971,15.0,0.8754,19216.0,Public,1,Town,9.863550582932428,8.056426767522984,9.20099685697303,9.14216859187285
183211,Rivier University,NH,3,2,1,13.0,1231.0,1,,28082.0,7547.0,8174.0,0.2831,0.5167,0.6974,0.5516,14.0,0.8259,28082.0,Private nonprofit,1,City,10.242919690039855,7.116394144093465,8.92903790648844,9.008835995765454
183239,Saint Anselm College,NH,3,2,1,22.0,2087.0,1,,34779.0,13897.0,9792.0,0.1135,0.8003,0.6852,0.8153,12.0,0.7805,34779.0,Private nonprofit,1,Suburb,10.456797787908274,7.643961949002529,9.539500223874272,9.189423123720795
183257,University of New Hampshire College of Professional Studies Online,NH,3,1,1,12.0,1157.0,1,10864.0,,5086.0,9964.0,0.3182,0.2955,0.3309,0.221,10.0,,10864.0,Public,1,City,9.29330189269053,7.05444965813294,8.534443544822764,9.206834232646894
183275,Thomas More College of Liberal Arts,NH,3,2,1,22.0,97.0,1,,18489.0,13139.0,5762.0,0.4455,0.625,0.8218,0.6216,10.0,,18489.0,Private nonprofit,1,Suburb,9.82498532438117,4.584967478670572,9.483416292038601,8.659213451436667
183789,Berkeley College-Woodland Park,NJ,3,3,2,21.0,1778.0,1,,27100.0,8480.0,7262.0,0.6184,0.4371,0.6816,0.4427,14.0,,27100.0,Private for-profit,2,Suburb,10.207325906555994,7.483806687665835,9.0455836463617,8.890548245606167
183822,Bloomfield College of Montclair State University,NJ,3,1,2,21.0,781.0,1,28014.0,,12599.0,9925.0,0.7036,0.3811,0.8858,0.345,12.0,0.6974,28014.0,Public,2,Suburb,10.240495359999384,6.661854740545311,9.441452092939569,9.202912856147385
183910,Caldwell University,NJ,3,2,2,21.0,1575.0,1,,24691.0,9080.0,8318.0,0.4862,0.5749,0.6409,0.5801,12.0,0.7134,24691.0,Private nonprofit,2,Suburb,10.114234583513786,7.362645270417825,9.113939597689829,9.026297334283887
183974,Centenary University,NJ,3,2,2,21.0,910.0,1,,20503.0,11236.0,7533.0,0.3828,0.5605,0.633,0.5631,12.0,0.8308,20503.0,Private nonprofit,2,Suburb,9.928375268043908,6.814542897259958,9.326967183907902,8.927181388251986
184348,Drew University,NJ,3,2,2,21.0,1533.0,1,,24280.0,11898.0,9405.0,0.2894,0.7048,0.4458,0.7139,11.0,0.6783,24280.0,Private nonprofit,2,Suburb,10.097449430486758,7.335633981927201,9.384209641955154,9.149103062504993
184603,Fairleigh Dickinson University-Metropolitan Campus,NJ,3,2,2,21.0,2627.0,1,,15404.0,9140.0,9579.0,0.2195,0.5332,0.2079,0.58,14.0,0.9071,15404.0,Private nonprofit,2,Suburb,9.642447411030767,7.873978379604501,9.12052506765382,9.167432870964907
184612,Felician University,NJ,3,2,2,21.0,1774.0,1,,40045.0,8090.0,7884.0,0.5247,0.4722,0.5504,0.4849,15.0,,40045.0,Private nonprofit,2,Suburb,10.597784072352594,7.4815557019095165,8.99850761180784,8.972717499397138
184694,Fairleigh Dickinson University-Florham Campus,NJ,3,2,2,21.0,1990.0,1,,22829.0,13263.0,9429.0,0.3645,0.6662,0.5463,0.6972,11.0,0.9519,22829.0,Private nonprofit,2,Suburb,10.035830739523842,7.596392304064196,9.492808877375076,9.151651375627504
184773,Georgian Court University,NJ,3,2,2,13.0,1195.0,1,,19285.0,9850.0,8457.0,0.3315,0.5357,0.4865,0.5423,11.0,0.7884,19285.0,Private nonprofit,2,City,9.867134723070329,7.086737934510577,9.19532825185568,9.042868018032435
184782,Rowan University,NJ,3,1,2,21.0,15841.0,1,22408.0,,16731.0,10856.0,0.3306,0.6736,0.4337,0.678,17.0,0.7766,22408.0,Public,2,Suburb,10.01721794286315,9.670419920024225,9.72507833256209,9.292565312231853
185129,New Jersey City University,NJ,3,1,2,11.0,3681.0,1,16053.0,,10046.0,12966.0,0.5248,0.3389,0.2834,0.363,13.0,0.9838,16053.0,Public,2,City,9.683713318691522,8.211211361793023,9.215029361462314,9.470162947548884
185262,Kean University,NJ,3,1,2,21.0,11433.0,1,12447.0,,13363.0,10488.0,0.4793,0.4657,0.4113,0.4499,17.0,0.759,12447.0,Public,2,Suburb,9.429315246418172,9.344346651823917,9.500319803476646,9.258082367961604
185572,Monmouth University,NJ,3,2,2,21.0,3684.0,1,,30988.0,12830.0,10388.0,0.3045,0.719,0.6072,0.7111,12.0,0.8902,30988.0,Private nonprofit,2,Suburb,10.341387581787455,8.212025804623437,9.459619396895018,9.248502833070532
185590,Montclair State University,NJ,3,1,2,21.0,18376.0,1,15566.0,,9193.0,12540.0,0.4699,0.6466,0.4051,0.6446,18.0,0.8789,15566.0,Public,2,Suburb,9.65290856803585,9.818855161695424,9.126306376366173,9.43675855582405
185828,New Jersey Institute of Technology,NJ,3,1,2,11.0,9019.0,1,16504.0,,16796.0,13884.0,0.3956,0.7276,0.3118,0.7292,17.0,0.6507,16504.0,Public,2,City,9.711418644287294,9.10719961305667,9.728955578017002,9.538564399740899
186131,Princeton University,NJ,3,2,2,13.0,5709.0,1,,6128.0,73220.0,25354.0,0.1924,0.9761,0.0197,0.9735,5.0,0.0462,6128.0,Private nonprofit,2,City,8.720786883485731,8.649974302650056,11.201237544051601,10.14073122822912
186186,Rabbinical College of America,NJ,3,2,2,21.0,181.0,1,,15628.0,11986.0,6825.0,0.4365,0.2222,0.0,0.2017,10.0,0.9515,15628.0,Private nonprofit,2,Suburb,9.656883441842194,5.204006687076795,9.3915780082071,8.828494129466652
186201,Ramapo College of New Jersey,NJ,3,1,2,21.0,4898.0,1,18173.0,,14181.0,12502.0,0.2823,0.6981,0.376,0.7082,17.0,0.7064,18173.0,Public,2,Suburb,9.807747280255292,8.496786381638575,9.559728833863941,9.433723894495
186283,Rider University,NJ,3,2,2,21.0,3106.0,1,,24792.0,13714.0,11615.0,0.3473,0.6133,0.5829,0.6237,14.0,0.7864,24792.0,Private nonprofit,2,Suburb,10.118316634246252,8.041412909393047,9.526245403371703,9.360138737064577
186371,Rutgers University-Camden,NJ,3,1,2,13.0,3753.0,1,18745.0,,21071.0,14127.0,0.4771,0.6667,0.4702,0.6656,12.0,0.6629,18745.0,Public,2,City,9.838735675306431,8.230577217146454,9.955700423983062,9.555913922843741
186380,Rutgers University-New Brunswick,NJ,3,1,2,13.0,37751.0,1,24406.0,,20585.0,14593.0,0.279,0.8363,0.3479,0.8429,16.0,0.5815,24406.0,Public,2,City,10.102625255383492,10.538793733406223,9.932366512086505,9.588365764325566
186399,Rutgers University-Newark,NJ,3,1,2,11.0,7709.0,1,19703.0,,20911.0,16467.0,0.5881,0.6375,0.3183,0.6568,14.0,0.7136,19703.0,Public,2,City,9.888576939800373,8.950273466557375,9.948078435864003,9.709174382889795
186432,Saint Peter's University,NJ,3,2,2,11.0,2135.0,1,,12199.0,7315.0,9476.0,0.5198,0.5826,0.2856,0.6087,12.0,0.903,12199.0,Private nonprofit,2,City,9.409191230721348,7.666690200080086,8.897819009510757,9.156623089470195
186584,Seton Hall University,NJ,3,2,2,21.0,6036.0,1,,31446.0,12862.0,11807.0,0.3249,0.6949,0.5043,0.7046,14.0,0.7326,31446.0,Private nonprofit,2,Suburb,10.356058868071564,8.705662478796427,9.462110252078716,9.376532546840254
186618,Saint Elizabeth University,NJ,3,2,2,21.0,557.0,1,,23125.0,12527.0,7875.0,0.5791,0.511,0.6567,0.4595,8.0,0.7103,23125.0,Private nonprofit,2,Suburb,10.048712804688908,6.324358962381311,9.435721418230584,8.971575439759016
186867,Stevens Institute of Technology,NJ,3,2,2,21.0,4222.0,1,,41346.0,14681.0,17610.0,0.2043,0.8688,0.5271,0.8817,11.0,0.4758,41346.0,Private nonprofit,2,Suburb,10.62975514642929,8.348301054933943,9.594377532670727,9.776278985795086
186876,Stockton University,NJ,3,1,2,41.0,7537.0,1,20670.0,,8898.0,11456.0,0.4228,0.6854,0.493,0.7024,17.0,0.8894,20670.0,Public,2,Rural,9.936487030799237,8.92771217382708,9.093694189856862,9.346356175893625
187134,The College of New Jersey,NJ,3,1,2,21.0,7105.0,1,27646.0,,10258.0,12766.0,0.2097,0.8585,0.4756,0.8554,14.0,0.6229,27646.0,Public,2,Suburb,10.227272501968187,8.868694776580972,9.235910648087712,9.45461899582035
187444,William Paterson University of New Jersey,NJ,3,1,2,21.0,6614.0,1,18745.0,,13191.0,13396.0,0.4653,0.4396,0.4285,0.4559,18.0,0.9008,18745.0,Public,2,Suburb,9.838735675306431,8.797095076549056,9.487365864239434,9.502786080276985
187648,Eastern New Mexico University-Main Campus,NM,3,1,6,33.0,3357.0,1,4904.0,,7348.0,8343.0,0.3571,0.4509,0.1891,0.4229,18.0,0.9166,4904.0,Public,6,Town,8.498010371999463,8.119100837637486,8.90231952852887,9.029297996680608
187745,Institute of American Indian and Alaska Native Culture and Arts Development,NM,3,1,6,41.0,334.0,1,12570.0,,15463.0,7818.0,0.2252,0.1463,0.0,0.2021,9.0,0.9747,12570.0,Public,6,Rural,9.43914785291483,5.814130531825066,9.646270020888167,8.964311948124514
187897,New Mexico Highlands University,NM,3,1,6,33.0,1451.0,1,14838.0,,11748.0,5823.0,0.4509,0.2618,0.176,0.259,10.0,,14838.0,Public,6,Town,9.605014129006127,7.280697195384741,9.371523409567573,8.669742589876522
187967,New Mexico Institute of Mining and Technology,NM,3,1,6,33.0,995.0,1,9873.0,,13319.0,10264.0,0.295,0.5705,0.3122,0.5675,9.0,0.4449,9873.0,Public,6,Town,9.197660318818809,6.903747257584598,9.49702194409438,9.236495329453033
187985,University of New Mexico-Main Campus,NM,3,1,6,11.0,17244.0,1,15489.0,,15468.0,11446.0,0.3873,0.5469,0.4408,0.535,15.0,0.9518,15489.0,Public,6,City,9.647949933410914,9.755277525370941,9.646593300236665,9.345482965918476
188030,New Mexico State University-Main Campus,NM,3,1,6,22.0,11946.0,1,8889.0,,12132.0,10198.0,0.3849,0.5517,0.1993,0.5377,16.0,0.8897,8889.0,Public,6,Suburb,9.09268232850795,9.388235479817224,9.403684292051873,9.230044955250518
188182,University of the Southwest,NM,3,2,6,33.0,346.0,1,,16927.0,4066.0,3737.0,0.5519,0.1698,0.6409,0.2308,21.0,,16927.0,Private nonprofit,6,Town,9.736724334658026,5.849324779946859,8.310660905907225,8.226305988015508
188304,Western New Mexico University,NM,3,1,6,33.0,2026.0,1,8522.0,,9617.0,8468.0,0.4345,0.3223,0.2151,0.3365,12.0,,8522.0,Public,6,Town,9.050523670522297,7.614312146452,9.171391621837609,9.0441677169216
188429,Adelphi University,NY,3,2,2,21.0,5276.0,1,,30783.0,15443.0,13657.0,0.3103,0.6715,0.5865,0.68,12.0,0.6591,30783.0,Private nonprofit,2,Suburb,10.334750353465433,8.571113033405668,9.644975857384127,9.522080709521035
188526,Albany College of Pharmacy and Health Sciences,NY,3,2,2,12.0,481.0,1,,29882.0,28471.0,10066.0,0.2888,0.6754,0.8336,0.6817,10.0,0.5269,29882.0,Private nonprofit,2,City,10.305045035813276,6.1779441140506,10.256676427190028,9.217018026729423
188641,Alfred University,NY,3,2,2,42.0,1423.0,1,,25620.0,14894.0,7390.0,0.3854,0.5698,0.6414,0.5626,9.0,0.7384,25620.0,Private nonprofit,2,Rural,10.15116760669524,7.261225091971921,9.608780865147382,8.908018322784887
189088,Bard College,NY,3,2,2,41.0,2414.0,1,,34649.0,42373.0,12589.0,0.1667,0.6756,0.3168,0.701,9.0,0.5212,34649.0,Private nonprofit,2,Rural,10.453053004618049,7.789454566086673,10.654290245584235,9.440658127038393
189097,Barnard College,NY,3,2,2,11.0,3264.0,1,,28800.0,32573.0,15995.0,0.1586,0.9302,0.2569,0.9298,10.0,0.0884,28800.0,Private nonprofit,2,City,10.268165387743457,8.09101504171053,10.391269703133506,9.680093969966709
189228,Berkeley College-New York,NY,3,3,2,11.0,1449.0,1,,34124.0,5474.0,7929.0,0.5228,0.4401,0.5695,0.4216,21.0,,34124.0,Private for-profit,2,City,10.437785532487261,7.27931883541462,8.607947554684701,8.978408314628894
189413,Boricua College,NY,3,2,2,11.0,391.0,1,,15245.0,3692.0,5110.0,0.8603,0.806,0.1372,0.7409,20.0,,15245.0,Private nonprofit,2,City,9.632072452548218,5.971261839790462,8.214194414852564,8.53915035876828
189565,Bryant & Stratton College-Syracuse North,NY,3,2,2,21.0,458.0,1,,15217.0,8532.0,6263.0,0.6204,0.3163,0.7182,0.2816,16.0,,15217.0,Private nonprofit,2,Suburb,9.630234216736469,6.129050210060545,9.051696278536586,8.74257423767064
189705,Canisius University,NY,3,2,2,11.0,1685.0,1,,17940.0,8715.0,8691.0,0.322,0.6639,0.5328,0.6866,11.0,0.7236,17940.0,Private nonprofit,2,City,9.794843875419385,7.430114138561801,9.072915696064511,9.07015834137632
189857,Central Yeshiva Tomchei Tmimim Lubavitz,NY,3,2,2,11.0,863.0,1,,21437.0,1521.0,3816.0,0.6395,0.0513,0.0,0.04,31.0,0.8743,21437.0,Private nonprofit,2,City,9.972920327251465,6.761572768804055,7.3277805384216315,8.247220052745229
190044,Clarkson University,NY,3,2,2,33.0,2196.0,1,,30305.0,16750.0,11357.0,0.2157,0.7491,0.6188,0.7429,13.0,0.7736,30305.0,Private nonprofit,2,Town,10.319100991696107,7.69484807238461,9.726213236963687,9.337677620437377
190099,Colgate University,NY,3,2,2,42.0,3180.0,1,,28786.0,29447.0,13098.0,0.1252,0.9117,0.1226,0.9086,9.0,0.1388,28786.0,Private nonprofit,2,Rural,10.267679175328517,8.064950891749143,10.290381275058857,9.48029117039765
190114,Metropolitan College of New York,NY,3,2,2,11.0,402.0,1,,28882.0,9596.0,7154.0,0.6512,0.4,0.7093,0.2834,12.0,0.9,28882.0,Private nonprofit,2,City,10.271008465728148,5.998936561946683,9.169205828617628,8.875566691990551
190150,Columbia University in the City of New York,NY,3,2,2,11.0,8973.0,1,,21590.0,110371.0,21516.0,0.2271,0.961,0.1371,0.9554,6.0,0.0399,21590.0,Private nonprofit,2,City,9.980031840175913,9.102086786535928,11.611611757468927,9.976598599353451
190372,The Cooper Union for the Advancement of Science and Art,NY,3,2,2,11.0,842.0,1,,13269.0,35566.0,14408.0,0.2786,0.8111,0.2098,0.8074,8.0,0.2071,13269.0,Private nonprofit,2,City,9.493261127326253,6.736966958001855,10.479173520649045,9.575608290332934
190415,Cornell University,NY,3,2,2,13.0,15995.0,1,,28690.0,33431.0,17953.0,0.1841,0.9538,0.1781,0.9526,9.0,0.0876,28690.0,Private nonprofit,2,City,10.264338763718273,9.680093969966709,10.417268804127751,9.795568210316635
190512,CUNY Bernard M Baruch College,NY,3,1,2,11.0,16154.0,1,3033.0,,12334.0,12558.0,0.5688,0.7212,0.1113,0.7211,19.0,0.4752,3033.0,Public,2,City,8.017637159908478,9.689984878258599,9.420196028963456,9.438192819018127
190549,CUNY Brooklyn College,NY,3,1,2,11.0,10543.0,1,3103.0,,14437.0,12737.0,0.5702,0.5386,0.0671,0.5518,13.0,0.5836,3103.0,Public,2,City,8.04044688130311,9.263312256742289,9.577618898699106,9.45234493093131
190558,College of Staten Island CUNY,NY,3,1,2,11.0,9657.0,1,5579.0,,13329.0,12665.0,0.4959,0.3393,0.1044,0.3335,17.0,0.9234,5579.0,Public,2,City,8.626944055375356,9.175541866433488,9.497772413172754,9.446676517076376
190567,CUNY City College,NY,3,1,2,11.0,12505.0,1,3776.0,,20521.0,13231.0,0.6054,0.5682,0.1112,0.5578,15.0,0.6002,3776.0,Public,2,City,8.236685322712457,9.433963808127244,9.929252760422154,9.490393417263473
190594,CUNY Hunter College,NY,3,1,2,11.0,16289.0,1,2984.0,,11602.0,12726.0,0.5589,0.5686,0.0673,0.5881,14.0,0.538,2984.0,Public,2,City,8.001355025826703,9.69830670159609,9.359018964347545,9.451480999992047
190600,CUNY John Jay College of Criminal Justice,NY,3,1,2,11.0,11590.0,1,3203.0,,14012.0,12169.0,0.5979,0.5583,0.0813,0.5566,16.0,0.5711,3203.0,Public,2,City,8.07215530818825,9.357984213888745,9.547740749170218,9.406729185981574
190637,CUNY Lehman College,NY,3,1,2,11.0,10696.0,1,3148.0,,15649.0,11996.0,0.5994,0.5128,0.1165,0.5034,15.0,0.5658,3148.0,Public,2,City,8.054840221101024,9.27771860730613,9.658226195968298,9.392411897514927
190646,CUNY Medgar Evers College,NY,3,1,2,11.0,3233.0,1,5718.0,,24544.0,11999.0,0.5632,0.1977,0.1045,0.2103,13.0,0.8605,5718.0,Public,2,City,8.651549243915316,8.081475040137052,10.108263446492153,9.392661928770137
190655,CUNY New York City College of Technology,NY,3,1,2,11.0,13580.0,1,5127.0,,17652.0,12016.0,0.5507,0.2147,0.0522,0.2046,16.0,0.8029,5127.0,Public,2,City,8.542470998600505,9.516427036104067,9.778661019589283,9.3940775929113
190664,CUNY Queens College,NY,3,1,2,11.0,12550.0,1,4195.0,,13103.0,12204.0,0.4717,0.5325,0.0835,0.5642,13.0,0.6435,4195.0,Public,2,City,8.341886969516187,9.437555622660446,9.480672806092851,9.40960098282706
190691,CUNY York College,NY,3,1,2,11.0,4345.0,1,4456.0,,16732.0,11822.0,0.4008,0.3225,0.0623,0.3127,13.0,0.641,4456.0,Public,2,City,8.402231172946555,8.377011160816375,9.725138096494574,9.377802065863113
190716,D'Youville  University,NY,3,2,2,11.0,1258.0,1,,20433.0,13159.0,9306.0,0.3918,0.6749,0.652,0.6173,14.0,0.8137,20433.0,Private nonprofit,2,City,9.924955459151368,7.138073034044347,9.484937204879309,9.13852208418571
190725,Daemen University,NY,3,2,2,21.0,1643.0,1,,18693.0,9384.0,7103.0,0.4618,0.5888,0.6323,0.5862,12.0,0.6826,18693.0,Private nonprofit,2,Suburb,9.83595789574253,7.404887575616125,9.14686794902061,8.868413284672005
190752,Yeshiva of Far Rockaway Derech Ayson Rabbinical Seminary,NY,3,2,2,11.0,60.0,1,,7269.0,43434.0,5202.0,0.193,0.2,0.0,0.3111,14.0,,7269.0,Private nonprofit,2,City,8.891511570527564,4.110873864173311,10.679020846694021,8.556990661290303
190761,Dominican University New York,NY,3,2,2,21.0,1105.0,1,,41832.0,9491.0,8662.0,0.4839,0.5251,0.7658,0.5436,13.0,0.633,41832.0,Private nonprofit,2,Suburb,10.64144078072663,7.00850518208228,9.158204617555654,9.06681636189014
190983,Elmira College,NY,3,2,2,13.0,708.0,1,,22386.0,12186.0,5191.0,0.3791,0.6471,0.7173,0.6437,11.0,0.7696,22386.0,Private nonprofit,2,City,10.016235712227882,6.5638555265321274,9.408125088823502,8.554874258383926
191205,Five Towns College,NY,3,3,2,21.0,547.0,1,,22992.0,6645.0,5870.0,0.3444,0.5532,0.4215,0.5208,11.0,0.5382,22992.0,Private for-profit,2,Suburb,10.042945100762001,6.306275286948016,8.801770448914539,8.677780256064185
191241,Fordham University,NY,3,2,2,11.0,10512.0,1,,44338.0,19044.0,16236.0,0.2142,0.8191,0.4741,0.8109,14.0,0.5931,44338.0,Private nonprofit,2,City,10.69961992991643,9.26036786557583,9.854559878912704,9.695047867587114
191515,Hamilton College,NY,3,2,2,22.0,2030.0,1,,28985.0,31938.0,12404.0,0.1772,0.9063,0.2925,0.9094,9.0,0.1362,28985.0,Private nonprofit,2,Suburb,10.274568233782462,7.616283561580385,10.371583112575056,9.425854896125902
191533,Hartwick College,NY,3,2,2,33.0,1087.0,1,,31320.0,14712.0,7918.0,0.3561,0.5332,0.8076,0.5,10.0,0.696,31320.0,Private nonprofit,2,Town,10.35204407807524,6.992096427415888,9.596486735697948,8.977020214210413
191621,Hilbert College,NY,3,2,2,21.0,921.0,1,,22723.0,6509.0,6332.0,0.4824,0.5631,0.7316,0.5232,15.0,0.972,22723.0,Private nonprofit,2,Suburb,10.031176913677017,6.826545223556594,8.781094735202615,8.753529336516431
191630,Hobart William Smith Colleges,NY,3,2,2,32.0,1786.0,1,,31563.0,18893.0,9559.0,0.2509,0.7725,0.7367,0.7494,11.0,0.6399,31563.0,Private nonprofit,2,Town,10.359772509640926,7.488293515159428,9.84659969032908,9.165343006045447
191649,Hofstra University,NY,3,2,2,21.0,6488.0,1,,34176.0,19163.0,14951.0,0.2527,0.6854,0.4434,0.678,13.0,0.6808,34176.0,Private nonprofit,2,Suburb,10.439308182191418,8.77786371462117,9.860788798003012,9.612600349135398
191676,Houghton University,NY,3,2,2,43.0,753.0,1,,20519.0,11627.0,6614.0,0.285,0.6522,0.4777,0.6493,12.0,0.8866,20519.0,Private nonprofit,2,Rural,9.929155299284705,6.625392368007956,9.361171261678766,8.797095076549056
191931,Iona University,NY,3,2,2,21.0,2951.0,1,,29188.0,11774.0,9406.0,0.2827,0.56,0.4375,0.5672,16.0,0.8694,29188.0,Private nonprofit,2,Suburb,10.281547204953691,7.990238185720363,9.373733918884618,9.149209371971951
191968,Ithaca College,NY,3,2,2,23.0,4242.0,1,,33926.0,14787.0,9844.0,0.1905,0.7623,0.6451,0.7518,10.0,0.6901,33926.0,Private nonprofit,2,Suburb,10.431966436539437,8.353025845202325,9.601571320056523,9.194718991073225
192040,Jewish Theological Seminary of America,NY,3,2,2,11.0,172.0,1,,43195.0,16476.0,12696.0,0.0407,0.9032,0.1163,0.884,7.0,0.4861,43195.0,Private nonprofit,2,City,10.67350317735265,5.153291594497779,9.709720748057432,9.449121024069791
192110,The Juilliard School,NY,3,2,2,11.0,468.0,1,,43571.0,40451.0,15261.0,0.1389,0.9256,0.2116,0.9134,4.0,0.0915,43571.0,Private nonprofit,2,City,10.682170021202337,6.150602768446279,10.607871365022062,9.633121357849578
192165,Kehilath Yakov Rabbinical Seminary,NY,3,2,2,41.0,205.0,1,,3822.0,2807.0,2340.0,0.8204,0.6341,0.0,0.5445,15.0,,3822.0,Private nonprofit,2,Rural,8.248790733696413,5.327876168789581,7.940227765145702,7.75833346749091
192192,Keuka College,NY,3,2,2,32.0,966.0,1,,24338.0,7443.0,7000.0,0.4989,0.5836,0.7516,0.533,10.0,0.6808,24338.0,Private nonprofit,2,Town,10.099835281063175,6.874198495453294,8.915163617762142,8.853808274977197
192271,LIM College,NY,3,3,2,11.0,1187.0,1,,38667.0,7036.0,6448.0,0.3771,0.5087,0.6194,0.5189,20.0,0.959,38667.0,Private for-profit,2,City,10.562767663584497,7.080026499922591,8.85893722196655,8.771680359010377
192323,Le Moyne College,NY,3,2,2,21.0,2439.0,1,,22277.0,13943.0,9082.0,0.3098,0.7313,0.6372,0.7216,12.0,0.8298,22277.0,Private nonprofit,2,Suburb,10.011354923405134,7.799753318287247,9.542804587199857,9.114159813502214
192448,Long Island University,NY,3,2,2,21.0,5520.0,1,,33062.0,12497.0,13296.0,0.1714,0.5707,0.2889,0.5611,15.0,0.8616,33062.0,Private nonprofit,2,Suburb,10.406170111359652,8.616314282284044,9.433323910489028,9.495293724856706
192624,Machzikei Hadath Rabbinical College,NY,3,2,2,11.0,131.0,1,,16515.0,4507.0,6119.0,0.9134,0.3333,0.0,0.3,13.0,1.0,16515.0,Private nonprofit,2,City,9.71208488700598,4.882801922586371,8.413608875159667,8.719317375506371
192703,Manhattan University,NY,3,2,2,11.0,2744.0,1,,27256.0,16204.0,12755.0,0.36,0.6371,0.1551,0.6481,15.0,0.7894,27256.0,Private nonprofit,2,City,10.213065647837128,7.917536353943631,9.693075115575647,9.453757028129948
192712,Manhattan School of Music,NY,3,2,2,11.0,539.0,1,,51754.0,15393.0,7792.0,0.1197,0.7832,0.3315,0.7829,6.0,0.4078,51754.0,Private nonprofit,2,City,10.854276324817851,6.29156913955832,9.641733102094262,8.96098117384356
192749,Manhattanville University,NY,3,2,2,21.0,1362.0,1,,20991.0,10221.0,8614.0,0.3514,0.5842,0.7856,0.5601,12.0,0.8734,20991.0,Private nonprofit,2,Suburb,9.951896691743816,7.217443431696533,9.232297539328226,9.06126014896203
192819,Marist University,NY,3,2,2,21.0,5182.0,1,,41544.0,14663.0,11066.0,0.1445,0.796,0.4624,0.7972,15.0,0.5651,41544.0,Private nonprofit,2,Suburb,10.634532456099082,8.553139318189707,9.593150789519541,9.311722986264785
192864,Marymount Manhattan College,NY,3,2,2,11.0,1577.0,1,,36861.0,13777.0,8703.0,0.284,0.4904,0.7112,0.4944,7.0,0.8261,36861.0,Private nonprofit,2,City,10.514936489111568,7.363913501405819,9.530828396153142,9.071537969095724
193016,Mercy University,NY,3,2,2,21.0,5735.0,1,,14072.0,7862.0,9574.0,0.5005,0.4571,0.4554,0.4689,16.0,0.8584,14072.0,Private nonprofit,2,Suburb,9.552013346996567,8.654517382279456,8.969923491991516,9.166910814048848
193052,Mesivta Torah Vodaath Rabbinical Seminary,NY,3,2,2,11.0,399.0,1,,4876.0,5900.0,2439.0,0.5875,0.5,0.0,0.3428,33.0,0.8,4876.0,Private nonprofit,2,City,8.492285555710053,5.991464547107982,8.682877107057168,7.799753318287247
193070,Mesivtha Tifereth Jerusalem of America,NY,3,2,2,11.0,51.0,1,,8290.0,39905.0,4847.0,0.4,0.0667,0.0,0.1077,5.0,,8290.0,Private nonprofit,2,City,9.022925868116218,3.9512437185814275,10.594281967512476,8.48632152774915
193292,Molloy University,NY,3,2,2,21.0,3162.0,1,,24347.0,13180.0,11277.0,0.3366,0.6993,0.6465,0.7078,12.0,0.8174,24347.0,Private nonprofit,2,Suburb,10.100204989613815,8.059276223305648,9.486531677712465,9.330609204367127
193353,Mount Saint Mary College,NY,3,2,2,13.0,1148.0,1,,25522.0,10143.0,9710.0,0.2225,0.6546,0.447,0.6556,12.0,0.8888,25522.0,Private nonprofit,2,City,10.14733528540863,7.046647277848756,9.224637676677007,9.181014542594355
193399,University of Mount Saint Vincent,NY,3,2,2,11.0,2692.0,1,,21696.0,8447.0,10648.0,0.4621,0.5683,0.5329,0.5699,12.0,0.8511,21696.0,Private nonprofit,2,City,9.984929281123371,7.898411092811599,9.041685005946043,9.273221270015384
193584,Nazareth University,NY,3,2,2,21.0,1873.0,1,,29357.0,14798.0,8439.0,0.2626,0.7279,0.6979,0.7285,8.0,0.7472,29357.0,Private nonprofit,2,Suburb,10.287320360517178,7.535830462798367,9.602314889901848,9.040737587590003
193654,The New School,NY,3,2,2,11.0,6563.0,1,,58741.0,19368.0,13417.0,0.1501,0.6937,0.2501,0.7021,9.0,0.6347,58741.0,Private nonprofit,2,City,10.980910252521634,8.789355452209982,9.871429128842239,9.504352368122833
193900,New York University,NY,3,2,2,11.0,28663.0,1,,37050.0,37294.0,18026.0,0.1788,0.8757,0.1908,0.8801,8.0,0.0923,37050.0,Private nonprofit,2,City,10.5200506209133,10.26339725898479,10.526614548389263,9.799625913002037
193973,Niagara University,NY,3,2,2,21.0,2653.0,1,,17248.0,8434.0,9724.0,0.2719,0.7451,0.545,0.7222,10.0,0.8737,17248.0,Private nonprofit,2,Suburb,9.755509449764629,7.8838232148921525,9.040144994980068,9.182455168486648
194091,New York Institute of Technology,NY,3,2,2,41.0,3440.0,1,,22443.0,19326.0,13524.0,0.451,0.5877,0.4462,0.5751,12.0,0.8102,22443.0,Private nonprofit,2,Rural,10.018778596870863,8.14351740579748,9.869258360985468,9.512295103714683
194310,Pace University,NY,3,2,2,11.0,7665.0,1,,30892.0,11687.0,12908.0,0.2725,0.6003,0.4492,0.6072,14.0,0.7592,30892.0,Private nonprofit,2,City,10.338284900005577,8.9445502459405,9.366317953430535,9.46568002150671
194392,Paul Smiths College of Arts and Science,NY,3,2,2,42.0,579.0,1,,26683.0,10287.0,6551.0,0.3625,0.5055,0.7234,0.5199,12.0,0.7653,26683.0,Private nonprofit,2,Rural,10.191819413829405,6.363028103540465,9.2387334464774,8.787525625532906
194569,Davis College,NY,3,2,2,42.0,106.0,1,,12875.0,1621.0,4500.0,0.4015,0.2667,0.2263,0.3333,9.0,,12875.0,Private nonprofit,2,Rural,9.463120392418698,4.672828834461906,7.3914152346753585,8.412054873292933
194578,Pratt Institute-Main,NY,3,2,2,11.0,3910.0,1,,52659.0,19936.0,12587.0,0.1886,0.7354,0.3456,0.7312,9.0,0.7325,52659.0,Private nonprofit,2,City,10.871611433050301,8.271548374755515,9.900332580842827,9.440499258184298
194657,Rabbinical Academy Mesivta Rabbi Chaim Berlin,NY,3,2,2,11.0,141.0,1,,6415.0,6417.0,8695.0,0.1813,0.4615,0.0,0.3538,19.0,0.9362,6415.0,Private nonprofit,2,City,8.766550149546351,4.955827057601261,8.766861821669803,9.070618428801046
194666,Rabbinical College Bobover Yeshiva Bnei Zion,NY,3,2,2,11.0,473.0,1,,9136.0,1439.0,3577.0,0.8952,0.8286,0.0,0.9,23.0,,9136.0,Private nonprofit,2,City,9.120087382998621,6.161207321695077,7.272398392570047,8.182559264068665
194763,Rabbinical Seminary of America,NY,3,2,2,11.0,397.0,1,,4844.0,5977.0,2829.0,0.1636,0.3026,0.0,0.3258,36.0,0.9845,4844.0,Private nonprofit,2,City,8.485702524324866,5.986452005284438,8.695841342843883,7.948031990637284
194824,Rensselaer Polytechnic Institute,NY,3,2,2,13.0,5714.0,1,,36228.0,20696.0,13820.0,0.1992,0.8362,0.5099,0.834,14.0,0.6347,36228.0,Private nonprofit,2,City,10.497615182072922,8.65084957622891,9.937744041214218,9.533944453604027
194958,Roberts Wesleyan University,NY,3,2,2,21.0,1149.0,1,,23130.0,9214.0,7175.0,0.3542,0.6667,0.6051,0.6533,7.0,0.7063,23130.0,Private nonprofit,2,Suburb,10.0489289881863,7.047517221357296,9.128587870103924,8.878497403738631
195003,Rochester Institute of Technology,NY,3,2,2,21.0,13215.0,1,,34906.0,21369.0,11525.0,0.2724,0.6989,0.5291,0.7034,13.0,0.6693,34906.0,Private nonprofit,2,Suburb,10.460442661144333,9.48918349576076,9.969743348313193,9.352360631996612
195030,University of Rochester,NY,3,2,2,12.0,6331.0,1,,29278.0,40019.0,14585.0,0.1725,0.8543,0.3974,0.8495,9.0,0.4008,29278.0,Private nonprofit,2,City,10.284625814486557,8.753371421000903,10.597134608137724,9.587817443544179
195128,Russell Sage College,NY,3,2,2,13.0,1244.0,1,,22917.0,9669.0,6600.0,0.4204,0.561,0.7815,0.5947,10.0,0.5326,22917.0,Private nonprofit,2,City,10.039677906986393,7.126890808898808,9.17678358844734,8.79497643168877
195164,St Bonaventure University,NY,3,2,2,33.0,2012.0,1,,27074.0,8900.0,7778.0,0.2675,0.6673,0.9326,0.6835,13.0,0.8165,27074.0,Private nonprofit,2,Town,10.20636607186919,7.607381425639791,9.093918908958932,8.959183074206774
195173,St. Francis College,NY,3,2,2,11.0,1684.0,1,,18129.0,7091.0,8548.0,0.5569,0.5464,0.2901,0.5361,15.0,,18129.0,Private nonprofit,2,City,9.805323303748898,7.429520842786462,8.866722667194098,9.053569596026234
195216,St Lawrence University,NY,3,2,2,33.0,1918.0,1,,28651.0,19642.0,10401.0,0.2136,0.7906,0.5398,0.7937,11.0,0.5434,28651.0,Private nonprofit,2,Town,10.262978527734342,7.5595594960077,9.885476319734277,9.249753374333018
195243,St. Thomas Aquinas College,NY,3,2,2,21.0,972.0,1,,19994.0,10224.0,9579.0,0.2162,0.5404,0.2836,0.5811,16.0,0.9305,19994.0,Private nonprofit,2,Suburb,9.90323752128092,6.880384082186005,9.232590980911002,9.167432870964907
195304,Sarah Lawrence College,NY,3,2,2,21.0,1530.0,1,,41437.0,21462.0,11235.0,0.1183,0.7133,0.4043,0.7067,10.0,0.6173,41437.0,Private nonprofit,2,Suburb,10.631953613220428,7.333676395657684,9.974085801381666,9.326878188224134
195474,Siena University,NY,3,2,2,21.0,3409.0,1,,33733.0,10282.0,9661.0,0.2449,0.7473,0.6601,0.753,12.0,0.6902,33733.0,Private nonprofit,2,Suburb,10.42626150981796,8.134467570277563,9.23824732522919,9.175955945114351
195526,Skidmore College,NY,3,2,2,23.0,2694.0,1,,32297.0,25466.0,11403.0,0.1275,0.8257,0.3303,0.8213,8.0,0.2105,32297.0,Private nonprofit,2,Suburb,10.382760587789011,7.899153483343097,10.145138775406078,9.341719450032562
195544,St. Joseph's University-New York,NY,3,2,2,11.0,3144.0,1,,19035.0,10842.0,9258.0,0.3399,0.6878,0.5206,0.6667,12.0,0.7205,19035.0,Private nonprofit,2,City,9.854087202241,8.05356916913454,9.291274989472182,9.133351330448047
195720,St. John Fisher University,NY,3,2,2,21.0,2565.0,1,,28945.0,12170.0,9676.0,0.2869,0.7417,0.678,0.7431,11.0,0.664,28945.0,Private nonprofit,2,Suburb,10.273187304197549,7.850103545175582,9.406811351874557,9.177507214880942
195809,St. John's University-New York,NY,3,2,2,11.0,9477.0,1,,29999.0,13576.0,13500.0,0.2419,0.6609,0.2752,0.6724,16.0,0.8343,29999.0,Private nonprofit,2,City,10.308952660644293,9.156728602527533,9.51613246360028,9.510519035757246
196015,SUNY College of Technology at Canton,NY,3,1,2,33.0,2741.0,1,15268.0,,11535.0,7884.0,0.5042,0.3845,0.5857,0.4119,18.0,0.9215,15268.0,Public,2,Town,9.633579908183512,7.91644286012226,9.353227859524731,8.972717499397138
196033,SUNY College of Agriculture and Technology at Cobleskill,NY,3,1,2,32.0,1904.0,1,18701.0,,13476.0,7556.0,0.4329,0.4234,0.5558,0.4161,15.0,0.8402,18701.0,Public,2,Town,9.836385748995392,7.552237287560802,9.508739807769159,8.93022956502072
196042,Farmingdale State College,NY,3,1,2,21.0,9552.0,1,10867.0,,11226.0,9379.0,0.3625,0.5278,0.2291,0.5488,18.0,0.6329,10867.0,Public,2,Suburb,9.293577970546238,9.164610520270008,9.32607687045878,9.14633504200027
196060,University at Albany,NY,3,1,2,12.0,12564.0,1,17167.0,,17210.0,11012.0,0.4369,0.6145,0.5092,0.6268,16.0,0.691,17167.0,Public,2,City,9.75080246487048,9.438670449977693,9.75330399326998,9.306831672164943
196079,Binghamton University,NY,3,1,2,22.0,14655.0,1,21620.0,,14520.0,11086.0,0.2812,0.8162,0.3942,0.8259,18.0,0.3861,21620.0,Public,2,Suburb,9.98142034359255,9.592605086913911,9.583351156530737,9.313528529772352
196088,University at Buffalo,NY,3,1,2,21.0,20112.0,1,20995.0,,19048.0,12415.0,0.3313,0.7518,0.3974,0.743,11.0,0.7418,20995.0,Public,2,Suburb,9.95208722237219,9.909121651153221,9.854769885738698,9.426741242423
196097,Stony Brook University,NY,3,1,2,21.0,18101.0,1,18784.0,,22608.0,14008.0,0.3944,0.7556,0.353,0.7667,19.0,0.4904,18784.0,Public,2,Suburb,9.84081395800807,9.803777708387116,10.026103336076316,9.547455259196115
196103,SUNY College of Environmental Science and Forestry,NY,3,1,2,12.0,1839.0,1,18952.0,,25510.0,9954.0,0.1965,0.6632,0.3082,0.6798,14.0,0.6328,18952.0,Public,2,City,9.8497175093263,7.517520850603031,10.146865010681147,9.205830216498297
196112,SUNY Polytechnic Institute,NY,3,1,2,22.0,1849.0,1,14164.0,,11232.0,9835.0,0.3965,0.5508,0.4217,0.5722,13.0,0.8135,14164.0,Public,2,Suburb,9.558529412264617,7.52294091807237,9.326611153641569,9.193804403336083
196121,SUNY Brockport,NY,3,1,2,31.0,5784.0,1,16353.0,,14329.0,8645.0,0.4019,0.5513,0.6001,0.5588,17.0,0.7068,16353.0,Public,2,Town,9.702227794721923,8.663023639627777,9.570110520822217,9.064852065227576
196130,SUNY Buffalo State University,NY,3,1,2,11.0,5097.0,1,11346.0,,15967.0,9132.0,0.556,0.3331,0.501,0.347,14.0,0.7295,11346.0,Public,2,City,9.336708670790989,8.53660358493606,9.678341998551245,9.11964950669168
196149,State University of New York at Cortland,NY,3,1,2,32.0,5901.0,1,22345.0,,11144.0,7557.0,0.2742,0.6803,0.6066,0.6814,15.0,0.5979,22345.0,Public,2,Town,10.014402613107283,8.683046555502886,9.31874624581997,8.930361883909434
196158,SUNY at Fredonia,NY,3,1,2,32.0,2755.0,1,15897.0,,17136.0,8123.0,0.3883,0.5021,0.651,0.5181,11.0,0.777,15897.0,Public,2,Town,9.673948594133059,7.9215356321335495,9.74899514766085,9.002577922700276
196167,SUNY College at Geneseo,NY,3,1,2,32.0,3869.0,1,18211.0,,14838.0,8765.0,0.2764,0.7145,0.5072,0.7177,16.0,0.6645,18211.0,Public,2,Town,9.809835996454673,8.261009786023827,9.605014129006127,9.078635880978755
196176,State University of New York at New Paltz,NY,3,1,2,31.0,6086.0,1,18809.0,,13655.0,8406.0,0.319,0.716,0.42,0.7027,16.0,0.6161,18809.0,Public,2,Town,9.842143922295076,8.713910628493924,9.521934264474277,9.036819971135296
196185,SUNY Oneonta,NY,3,1,2,33.0,4643.0,1,19158.0,,13074.0,7888.0,0.3602,0.6881,0.5729,0.6954,13.0,0.696,19158.0,Public,2,Town,9.860527858095992,8.443331342817782,9.478457288933123,8.97322466309509
196194,State University of New York at Oswego,NY,3,1,2,32.0,5473.0,1,16236.0,,13885.0,8147.0,0.3965,0.6036,0.5228,0.6037,15.0,0.8055,16236.0,Public,2,Town,9.695047867587114,8.607764889600624,9.538636417313219,9.005527777346696
196200,SUNY College at Potsdam,NY,3,1,2,33.0,1823.0,1,13624.0,,17215.0,7383.0,0.4034,0.453,0.55,0.4652,11.0,0.777,13624.0,Public,2,Town,9.519661619531444,7.508787170634276,9.75359446296151,8.907070776182689
196219,SUNY at Purchase College,NY,3,1,2,21.0,3197.0,1,18913.0,,19625.0,8079.0,0.3551,0.6277,0.4193,0.6221,12.0,0.7405,18913.0,Public,2,Suburb,9.847657667575458,8.0702808933939,9.884610496766438,8.997147151515142
196237,SUNY Old Westbury,NY,3,1,2,21.0,4162.0,1,11282.0,,13648.0,10290.0,0.4927,0.4457,0.282,0.4552,17.0,0.8363,11282.0,Public,2,Suburb,9.331052447138447,8.333991247194975,9.521421537856195,9.239025005836092
196246,State University of New York at Plattsburgh,NY,3,1,2,32.0,3769.0,1,17156.0,,14050.0,8116.0,0.4056,0.5851,0.5692,0.5867,15.0,0.7841,17156.0,Public,2,Town,9.750161532583427,8.234830280442056,9.55044884660634,9.001715906761175
196264,Empire State University,NY,3,1,2,23.0,7585.0,1,11676.0,,9160.0,8539.0,0.3683,0.4123,0.3387,0.3377,17.0,,11676.0,Public,2,Suburb,9.365376374075716,8.934059722248843,9.122710622015209,9.052516286782616
196291,SUNY Maritime College,NY,3,1,2,11.0,1285.0,1,22367.0,,20252.0,8873.0,0.2212,0.6439,0.3878,0.6955,15.0,0.7241,22367.0,Public,2,City,10.015386645033537,7.1592919047975645,9.91605820970998,9.090880931938855
196413,Syracuse University,NY,3,2,2,12.0,15477.0,1,,38793.0,20551.0,13189.0,0.1707,0.8361,0.3242,0.8247,15.0,0.4592,38793.0,Private nonprofit,2,City,10.566020874478237,9.647174939830405,9.93071353878972,9.48721424571136
196431,Talmudical Seminary Oholei Torah,NY,3,2,2,11.0,400.0,1,,10755.0,13054.0,6365.0,0.6459,0.2222,0.0,0.1714,15.0,0.7719,10755.0,Private nonprofit,2,City,9.283219017388756,5.993961427306569,9.47692648113323,8.758726607842037
196592,Touro University,NY,3,2,2,11.0,4040.0,1,,29627.0,15871.0,9964.0,0.302,0.7239,0.2449,0.6841,10.0,0.6083,29627.0,Private nonprofit,2,City,10.29647513913318,8.304247465078474,9.672311829524654,9.206834232646894
196866,Union College,NY,3,2,2,13.0,2046.0,1,,34561.0,26013.0,12031.0,0.1436,0.8039,0.4404,0.8282,9.0,0.4392,34561.0,Private nonprofit,2,City,10.450510091613937,7.624130585661289,10.166390133623686,9.39532504618962
197018,United Talmudical Seminary,NY,3,2,2,11.0,2241.0,1,,6640.0,8685.0,4005.0,0.8744,0.5813,0.0,0.5756,15.0,,6640.0,Private nonprofit,2,City,8.801017833540714,7.715123603632105,9.069467813094768,8.295548516225763
197027,United States Merchant Marine Academy,NY,3,1,0,21.0,962.0,1,6174.0,,11935.0,11875.0,0.0781,0.8238,0.0602,0.8149,13.0,0.3424,6174.0,Public,0,Suburb,8.728264161496178,6.870053411798126,9.387314322443542,9.382274835883651
197036,United States Military Academy,NY,3,1,0,31.0,4408.0,1,,,31824.0,12102.0,,0.8706,,0.8623,6.0,0.1245,,Public,0,Town,,8.391403185357937,10.368007423425608,9.401208634738603
197045,Utica University,NY,3,2,2,13.0,2278.0,1,,19108.0,10197.0,9148.0,0.3337,0.5624,0.6605,0.5587,12.0,0.9195,19108.0,Private nonprofit,2,City,9.857914707241372,7.731492029245684,9.2299469016151,9.121399862679535
197133,Vassar College,NY,3,2,2,21.0,2444.0,1,,39343.0,34689.0,13587.0,0.1924,0.9108,0.3876,0.9015,7.0,0.1857,39343.0,Private nonprofit,2,Suburb,10.580098764455974,7.801800401908973,10.454206739963796,9.516942329280475
197142,Villa Maria College,NY,3,2,2,13.0,603.0,1,,13494.0,7785.0,5508.0,0.6477,0.3145,0.5229,0.3123,10.0,0.8659,13494.0,Private nonprofit,2,City,9.510074525452104,6.403574197934815,8.960082528170402,8.614138397472717
197151,School of Visual Arts,NY,3,3,2,11.0,3244.0,1,,57914.0,17394.0,4435.0,0.1557,0.7568,0.2568,0.7534,9.0,0.9264,57914.0,Private for-profit,2,City,10.966731697366447,8.08487062913819,9.763938087586043,8.397508348470257
197197,Wagner College,NY,3,2,2,11.0,1651.0,1,,28241.0,14143.0,8122.0,0.2385,0.6514,0.5343,0.6667,11.0,0.88,28241.0,Private nonprofit,2,City,10.248565510629197,7.409741954080923,9.557045784877424,9.002454823050954
197221,Webb Institute,NY,3,2,2,21.0,106.0,1,,73043.0,33239.0,13681.0,0.0857,0.88,0.2095,0.8431,11.0,0.1404,73043.0,Private nonprofit,2,Suburb,11.198817278281926,4.672828834461906,10.411509248969384,9.523836379320944
197285,The College of Westchester,NY,3,3,2,13.0,759.0,1,,16296.0,5505.0,6287.0,0.6229,0.3765,0.5645,0.3491,19.0,0.9442,16296.0,Private for-profit,2,City,9.69873632077599,6.633318433280377,8.613593685702552,8.746398334109042
197601,Yeshiva Karlin Stolin,NY,3,2,2,11.0,139.0,1,,6393.0,4309.0,5013.0,0.8043,0.2286,0.0,0.2794,18.0,,6393.0,Private nonprofit,2,City,8.763115329619787,4.941642422609304,8.368693183097793,8.519989278718239
197674,Yeshiva of Nitra Rabbinical College,NY,3,2,2,41.0,243.0,1,,10880.0,8254.0,2846.0,0.7984,0.1132,0.0,0.1443,20.0,,10880.0,Private nonprofit,2,Rural,9.294773427951013,5.497168225293202,9.018574356354229,7.954021087278037
197692,Yeshivath Shaar Hatorah,NY,3,2,2,11.0,76.0,1,,8850.0,18684.0,9350.0,0.0714,0.5333,0.0,0.5385,13.0,0.7222,8850.0,Private nonprofit,2,City,9.088285725968877,4.343805421853684,9.835476341919584,9.143238568435446
197708,Yeshiva University,NY,3,2,2,11.0,2852.0,1,,49965.0,18550.0,13637.0,0.1344,0.832,0.1607,0.8345,7.0,0.5562,49965.0,Private nonprofit,2,City,10.819098053105419,7.9561263512135,9.828278974938373,9.520615293080597
197735,Yeshivath Viznitz,NY,3,2,2,21.0,1159.0,1,,8929.0,4552.0,2680.0,0.9278,0.6932,0.0,0.6942,10.0,,8929.0,Private nonprofit,2,Suburb,9.097171673870545,7.05617528410041,8.423541635334782,7.893945138235959
197869,Appalachian State University,NC,3,1,5,32.0,19444.0,1,16836.0,,8690.0,9281.0,0.2642,0.7453,0.366,0.7384,16.0,0.9014,16836.0,Public,5,Town,9.7313341246578,9.875345246589848,9.07004328643746,9.135832319801121
197911,Barton College,NC,3,2,5,31.0,982.0,1,,23626.0,8229.0,6671.0,0.3732,0.4585,0.6371,0.4821,14.0,0.942,23626.0,Private nonprofit,5,Town,10.070145404863476,6.890609120147166,9.015541293671115,8.805674944038582
197984,Belmont Abbey College,NC,3,2,5,22.0,1276.0,1,,24639.0,7400.0,7019.0,0.2421,0.4668,0.4764,0.4653,12.0,0.7465,24639.0,Private nonprofit,5,Suburb,10.112126417647456,7.152268856032539,8.909370405197466,8.856518497019858
197993,Bennett College,NC,3,2,5,11.0,178.0,1,,28299.0,12596.0,6566.0,0.7282,0.25,0.6821,0.2299,7.0,0.5066,28299.0,Private nonprofit,5,City,10.25061708363133,5.187385805840755,9.441213969352303,8.789812386190972
198066,Brevard College,NC,3,2,5,32.0,815.0,1,,23509.0,6755.0,6053.0,0.4058,0.4884,0.6911,0.4405,12.0,0.4216,23509.0,Private nonprofit,5,Town,10.065181141534115,6.704414354964107,8.81818627792769,8.708474489581665
198136,Campbell University,NC,3,2,5,31.0,2680.0,1,,24516.0,14458.0,9210.0,0.3758,0.6096,0.3882,0.5847,13.0,0.8718,24516.0,Private nonprofit,5,Town,10.107122033462112,7.893945138235959,9.579072337028126,9.128153700988236
198215,Catawba College,NC,3,2,5,21.0,1235.0,1,,17879.0,12087.0,8682.0,0.41,0.4729,0.5318,0.497,13.0,0.7521,17879.0,Private nonprofit,5,Suburb,9.791438048727505,7.119635638017636,9.399968503952575,9.069122370060645
198303,Chowan University,NC,3,2,5,43.0,603.0,1,,14086.0,6985.0,7034.0,0.5658,0.2995,0.569,0.2915,15.0,0.6879,14086.0,Private nonprofit,5,Rural,9.553007665260306,6.403574197934815,8.851663425366777,8.858652969548489
198385,Davidson College,NC,3,2,5,21.0,1867.0,1,,17379.0,22692.0,13033.0,0.1759,0.9107,0.0867,0.9148,8.0,0.1337,17379.0,Private nonprofit,5,Suburb,9.763075398819383,7.532623618788788,10.029811785869622,9.475316606892326
198419,Duke University,NC,3,2,5,11.0,6442.0,1,,29612.0,87044.0,19001.0,0.1403,0.9678,0.1364,0.963,5.0,0.0571,29612.0,Private nonprofit,5,City,10.295968733085997,8.770749549138642,11.374180505292818,9.852299515766695
198464,East Carolina University,NC,3,1,5,13.0,19896.0,1,15739.0,,14141.0,9595.0,0.318,0.6262,0.387,0.6238,17.0,0.8921,15739.0,Public,5,City,9.663960521971394,9.898324245579248,9.556904372164187,9.169101623959586
198507,Elizabeth City State University,NC,3,1,5,32.0,1975.0,1,6364.0,,10492.0,8621.0,0.5352,0.4351,0.5396,0.4557,19.0,0.6422,6364.0,Public,5,Town,8.758569510991506,7.588829878307813,9.25846364715791,9.06207235530708
198516,Elon University,NC,3,2,5,22.0,6452.0,1,,41555.0,19988.0,10563.0,0.0993,0.8404,0.2447,0.8352,11.0,0.6635,41555.0,Private nonprofit,5,Suburb,10.634797194190423,8.77230041793584,9.902937401230647,9.265207273417023
198543,Fayetteville State University,NC,3,1,5,12.0,5762.0,1,7892.0,,8747.0,9421.0,0.566,0.3846,0.4597,0.3677,20.0,0.8215,7892.0,Public,5,City,8.973731569708402,8.659213451436667,9.076580381796658,9.150802659259986
198561,Gardner-Webb University,NC,3,2,5,42.0,1856.0,1,,17674.0,8808.0,7375.0,0.3707,0.5539,0.4717,0.5855,12.0,0.7721,17674.0,Private nonprofit,5,Rural,9.779906490764773,7.526717561352706,9.083529205109796,8.90598676523643
198598,Greensboro College,NC,3,2,5,11.0,708.0,1,,17882.0,9444.0,6155.0,0.4611,0.462,0.6613,0.4324,10.0,0.7014,17882.0,Private nonprofit,5,City,9.791605819888035,6.5638555265321274,9.15324077993561,8.72518249495877
198613,Guilford College,NC,3,2,5,11.0,1001.0,1,,22270.0,8232.0,7005.0,0.4371,0.4581,0.5069,0.4671,12.0,0.8,22270.0,Private nonprofit,5,City,10.01104066270085,6.90975328164481,9.015905747298426,8.854522203757432
198695,High Point University,NC,3,2,5,12.0,5129.0,1,,38707.0,13024.0,9147.0,0.1185,0.737,0.4111,0.7208,21.0,0.7531,38707.0,Private nonprofit,5,City,10.563801576000833,8.542860938164814,9.474625866621567,9.121290555142672
198756,Johnson C Smith University,NC,3,2,5,11.0,1244.0,1,,20894.0,10570.0,7806.0,0.6947,0.3429,0.7457,0.3422,12.0,0.4521,20894.0,Private nonprofit,5,City,9.947265174882016,7.126890808898808,9.265869681768663,8.962776046120291
198808,Lees-McRae College,NC,3,2,5,42.0,873.0,1,,28340.0,7880.0,6116.0,0.3729,0.4208,0.5941,0.4312,11.0,0.7678,28340.0,Private nonprofit,5,Rural,10.252064798437244,6.773080375655535,8.97221007835365,8.718827059242566
198835,Lenoir-Rhyne University,NC,3,2,5,13.0,1359.0,1,,20689.0,10703.0,7780.0,0.392,0.4778,0.5572,0.492,15.0,0.8459,20689.0,Private nonprofit,5,City,9.93740577073959,7.215239978730097,9.27837278236801,8.95944014361693
198862,Livingstone College,NC,3,2,5,21.0,924.0,1,,13479.0,8418.0,5732.0,0.8212,0.2819,0.781,0.2605,14.0,0.5925,13479.0,Private nonprofit,5,Suburb,9.508962384466297,6.829793737512425,9.038246335337664,8.653994232908383
198899,Mars Hill University,NC,3,2,5,41.0,1044.0,1,,19910.0,15848.0,5935.0,0.4621,0.4487,0.6208,0.4318,11.0,0.679,19910.0,Private nonprofit,5,Rural,9.899027621814035,6.951772164398911,9.670861685832426,8.688790784847216
198950,Meredith College,NC,3,2,5,11.0,1188.0,1,,22488.0,14651.0,7652.0,0.3591,0.7007,0.5485,0.6754,10.0,0.7418,22488.0,Private nonprofit,5,City,10.020781579758486,7.080867896690782,9.592332123898705,8.942853006809921
198969,Methodist University,NC,3,2,5,12.0,1448.0,1,,24704.0,11574.0,8728.0,0.413,0.4351,0.5801,0.4176,11.0,0.7514,24704.0,Private nonprofit,5,City,10.11476093127985,7.278628942320682,9.356602878954435,9.07440609473535
199032,Montreat College,NC,3,2,5,21.0,762.0,1,,27061.0,7421.0,6390.0,0.3913,0.5031,0.6772,0.4524,11.0,0.692,27061.0,Private nonprofit,5,Suburb,10.20588580882359,6.637258031284457,8.912203841620542,8.762646029650282
199069,University of Mount Olive,NC,3,2,5,42.0,1796.0,1,,18853.0,3971.0,7025.0,0.4471,0.5178,0.6892,0.4953,17.0,0.7575,18853.0,Private nonprofit,5,Rural,9.844480371956095,7.493873886783559,8.287025025165063,8.857372832825773
199102,North Carolina A & T State University,NC,3,1,5,11.0,12182.0,1,10846.0,,8093.0,10522.0,0.5231,0.5718,0.5476,0.562,20.0,0.499,10846.0,Public,5,City,9.291643823040218,9.407796816354407,8.998878325435811,9.261318616740812
199111,University of North Carolina Asheville,NC,3,1,5,13.0,2910.0,1,12250.0,,13642.0,9155.0,0.3237,0.5448,0.3856,0.5469,13.0,0.9192,12250.0,Public,5,City,9.41336284529417,7.976251943745623,9.520981848562874,9.122164681072457
199120,University of North Carolina at Chapel Hill,NC,3,1,5,13.0,20752.0,1,11655.0,,33767.0,15046.0,0.2004,0.9117,0.1308,0.9162,15.0,0.1534,11655.0,Public,5,City,9.363576347875041,9.94044609352166,10.427268887462334,9.618933914758879
199139,University of North Carolina at Charlotte,NC,3,1,5,11.0,24453.0,1,15435.0,,11037.0,11828.0,0.3394,0.6897,0.3922,0.6837,21.0,0.796,15435.0,Public,5,City,9.64445772265751,10.104549080704135,9.309099143999447,9.378309422545737
199148,University of North Carolina at Greensboro,NC,3,1,5,11.0,14062.0,1,10965.0,,9830.0,9693.0,0.5024,0.5631,0.4575,0.5708,18.0,0.8851,10965.0,Public,5,City,9.302554855963994,9.551302513870247,9.193295937366925,9.17926241640532
199157,North Carolina Central University,NC,3,1,5,11.0,6081.0,1,15359.0,,12526.0,9555.0,0.587,0.4165,0.6293,0.4394,16.0,0.8696,15359.0,Public,5,City,9.639522006701663,8.71308886823731,9.435641593844192,9.1649245084457
199184,University of North Carolina School of the Arts,NC,3,1,5,11.0,945.0,1,14906.0,,26642.0,8980.0,0.2627,0.7778,0.4667,0.7837,6.0,0.2997,14906.0,Public,5,City,9.60958618027043,6.852242569051878,10.190281730926614,9.10286651367095
199193,North Carolina State University at Raleigh,NC,3,1,5,11.0,27371.0,1,17303.0,,18060.0,12820.0,0.1958,0.8476,0.3345,0.847,15.0,0.4174,17303.0,Public,5,City,9.758692967632895,10.217275872072388,9.801510196423664,9.4588397305527
199209,North Carolina Wesleyan University,NC,3,2,5,13.0,1214.0,1,,17432.0,5633.0,6597.0,0.4975,0.4197,0.6394,0.4126,13.0,0.8023,17432.0,Private nonprofit,5,City,9.766120240743215,7.102499355774649,8.636574948436317,8.794521851788527
199218,University of North Carolina Wilmington,NC,3,1,5,12.0,14922.0,1,20109.0,,10765.0,10074.0,0.2395,0.7059,0.3613,0.7066,17.0,0.6424,20109.0,Public,5,City,9.908972482766698,9.610658925931467,9.284148299120902,9.217812386814884
199272,William Peace University,NC,3,2,5,11.0,666.0,1,,21649.0,5817.0,6905.0,0.3425,0.4481,0.4671,0.4458,13.0,0.9425,21649.0,Private nonprofit,5,City,9.982760733430636,6.502790045915623,8.668711839055147,8.840145877949938
199281,University of North Carolina at Pembroke,NC,3,1,5,32.0,5330.0,1,10260.0,,7136.0,8725.0,0.5008,0.4354,0.4255,0.4399,14.0,0.9326,10260.0,Public,5,Town,9.236105579862208,8.581294116822761,8.873047798971067,9.074062353683555
199306,Pfeiffer University,NC,3,2,5,41.0,655.0,1,,19076.0,13663.0,7705.0,0.5076,0.3497,0.7018,0.3859,11.0,0.9603,19076.0,Private nonprofit,5,Rural,9.856238699935517,6.486160788944089,9.522519916028351,8.949754525186103
199412,Queens University of Charlotte,NC,3,2,5,11.0,1211.0,1,,30857.0,10698.0,8748.0,0.2403,0.6131,0.7043,0.6364,9.0,0.6208,30857.0,Private nonprofit,5,City,10.337151315002972,7.10002716662926,9.277905558138606,9.076694687106265
199458,Mid-Atlantic Christian University,NC,3,2,5,32.0,132.0,1,,18328.0,10309.0,5406.0,0.3764,0.2075,0.5281,0.3177,9.0,0.6216,18328.0,Private nonprofit,5,Town,9.816239783971849,4.890349128221754,9.240869577011006,8.595449689382004
199582,Saint Augustine's University,NC,3,2,5,11.0,172.0,1,,24313.0,10716.0,6609.0,0.5054,0.25,0.371,0.3013,10.0,0.338,24313.0,Private nonprofit,5,City,10.098807595115739,5.153291594497779,9.279586544712997,8.796338932845732
199607,Salem College,NC,3,2,5,11.0,423.0,1,,18277.0,12304.0,6493.0,0.552,0.5743,0.4457,0.567,9.0,0.7667,18277.0,Private nonprofit,5,City,9.813453429832148,6.049733455231958,9.417760962825156,8.77863395266279
199643,Shaw University,NC,3,2,5,11.0,875.0,1,,16512.0,7287.0,5041.0,0.6643,0.2179,0.7117,0.2094,14.0,0.8016,16512.0,Private nonprofit,5,City,9.711903228462988,6.775366090936392,8.893984438939794,8.525558107747866
199759,Southeastern Baptist Theological Seminary,NC,3,2,5,21.0,585.0,1,,13090.0,5721.0,8527.0,0.1887,0.5806,0.0,0.5369,9.0,0.7463,13090.0,Private nonprofit,5,Suburb,9.479680250180099,6.373319789577012,8.652073673610056,9.051110146405625
199847,Wake Forest University,NC,3,2,5,11.0,5485.0,1,,28719.0,35708.0,12666.0,0.1009,0.8915,0.1398,0.8999,10.0,0.2167,28719.0,Private nonprofit,5,City,10.26534902316216,8.60995467149755,10.48315803683599,9.446755465483632
199865,Warren Wilson College,NC,3,2,5,41.0,707.0,1,,21249.0,11579.0,6280.0,0.396,0.42,0.5262,0.4242,12.0,0.7134,21249.0,Private nonprofit,5,Rural,9.964112174352563,6.56244409369372,9.357034751126987,8.74528448245438
199962,Wingate University,NC,3,2,5,21.0,2668.0,1,,20748.0,9981.0,8244.0,0.4424,0.4635,0.5183,0.4658,15.0,0.9113,20748.0,Private nonprofit,5,Suburb,9.940253331726451,7.889459149404524,9.208538750029554,9.0173622349937
199999,Winston-Salem State University,NC,3,1,5,11.0,4170.0,1,13479.0,,11408.0,9217.0,0.6491,0.4668,0.6793,0.4761,15.0,0.7826,13479.0,Public,5,City,9.508962384466297,8.335911094196945,9.34215779659637,9.128913373280454
200004,Western Carolina University,NC,3,1,5,32.0,10024.0,1,13315.0,,9410.0,9069.0,0.3464,0.6026,0.4422,0.597,16.0,0.8183,13315.0,Public,5,Town,9.496721598694915,9.21283725217477,9.149634496858788,9.112727543109182
200059,Dickinson State University,ND,3,1,4,33.0,1090.0,1,14092.0,,7350.0,7146.0,0.2148,0.506,0.3412,0.4678,16.0,0.3702,14092.0,Public,4,Town,9.553433499191511,6.994849985833071,8.902591637374087,8.874447967219979
200156,University of Jamestown,ND,3,2,4,33.0,1041.0,1,,19567.0,10448.0,7294.0,0.2552,0.4904,0.6141,0.4667,13.0,0.8808,19567.0,Private nonprofit,4,Town,9.881650857926953,6.948897222313312,9.254261559034111,8.894944460956886
200217,University of Mary,ND,3,2,4,41.0,2416.0,1,,17770.0,8897.0,8186.0,0.209,0.666,0.4435,0.6732,14.0,0.753,17770.0,Private nonprofit,4,Rural,9.785323194185485,7.790282380703483,9.093581811365986,9.010302809376448
200226,Mayville State University,ND,3,1,4,43.0,733.0,1,11456.0,,8244.0,7328.0,0.2736,0.406,0.3901,0.4047,14.0,,11456.0,Public,4,Rural,9.346356175893625,6.598509028614515,9.0173622349937,8.89959435992585
200253,Minot State University,ND,3,1,4,13.0,2062.0,1,12703.0,,9367.0,8340.0,0.2445,0.4505,0.365,0.4631,11.0,0.6462,12703.0,Public,4,City,9.449672183486918,7.631916513071252,9.145054905277552,9.028938392241612
200280,University of North Dakota,ND,3,1,4,13.0,9981.0,1,18551.0,,18456.0,10049.0,0.1715,0.6048,0.4109,0.6195,17.0,0.769,18551.0,Public,4,City,9.828332878935367,9.208538750029554,9.823198981307291,9.215327913487222
200332,North Dakota State University-Main Campus,ND,3,1,4,12.0,9471.0,1,15543.0,,11618.0,10624.0,0.1973,0.6389,0.5199,0.638,19.0,0.9496,15543.0,Public,4,City,9.651429991057276,9.156095357123787,9.360396968182862,9.270964993792617
200484,Trinity Bible College and Graduate School,ND,3,2,4,43.0,141.0,1,,19359.0,9323.0,5047.0,0.6181,0.4595,0.6319,0.4186,9.0,0.2575,19359.0,Private nonprofit,4,Rural,9.870964360830568,4.955827057601261,9.140347000155648,8.52674740422105
200572,Valley City State University,ND,3,1,4,33.0,958.0,1,11890.0,,14718.0,6935.0,0.1689,0.5333,0.2955,0.5065,12.0,0.9907,11890.0,Public,4,Town,9.38353709043758,6.8658910748834385,9.596894455192587,8.844480518460378
200800,University of Akron Main Campus,OH,3,1,3,12.0,9052.0,1,13946.0,,9734.0,10255.0,0.291,0.5186,0.324,0.4984,17.0,0.5967,13946.0,Public,3,City,9.543019710358694,9.11085147347544,9.1834829178063,9.23561817916045
200846,University of Akron Wayne College,OH,3,1,3,41.0,457.0,1,6032.0,,7838.0,7842.0,0.1249,0.1852,0.0889,0.1852,42.0,0.8992,6032.0,Public,3,Rural,8.704999678440762,6.126869184114185,8.966866554188723,8.967376693212666
200873,Allegheny Wesleyan College,OH,3,2,3,41.0,46.0,1,,5355.0,0.0,2210.0,0.5,0.4615,0.0,0.45,6.0,,5355.0,Private nonprofit,3,Rural,8.585972706811063,3.8501476017100584,0.0,7.701200180857446
201061,Art Academy of Cincinnati,OH,3,2,3,11.0,205.0,1,,34253.0,6541.0,5527.0,0.5059,0.4127,0.6902,0.4222,9.0,0.3449,34253.0,Private nonprofit,3,City,10.441558625192314,5.327876168789581,8.785998208098329,8.617581365447506
201104,Ashland University,OH,3,2,3,31.0,2199.0,1,,21988.0,11063.0,7701.0,0.2885,0.6063,0.3794,0.6061,14.0,0.764,21988.0,Private nonprofit,3,Town,9.99829760729877,7.696212639346407,9.311451873344595,8.949235314374855
201195,Baldwin Wallace University,OH,3,2,3,21.0,2842.0,1,,27603.0,15441.0,8614.0,0.2916,0.6677,0.822,0.677,12.0,0.757,27603.0,Private nonprofit,3,Suburb,10.225715968740493,7.952615111651,9.64484634886876,9.06126014896203
201371,Bluffton University,OH,3,2,3,42.0,582.0,1,,19943.0,11125.0,5689.0,0.4468,0.5294,0.7658,0.5096,11.0,0.6723,19943.0,Private nonprofit,3,Rural,9.900683625203394,6.368187186350492,9.317039990635239,8.646465527120377
201441,Bowling Green State University-Main Campus,OH,3,1,3,31.0,12812.0,1,24022.0,,11814.0,10477.0,0.2313,0.6373,0.4794,0.6324,17.0,0.8096,24022.0,Public,3,Town,10.086766983755195,9.458215559509576,9.377125189621008,9.257033099968165
201548,Capital University,OH,3,2,3,21.0,1585.0,1,,22576.0,13045.0,8673.0,0.3389,0.6027,0.6274,0.6292,9.0,0.7022,22576.0,Private nonprofit,3,Suburb,10.024686967937972,7.368970402194793,9.476236852356042,9.068085324395312
201645,Case Western Reserve University,OH,3,2,3,11.0,6437.0,1,,41190.0,35710.0,13338.0,0.1752,0.8717,0.4741,0.8706,9.0,0.3654,41190.0,Private nonprofit,3,City,10.625975064872742,8.769973211858753,10.48321404355681,9.498447354141044
201654,Cedarville University,OH,3,2,3,42.0,4024.0,1,,24468.0,9927.0,8563.0,0.1522,0.7253,0.333,0.734,14.0,0.6529,24468.0,Private nonprofit,3,Rural,10.105162289234684,8.300280189852664,9.203114326884442,9.055322649709574
201690,Central State University,OH,3,1,3,41.0,2620.0,1,13096.0,,4813.0,7698.0,0.527,0.2281,0.4164,0.2407,16.0,0.9861,13096.0,Public,3,Rural,9.480138475329403,7.8713112033234065,8.479283618343016,8.94884572927805
201821,The Christ College of Nursing and Health Sciences,OH,3,2,3,11.0,713.0,1,,18378.0,8118.0,7243.0,0.349,0.5571,0.6092,0.5793,11.0,0.5894,18378.0,Private nonprofit,3,City,9.818963987465475,6.570882962339584,9.001962272862446,8.887928819003305
201885,University of Cincinnati-Main Campus,OH,3,1,3,11.0,29882.0,1,25648.0,,12292.0,11468.0,0.1876,0.7496,0.3732,0.7325,19.0,0.8529,25648.0,Public,3,City,10.152259863484153,10.305045035813276,9.41678527366734,9.347403022364523
201964,Ohio Christian University,OH,3,2,3,41.0,862.0,1,,20607.0,4905.0,4506.0,0.3366,0.3394,0.4239,0.3491,14.0,0.3797,20607.0,Private nonprofit,3,Rural,9.933434628904081,6.760414691083428,8.498214224818435,8.413387022690648
202046,Cleveland Institute of Art,OH,3,2,3,11.0,539.0,1,,29208.0,14182.0,7134.0,0.4223,0.5771,0.788,0.6231,9.0,0.6135,29208.0,Private nonprofit,3,City,10.282232159944682,6.29156913955832,9.559799343294607,8.872767529910936
202073,Cleveland Institute of Music,OH,3,2,3,11.0,159.0,1,,28226.0,30729.0,7572.0,0.1371,0.7213,0.3249,0.7044,6.0,0.4731,28226.0,Private nonprofit,3,City,10.248034245674875,5.075173815233827,10.33299465512453,8.932344569113823
202134,Cleveland State University,OH,3,1,3,11.0,8969.0,1,14764.0,,12674.0,9480.0,0.4051,0.5057,0.737,0.4974,16.0,0.913,14764.0,Public,3,City,9.600014794178023,9.101640955052842,9.447386828459384,9.15704507491796
202170,Columbus College of Art & Design,OH,3,2,3,11.0,882.0,1,,29439.0,13051.0,5663.0,0.3919,0.556,0.6988,0.585,10.0,0.6766,29439.0,Private nonprofit,3,City,10.290109572842812,6.78332520060396,9.47669665771321,8.641885635373555
202480,University of Dayton,OH,3,2,3,12.0,7682.0,1,,29533.0,13290.0,9699.0,0.1581,0.8018,0.4044,0.8086,14.0,0.6545,29533.0,Private nonprofit,3,City,10.293297421033719,8.946765374867635,9.494842393421333,9.179881164491475
202514,Defiance College,OH,3,2,3,32.0,499.0,1,,26337.0,11859.0,6646.0,0.4978,0.3057,0.7241,0.3355,11.0,0.4755,26337.0,Private nonprofit,3,Town,10.178768042270166,6.214608098422191,9.380926672551716,8.801920904041582
202523,Denison University,OH,3,2,3,23.0,2380.0,1,,40007.0,25080.0,11237.0,0.1255,0.789,0.505,0.7946,9.0,0.1739,40007.0,Private nonprofit,3,Suburb,10.59683471309874,7.7752758464868625,10.129865866360268,9.327056171672144
202763,The University of Findlay,OH,3,2,3,32.0,2223.0,1,,27221.0,11807.0,7542.0,0.1469,0.5786,0.3505,0.6031,12.0,0.8337,27221.0,Private nonprofit,3,Town,10.21178074889202,7.707062655370473,9.376532546840254,8.928375259853631
202806,Franklin University,OH,3,2,3,11.0,5562.0,1,,25243.0,3021.0,10339.0,0.3718,0.1111,0.4057,0.2076,17.0,,25243.0,Private nonprofit,3,City,10.136343782704131,8.623892810075294,8.013674142832684,9.24377514806242
203085,Heidelberg University,OH,3,2,3,32.0,915.0,1,,20556.0,8859.0,6994.0,0.366,0.5198,0.9067,0.5092,14.0,0.8579,20556.0,Private nonprofit,3,Town,9.930956794525674,6.82001636467413,9.089302043599126,8.852950887099581
203128,Hiram College,OH,3,2,3,42.0,777.0,1,,21058.0,12391.0,6756.0,0.3174,0.5451,0.5585,0.5694,11.0,0.9353,21058.0,Private nonprofit,3,Rural,9.955083301179778,6.656726524178391,9.424806382096705,8.818334283552174
203368,John Carroll University,OH,3,2,3,21.0,2274.0,1,,28746.0,15871.0,10285.0,0.2059,0.7855,0.5466,0.7758,13.0,0.809,28746.0,Private nonprofit,3,Suburb,10.266288692954797,7.729735331385051,9.672311829524654,9.23853902633486
203517,Kent State University at Kent,OH,3,1,3,21.0,19320.0,1,20787.0,,10496.0,10622.0,0.2851,0.6372,0.5009,0.6458,20.0,0.8634,20787.0,Public,3,Suburb,9.942131176128333,9.868947866261383,9.258844781035798,9.270776740780013
203535,Kenyon College,OH,3,2,3,41.0,1732.0,1,,38512.0,26237.0,9767.0,0.0952,0.8234,0.212,0.8436,9.0,0.3103,38512.0,Private nonprofit,3,Rural,10.558751125618441,7.457609289715606,10.174964020640976,9.18686701579054
203544,Kettering College,OH,3,2,3,13.0,549.0,1,,21650.0,10138.0,8475.0,0.241,0.6512,0.421,0.6506,9.0,0.7654,21650.0,Private nonprofit,3,City,9.982806921740384,6.309918278226516,9.22414465295258,9.04499391938819
203580,Lake Erie College,OH,3,2,3,21.0,852.0,1,,20961.0,5968.0,6902.0,0.3723,0.3795,0.5457,0.4005,12.0,0.7036,20961.0,Private nonprofit,3,Suburb,9.950466553730122,6.748759547491679,8.69433468816865,8.839711378703475
203757,Lourdes University,OH,3,2,3,21.0,543.0,1,,23206.0,12048.0,5984.0,0.2999,0.3246,0.8102,0.3541,12.0,0.7413,23206.0,Private nonprofit,3,Suburb,10.052209236282758,6.298949246855942,9.396736947923277,8.697011617992073
203775,Malone University,OH,3,2,3,13.0,798.0,1,,20948.0,7647.0,6917.0,0.3252,0.4498,0.5856,0.4829,14.0,0.7586,20948.0,Private nonprofit,3,City,9.949846191514146,6.683360945766275,8.942199454731238,8.841881989497114
203845,Marietta College,OH,3,2,3,31.0,952.0,1,,21083.0,16371.0,7828.0,0.3355,0.6138,0.6866,0.5994,10.0,0.7931,21083.0,Private nonprofit,3,Town,9.956269737975097,6.859614903654202,9.703327837612294,8.965590066907914
203960,Mercy College of Ohio,OH,3,2,3,11.0,939.0,1,,17989.0,11187.0,7613.0,0.3273,0.5581,0.4414,0.4949,5.0,0.9322,17989.0,Private nonprofit,3,City,9.79757132694458,6.84587987526405,9.32259705432185,8.937743936942443
204006,Miami University-Hamilton,OH,3,1,3,21.0,2043.0,1,11286.0,,8465.0,8267.0,0.3036,0.2494,0.3245,0.2319,12.0,,11286.0,Public,3,Suburb,9.331406899955626,7.622663951323595,9.04381342108087,9.020147920801659
204015,Miami University-Middletown,OH,3,1,3,23.0,837.0,1,10809.0,,7360.0,7731.0,0.2721,0.3175,0.2844,0.28,15.0,,10809.0,Public,3,Suburb,9.288226910633254,6.731018100482083,8.903951072058707,8.953122840328222
204024,Miami University-Oxford,OH,3,1,3,31.0,16656.0,1,28384.0,,11183.0,10834.0,0.1259,0.7979,0.3324,0.808,16.0,0.754,28384.0,Public,3,Town,10.253616115604826,9.720585827477107,9.322239464473592,9.29053691397046
204176,Mount Carmel College of Nursing,OH,3,2,3,11.0,532.0,1,,10420.0,13038.0,8983.0,0.327,0.5385,0.6522,0.6412,8.0,0.8429,10420.0,Private nonprofit,3,City,9.251578279992428,6.278521424165844,9.475700145423472,9.10320049641828
204185,University of Mount Union,OH,3,2,3,31.0,1995.0,1,,23280.0,11301.0,7830.0,0.2782,0.5865,0.7644,0.6153,15.0,0.782,23280.0,Private nonprofit,3,Town,10.05539285624928,7.59890045687141,9.33273498018979,8.965845494750937
204194,Mount Vernon Nazarene University,OH,3,2,3,32.0,1358.0,1,,22421.0,7665.0,5687.0,0.3029,0.6811,0.5015,0.66,13.0,0.8415,22421.0,Private nonprofit,3,Town,10.017797898713539,7.214504414151143,8.9445502459405,8.646113971483077
204200,Mount St. Joseph University,OH,3,2,3,21.0,1129.0,1,,16530.0,11290.0,7744.0,0.3031,0.5633,0.543,0.5557,12.0,0.5912,16530.0,Private nonprofit,3,Suburb,9.712992685053011,7.029972911706386,9.331761227180522,8.954802752850968
204264,Muskingum University,OH,3,2,3,42.0,1376.0,1,,19532.0,9506.0,7587.0,0.3911,0.5637,0.8097,0.5451,14.0,0.8184,19532.0,Private nonprofit,3,Rural,9.879860621904971,7.227662498728654,9.15978364835903,8.934323331054905
204501,Oberlin College,OH,3,2,3,31.0,2887.0,1,,38645.0,26123.0,11232.0,0.0964,0.8089,0.3102,0.8022,9.0,0.3418,38645.0,Private nonprofit,3,Town,10.562198555774946,7.968319500012717,10.170609711022548,9.326611153641569
204617,Ohio Dominican University,OH,3,2,3,11.0,760.0,1,,20079.0,8272.0,8164.0,0.3691,0.4102,0.566,0.4433,12.0,0.9423,20079.0,Private nonprofit,3,City,9.907479573805665,6.634633357861686,9.020752479190183,9.007612005404566
204635,Ohio Northern University,OH,3,2,3,31.0,2489.0,1,,24478.0,14868.0,9306.0,0.206,0.7548,0.5459,0.7485,13.0,0.744,24478.0,Private nonprofit,3,Town,10.10557088611869,7.820037989458753,9.607033787697222,9.13852208418571
204671,Ohio State University-Lima Campus,OH,3,1,3,41.0,621.0,1,12940.0,,12869.0,11181.0,0.295,0.2271,0.3356,0.2056,17.0,,12940.0,Public,3,Rural,9.46815584482167,6.432940092739179,9.462654300590172,9.32206062158659
204796,Ohio State University-Main Campus,OH,3,1,3,11.0,45638.0,1,17339.0,,23612.0,14386.0,0.2016,0.8772,0.2877,0.8773,16.0,0.6057,17339.0,Public,3,City,9.760771250334534,10.728517893131238,10.06955268681056,9.574080300037034
204802,Ohio University-Eastern Campus,OH,3,1,3,41.0,298.0,1,3925.0,,7404.0,8290.0,0.0983,0.2065,0.0722,0.203,15.0,,3925.0,Public,3,Rural,8.275376374836407,5.700443573390687,8.909910726701899,9.022925868116218
204848,Ohio University-Lancaster Campus,OH,3,1,3,41.0,691.0,1,5650.0,,7398.0,8565.0,0.1179,0.1441,0.1173,0.1406,16.0,,5650.0,Public,3,Rural,8.639587799629844,6.539585955617669,8.90910013492555,9.055556158175316
204857,Ohio University-Main Campus,OH,3,1,3,32.0,19633.0,1,21637.0,,10470.0,9814.0,0.2121,0.6545,0.4753,0.6595,18.0,0.8499,21637.0,Public,3,Town,9.98220630724752,9.885018036252466,9.256364810287462,9.191667106710561
204909,Ohio Wesleyan University,OH,3,2,3,21.0,1516.0,1,,20897.0,15050.0,8792.0,0.2817,0.5857,0.6205,0.6015,12.0,0.556,20897.0,Private nonprofit,3,Suburb,9.947408739594056,7.324489979348532,9.619199713152362,9.081711229379001
204936,Otterbein University,OH,3,2,3,21.0,2157.0,1,,19237.0,11946.0,8630.0,0.3063,0.6788,0.5314,0.6843,12.0,0.8453,19237.0,Private nonprofit,3,Suburb,9.86464276871256,7.67693714581808,9.388235479817224,9.063115652219658
205027,Pontifical College Josephinum,OH,3,2,3,11.0,60.0,1,,,38872.0,5595.0,0.0667,0.3158,0.2222,0.3333,5.0,,,Private nonprofit,3,City,,4.110873864173311,10.568055201212758,8.629807335785372
205124,Rabbinical College Telshe,OH,3,2,3,21.0,50.0,1,,10398.0,14166.0,4754.0,0.3684,0.5263,0.0,0.5294,13.0,,10398.0,Private nonprofit,3,Suburb,9.249464926660233,3.9318256327243257,9.55867059537935,8.46695197497949
205443,Shawnee State University,OH,3,1,3,32.0,2247.0,1,14381.0,,6719.0,7368.0,0.3856,0.4811,0.386,0.4539,12.0,,14381.0,Public,3,Town,9.57373270366244,7.717796211013582,8.812843433517195,8.905037290767
205957,Franciscan University of Steubenville,OH,3,2,3,13.0,2901.0,1,,23589.0,7038.0,6622.0,0.2304,0.7545,0.5252,0.762,17.0,0.5836,23589.0,Private nonprofit,3,City,10.06857817240172,7.973155433444133,8.85922139360813,8.798303718484979
206048,Tiffin University,OH,3,2,3,32.0,2051.0,1,,26500.0,4796.0,7387.0,0.3147,0.3987,0.5013,0.4138,22.0,0.8005,26500.0,Private nonprofit,3,Town,10.184937747111391,7.62657020629066,8.475746001502063,8.90761234131913
206084,University of Toledo,OH,3,1,3,11.0,9770.0,1,17249.0,,15494.0,10195.0,0.2746,0.5704,0.3632,0.5634,18.0,0.9202,17249.0,Public,3,City,9.755567422459507,9.187174093944343,9.648272670221848,9.229750765496005
206349,Ursuline College,OH,3,2,3,21.0,670.0,1,,16164.0,7706.0,6612.0,0.4301,0.6667,0.8524,0.607,8.0,0.7493,16164.0,Private nonprofit,3,Suburb,9.690603690159534,6.508769136971682,8.949884285777994,8.796792687674662
206437,Walsh University,OH,3,2,3,21.0,1390.0,1,,20493.0,8346.0,5760.0,0.2736,0.585,0.5221,0.6011,14.0,0.7074,20493.0,Private nonprofit,3,Suburb,9.927887439359663,7.237778191923443,9.029657471850737,8.658866349732383
206491,Wilberforce University,OH,3,2,3,41.0,822.0,1,,5567.0,5667.0,7300.0,0.7409,0.1202,0.9734,0.1335,12.0,0.405,5567.0,Private nonprofit,3,Rural,8.624791202014256,6.71295620067707,8.64259160081057,8.895766604056085
206507,Wilmington College,OH,3,2,3,32.0,1006.0,1,,24153.0,5718.0,6539.0,0.3885,0.4727,0.7608,0.5072,12.0,0.924,24153.0,Private nonprofit,3,Town,10.09220527683532,6.914730892718563,8.651549243915316,8.785692444451245
206525,Wittenberg University,OH,3,2,3,13.0,1215.0,1,,18649.0,13725.0,7827.0,0.3486,0.5269,0.854,0.5328,12.0,0.7235,18649.0,Private nonprofit,3,City,9.833601425071961,7.103322062526113,9.52704712346858,8.965462328515967
206589,The College of Wooster,OH,3,2,3,32.0,1730.0,1,,23458.0,17263.0,8909.0,0.209,0.7394,0.4467,0.7394,10.0,0.5953,23458.0,Private nonprofit,3,Town,10.063009495553013,7.456454555176209,9.756378687497916,9.094929520464856
206604,Wright State University-Main Campus,OH,3,1,3,21.0,6762.0,1,15415.0,,11536.0,10222.0,0.3447,0.4169,0.4174,0.4394,16.0,0.9633,15415.0,Public,3,Suburb,9.643161210094203,8.81922185757494,9.35331454092729,9.232395362757014
206613,Wright State University-Lake Campus,OH,3,1,3,41.0,892.0,1,11081.0,,5908.0,11112.0,0.2117,0.4091,0.2382,0.4174,13.0,,11081.0,Public,3,Rural,9.313077449427295,6.794586580876499,8.684231891345675,9.315870873185647
206622,Xavier University,OH,3,2,3,11.0,4207.0,1,,32997.0,13013.0,9257.0,0.1627,0.6865,0.5254,0.6952,10.0,0.8641,32997.0,Private nonprofit,3,City,10.40420223255139,8.344742754417545,9.47378098005493,9.133243321591216
206695,Youngstown State University,OH,3,1,3,13.0,7961.0,1,12767.0,,8188.0,8731.0,0.3378,0.5048,0.3846,0.5166,20.0,0.8445,12767.0,Public,3,City,9.45469731968959,8.982435503560263,9.010547069270189,9.074749717669835
206835,Oklahoma Wesleyan University,OK,3,2,6,32.0,673.0,1,,28358.0,5716.0,5562.0,0.2925,0.3476,0.5194,0.3151,15.0,0.6617,28358.0,Private nonprofit,6,Town,10.252699719093494,6.513230110912307,8.651199471263972,8.623892810075294
206862,Southern Nazarene University,OK,3,2,6,21.0,1455.0,1,,22084.0,7999.0,6779.0,0.4696,0.5051,0.6038,0.4966,15.0,,22084.0,Private nonprofit,6,Suburb,10.002653924030627,7.283448228756631,8.987196820661973,8.821732380934442
206914,Cameron University,OK,3,1,6,13.0,2492.0,1,10912.0,,9215.0,7155.0,0.3884,0.3067,0.2605,0.2602,18.0,,10912.0,Public,6,City,9.29771001811309,7.821242083523558,9.128696382935672,8.87570644462861
206941,University of Central Oklahoma,OK,3,1,6,21.0,10170.0,1,18309.0,,10973.0,8207.0,0.3649,0.3676,0.3317,0.3713,18.0,0.7812,18309.0,Public,6,Suburb,9.815202637668557,9.227295812625597,9.30328411761892,9.012864567410551
207041,East Central University,OK,3,1,6,33.0,2467.0,1,8683.0,,6556.0,5650.0,0.45,0.3442,0.3593,0.3356,18.0,0.5815,8683.0,Public,6,Town,9.069237530998182,7.811163385025279,8.788288460263619,8.639587799629844
207157,Randall University,OK,3,2,6,21.0,267.0,1,,16383.0,3755.0,3236.0,0.3737,0.2639,0.2776,0.2345,11.0,0.5786,16383.0,Private nonprofit,6,Suburb,9.704060527839234,5.5909869805108565,8.231109840328154,8.082402253926244
207263,Northeastern State University,OK,3,1,6,33.0,4772.0,1,12710.0,,11563.0,8084.0,0.4509,0.3536,0.359,0.3628,16.0,0.9959,12710.0,Public,6,Town,9.450223039294668,8.470730317005897,9.355652103136237,8.997765772011208
207306,Northwestern Oklahoma State University,OK,3,1,6,33.0,1498.0,1,10104.0,,8667.0,7182.0,0.4142,0.3035,0.3724,0.327,15.0,0.6545,10104.0,Public,6,Town,9.22078562983772,7.312553498102598,9.067393362656249,8.879472402074802
207324,Oklahoma Christian University,OK,3,2,6,11.0,1885.0,1,,21872.0,6440.0,6798.0,0.3302,0.5551,0.4495,0.5533,19.0,0.9654,21872.0,Private nonprofit,6,City,9.99300827847454,7.542213463193403,8.77043908654689,8.82453082152646
207351,Oklahoma Panhandle State University,OK,3,1,6,42.0,917.0,1,7413.0,,7665.0,5225.0,0.4771,0.2094,0.6359,0.2347,17.0,,7413.0,Public,6,Rural,8.911125383710678,6.822197390620491,8.9445502459405,8.561401446080557
207388,Oklahoma State University-Main Campus,OK,3,1,6,32.0,21773.0,1,17447.0,,10663.0,10704.0,0.2799,0.6817,0.3716,0.6699,19.0,0.7504,17447.0,Public,6,Town,9.766980307881465,9.988471876441125,9.274628861858545,9.278466201023782
207403,Oklahoma Baptist University,OK,3,2,6,32.0,1308.0,1,,20958.0,10243.0,8621.0,0.1739,0.5237,0.2314,0.5102,16.0,0.4941,20958.0,Private nonprofit,6,Town,9.95032342737316,7.1770187659099,9.234447447319416,9.06207235530708
207458,Oklahoma City University,OK,3,2,6,11.0,1514.0,1,,22857.0,15051.0,7805.0,0.2391,0.6488,0.4485,0.6457,11.0,0.7702,22857.0,Private nonprofit,6,City,10.037056444457543,7.323170717943469,9.619266151713328,8.96264794774056
207500,University of Oklahoma-Norman Campus,OK,3,1,6,22.0,22734.0,1,15300.0,,14268.0,11610.0,0.2497,0.7533,0.3231,0.7532,18.0,0.766,15300.0,Public,6,Suburb,9.635673464721814,10.031660866259111,9.565844630930576,9.359708203627006
207582,Oral Roberts University,OK,3,2,6,11.0,3487.0,1,,25365.0,6864.0,7834.0,0.2843,0.5683,0.416,0.5588,18.0,0.989,25365.0,Private nonprofit,6,City,10.141164973627374,8.15708378502887,8.834191318202071,8.966356154790121
207661,Rogers State University,OK,3,1,6,31.0,2657.0,1,15314.0,,5581.0,6427.0,0.4014,0.2896,0.3659,0.2719,18.0,,15314.0,Public,6,Town,9.636588019266876,7.885329239273191,8.627302414096267,8.768418726857403
207722,University of Science and Arts of Oklahoma,OK,3,1,6,32.0,941.0,1,6624.0,,8206.0,6356.0,0.512,0.4413,0.372,0.405,13.0,0.6582,6624.0,Public,6,Town,8.798605650854423,6.848005274576363,9.012742727629712,8.757311846936409
207847,Southeastern Oklahoma State University,OK,3,1,6,32.0,3018.0,1,8039.0,,7498.0,7173.0,0.416,0.3154,0.3143,0.3238,25.0,0.7643,8039.0,Public,6,Town,8.992184362173012,8.012680929706839,8.92252495730139,8.878218658092228
207856,Southwestern Christian University,OK,3,2,6,21.0,377.0,1,,20146.0,4001.0,5229.0,0.4672,0.1613,0.4644,0.1446,13.0,,20146.0,Private nonprofit,6,Suburb,9.91081067291591,5.934894195619588,8.294549515143679,8.56216655705897
207865,Southwestern Oklahoma State University,OK,3,1,6,33.0,3514.0,1,14459.0,,10504.0,7875.0,0.389,0.3969,0.3091,0.3716,19.0,,14459.0,Public,6,Town,9.579141495712756,8.164794804244766,9.2596066132791,8.971575439759016
207971,University of Tulsa,OK,3,2,6,11.0,2813.0,1,,15000.0,18075.0,12082.0,0.2696,0.7229,0.3288,0.7278,10.0,0.6151,15000.0,Private nonprofit,6,City,9.61587214452889,7.942362237674335,9.802340370531171,9.399554785027307
208646,Eastern Oregon University,OR,3,1,8,33.0,2172.0,1,17148.0,,7792.0,8548.0,0.3475,0.43,0.371,0.3974,14.0,0.9831,17148.0,Public,8,Town,9.749695141856147,7.6838639802564295,8.96098117384356,9.053569596026234
208725,New Hope Christian College-Eugene,OR,3,2,8,12.0,56.0,1,,21600.0,15268.0,,0.6444,0.5172,0.6667,0.439,13.0,0.8,21600.0,Private nonprofit,8,City,9.980494888896912,4.04305126783455,9.633579908183512,
208822,George Fox University,OR,3,2,8,31.0,2699.0,1,,31679.0,13166.0,8565.0,0.2344,0.7196,0.5409,0.7027,17.0,0.9351,31679.0,Private nonprofit,8,Town,10.363440845928363,7.90100705199242,9.485468978356344,9.055556158175316
209056,Lewis & Clark College,OR,3,2,8,11.0,2120.0,1,,36013.0,17689.0,10908.0,0.2028,0.7536,0.6586,0.7336,12.0,0.7849,36013.0,Private nonprofit,8,City,10.49166303072945,7.659642954564682,9.780754787153832,9.297343415597757
209065,Linfield University,OR,3,2,8,32.0,1621.0,1,,26536.0,14007.0,7672.0,0.3033,0.7046,0.8391,0.6754,10.0,0.8517,26536.0,Private nonprofit,8,Town,10.186295264571648,7.3914152346753585,9.547383873965687,8.945462952177666
209241,Mount Angel Seminary,OR,3,2,8,41.0,38.0,1,,,18169.0,8584.0,0.1765,0.5,0.0882,0.4546,6.0,,,Private nonprofit,8,Rural,,3.6635616461296463,9.807527161390217,9.057771773331575
209409,Bushnell University,OR,3,2,8,12.0,517.0,1,,20789.0,6850.0,6083.0,0.3271,0.56,0.6075,0.5891,12.0,0.6728,20789.0,Private nonprofit,8,City,9.942227380852058,6.249975242259483,8.832149906002899,8.713417653379183
209506,Oregon Institute of Technology,OR,3,1,8,33.0,2892.0,1,15706.0,,10507.0,8845.0,0.1786,0.5378,0.2245,0.5631,17.0,0.9502,15706.0,Public,8,Town,9.661861751843032,7.970049304976135,9.259892150805431,9.087720658428273
209542,Oregon State University,OR,3,1,8,13.0,30743.0,1,19604.0,,12607.0,11437.0,0.2277,0.7011,0.3255,0.7037,18.0,0.773,19604.0,Public,8,City,9.883539914726432,10.33345013224468,9.44208681209766,9.344696424475261
209551,University of Oregon,OR,3,1,8,12.0,20497.0,1,22182.0,,15863.0,12404.0,0.2135,0.7169,0.2929,0.7159,19.0,0.883,22182.0,Public,8,City,10.007081508746234,9.928082599391509,9.671807670199632,9.425854896125902
209603,Pacific Northwest College of Art,OR,3,2,8,11.0,420.0,1,,35785.0,16928.0,8311.0,0.4053,0.2913,0.5218,0.3558,9.0,0.7485,35785.0,Private nonprofit,8,City,10.485312034451807,6.042632833682381,9.73678340663725,9.025455532779063
209612,Pacific University,OR,3,2,8,21.0,1516.0,1,,35273.0,12774.0,9129.0,0.2777,0.6698,0.8053,0.6588,10.0,0.8956,35273.0,Private nonprofit,8,Suburb,10.47090142763031,7.324489979348532,9.455245415071905,9.119320973589014
209807,Portland State University,OR,3,1,8,11.0,13182.0,1,9552.0,,13280.0,11893.0,0.4165,0.5266,0.3227,0.5289,17.0,0.9087,9552.0,Public,8,City,9.164610520270008,9.48668339975797,9.49408972140025,9.38378935026654
209825,University of Portland,OR,3,2,8,11.0,2957.0,1,,28210.0,19056.0,10167.0,0.221,0.7984,0.3862,0.8013,9.0,0.8917,28210.0,Private nonprofit,8,City,10.247467251790306,7.992268643270745,9.855189767128376,9.22700081286929
209922,Reed College,OR,3,2,8,11.0,1320.0,1,,33013.0,30286.0,12578.0,0.1459,0.7147,0.3975,0.7383,9.0,0.2461,33013.0,Private nonprofit,8,City,10.404686992907486,7.186144304522325,10.318473856527929,9.439784035838873
210146,Southern Oregon University,OR,3,1,8,22.0,2751.0,1,16732.0,,10493.0,9721.0,0.2486,0.4253,0.2814,0.4342,23.0,0.8862,16732.0,Public,8,Suburb,9.725138096494574,7.920083199053234,9.258558944246657,9.1821466376054
210304,Warner Pacific University,OR,3,2,8,11.0,375.0,1,,25629.0,7444.0,6822.0,0.4786,0.4918,0.6604,0.6641,14.0,0.7114,25629.0,Private nonprofit,8,City,10.151518819358117,5.929589143389895,8.915297945118109,8.828054536815424
210331,Corban University,OR,3,2,8,12.0,678.0,1,,28035.0,5172.0,6449.0,0.2497,0.6059,0.3446,0.6081,17.0,0.939,28035.0,Private nonprofit,8,City,10.241244677620216,6.520621127558696,8.551208070003515,8.771835409789817
210401,Willamette University,OR,3,2,8,12.0,1592.0,1,,25121.0,15686.0,11083.0,0.2355,0.7124,0.3934,0.7204,13.0,0.7709,25121.0,Private nonprofit,8,City,10.131499235247198,7.373374309910049,9.66058762285624,9.31325790598287
210429,Western Oregon University,OR,3,1,8,31.0,3103.0,1,17237.0,,9229.0,7388.0,0.4113,0.4712,0.738,0.4599,13.0,0.981,17237.0,Public,8,Town,9.754871528207344,8.04044688130311,9.130214327496898,8.907747686788648
210492,Bryn Athyn College of the New Church,PA,3,2,2,21.0,244.0,1,,20586.0,15919.0,7653.0,0.4029,0.6774,0.6557,0.5478,8.0,0.8294,20586.0,Private nonprofit,2,Suburb,9.932415087609309,5.501258210544727,9.675331459398373,8.942983665985647
210571,Albright College,PA,3,2,2,13.0,1217.0,1,,20024.0,13903.0,6685.0,0.5004,0.507,0.735,0.4687,11.0,0.7633,20024.0,Private nonprofit,2,City,9.90473677193656,7.1049654482698426,9.539931847505173,8.807771066980044
210669,Allegheny College,PA,3,2,2,32.0,1156.0,1,,22940.0,17999.0,8582.0,0.2849,0.7255,0.5633,0.6951,8.0,0.5457,22940.0,Private nonprofit,2,Town,10.040680981712335,7.053585727193677,9.798127036878302,9.05753878171822
210739,DeSales University,PA,3,2,2,21.0,2128.0,1,,31643.0,11727.0,8905.0,0.2378,0.722,0.6384,0.7166,12.0,0.7709,31643.0,Private nonprofit,2,Suburb,10.362303836141287,7.663407664893479,9.369734424126433,9.094480485881647
210775,Alvernia University,PA,3,2,2,13.0,2152.0,1,,28138.0,8245.0,8028.0,0.3624,0.5553,0.8254,0.5689,14.0,0.5806,28138.0,Private nonprofit,2,City,10.24491179343424,7.674617497364363,9.017483513266844,8.990815266184685
211088,Arcadia University,PA,3,2,2,21.0,1948.0,1,,29466.0,10749.0,8854.0,0.2831,0.6674,0.6148,0.6525,10.0,0.8022,29466.0,Private nonprofit,2,Suburb,10.291026272110837,7.575071699507561,9.28266103355581,9.088737550216933
211273,Bryn Mawr College,PA,3,2,2,21.0,1359.0,1,,31759.0,26652.0,12083.0,0.1475,0.8179,0.493,0.836,8.0,0.2943,31759.0,Private nonprofit,2,Suburb,10.365962915361072,7.215239978730097,10.190656993614896,9.399637542506563
211291,Bucknell University,PA,3,2,2,32.0,3876.0,1,,40766.0,24614.0,13254.0,0.1238,0.8632,0.3466,0.8627,9.0,0.2893,40766.0,Private nonprofit,2,Town,10.615628209588607,8.262816937670928,10.111111292192302,9.492130118723125
211431,Carlow University,PA,3,2,2,11.0,1348.0,1,,20786.0,10746.0,7520.0,0.4301,0.5992,0.6927,0.5758,12.0,0.8695,20786.0,Private nonprofit,2,City,9.94208307029549,7.207118856207756,9.282381924841154,8.925454386826402
211440,Carnegie Mellon University,PA,3,2,2,11.0,7304.0,1,,31944.0,41024.0,13972.0,0.1604,0.9413,0.3357,0.933,5.0,0.1166,31944.0,Private nonprofit,2,City,10.371770953036444,8.8963143241848,10.621936915958292,9.544882175080447
211468,Cedar Crest College,PA,3,2,2,12.0,834.0,1,,18659.0,11600.0,7285.0,0.4357,0.6039,0.7032,0.5929,9.0,0.8407,18659.0,Private nonprofit,2,City,9.834137474401334,6.727431724850855,9.358846580275406,8.89370997756851
211556,Chatham University,PA,3,2,2,11.0,1232.0,1,,29954.0,13358.0,8160.0,0.2183,0.6306,0.5289,0.6468,10.0,0.6196,29954.0,Private nonprofit,2,City,10.307451534518025,7.117205503164344,9.499945593989812,9.007121989469242
211583,Chestnut Hill College,PA,3,2,2,11.0,815.0,1,,27970.0,9714.0,5821.0,0.5208,0.4878,0.7845,0.5285,10.0,0.7446,27970.0,Private nonprofit,2,City,10.23892353814896,6.704414354964107,9.18142636181154,8.669399124305569
211608,Cheyney University of Pennsylvania,PA,3,1,2,41.0,617.0,1,14265.0,,10769.0,10536.0,0.6602,0.4059,0.5773,0.2441,15.0,,14265.0,Public,2,Rural,9.565634362837983,6.42648845745769,9.284519770150434,9.262648151599528
211893,Curtis Institute of Music,PA,3,2,2,11.0,109.0,1,,,92076.0,8958.0,0.0094,0.9615,0.0,0.9556,2.0,0.0458,,Private nonprofit,2,City,,4.700480365792417,11.430380462500112,9.100413892597578
211981,Delaware Valley University,PA,3,2,2,21.0,1628.0,1,,28278.0,9499.0,9069.0,0.299,0.5591,0.7453,0.5412,14.0,0.9321,28278.0,Private nonprofit,2,Suburb,10.24987475870638,7.395721608602045,9.159047077588632,9.112727543109182
212009,Dickinson College,PA,3,2,2,13.0,2273.0,1,,37607.0,19764.0,10034.0,0.1275,0.7978,0.3852,0.8156,11.0,0.4209,37607.0,Private nonprofit,2,City,10.534972072703967,7.729295674310482,9.891667975730785,9.213834261230438
212054,Drexel University,PA,3,2,2,11.0,13233.0,1,,38509.0,22377.0,12380.0,0.2676,0.7816,0.4932,0.7765,9.0,0.7944,38509.0,Private nonprofit,2,City,10.558673226808954,9.490544554572004,10.015833612367667,9.423918318420691
212106,Duquesne University,PA,3,2,2,11.0,5350.0,1,,37730.0,16449.0,10204.0,0.2024,0.7749,0.6743,0.765,12.0,0.8356,37730.0,Private nonprofit,2,City,10.538237316715266,8.585038738311304,9.708080756193517,9.230633075243945
212115,East Stroudsburg University of Pennsylvania,PA,3,1,2,31.0,4814.0,1,18134.0,,8277.0,10957.0,0.4149,0.4312,0.5708,0.435,21.0,0.9205,18134.0,Public,2,Town,9.805599051717003,8.479491324232226,9.021356672308677,9.301825062098361
212133,Eastern University,PA,3,2,2,21.0,2404.0,1,,26662.0,4064.0,5855.0,0.4192,0.54,0.5725,0.5493,21.0,0.9077,26662.0,Private nonprofit,2,Suburb,10.191032115533917,7.785305182539862,8.310169021981912,8.675222055641148
212197,Elizabethtown College,PA,3,2,2,21.0,1868.0,1,,26598.0,12151.0,9109.0,0.2084,0.7617,0.6511,0.7663,13.0,0.7787,26598.0,Private nonprofit,2,Suburb,10.188628900078157,7.533158807455563,9.405249044275608,9.117127990254003
212577,Franklin and Marshall College,PA,3,2,2,13.0,1799.0,1,,36425.0,20636.0,11293.0,0.158,0.8377,0.4448,0.8493,9.0,0.2819,36425.0,Private nonprofit,2,City,10.503038084358488,7.495541943884256,9.934840860194123,9.332026890232783
212601,Gannon University,PA,3,2,2,13.0,2365.0,1,,22553.0,10356.0,8733.0,0.2384,0.6636,0.6445,0.6781,11.0,0.7416,22553.0,Private nonprofit,2,City,10.023667712792234,7.768956044538332,9.24541789858888,9.074978734045507
212656,Geneva College,PA,3,2,2,21.0,1096.0,1,,25890.0,9782.0,7481.0,0.3124,0.6098,0.7781,0.6122,15.0,,25890.0,Private nonprofit,2,Suburb,10.161650696951378,7.00033446027523,9.18840146445743,8.920255414908091
212674,Gettysburg College,PA,3,2,2,31.0,2099.0,1,,31490.0,15097.0,10433.0,0.2099,0.8253,0.4769,0.8263,10.0,0.389,31490.0,Private nonprofit,2,Town,10.357457069703907,7.649692623711514,9.62231756369957,9.252824983582338
212805,Grove City College,PA,3,2,2,32.0,2216.0,1,,,16618.0,,0.0,0.8317,0.0,0.814,13.0,0.7232,,Private nonprofit,2,Town,,7.7039102096163115,9.718301898127523,
212832,Gwynedd Mercy University,PA,3,2,2,21.0,1067.0,1,,27483.0,9202.0,7592.0,0.2491,0.5688,0.5484,0.5767,12.0,0.8963,27483.0,Private nonprofit,2,Suburb,10.221359296150967,6.97354301952014,9.127284796838858,8.934982049213234
212911,Haverford College,PA,3,2,2,21.0,1430.0,1,,25314.0,29284.0,11785.0,0.1545,0.8964,0.0913,0.8952,8.0,0.1237,25314.0,Private nonprofit,2,Suburb,10.13915238440401,7.266128779556451,10.284830718523883,9.374667665397858
212984,Holy Family University,PA,3,2,2,11.0,2464.0,1,,13143.0,8979.0,7978.0,0.4105,0.6091,0.6958,0.6065,14.0,0.7104,13143.0,Private nonprofit,2,City,9.483720659717104,7.80994708647679,9.102755161296246,8.984568369308281
213011,Immaculata University,PA,3,2,2,21.0,1320.0,1,,24258.0,6267.0,4852.0,0.2283,0.7104,0.5029,0.6763,11.0,0.8576,24258.0,Private nonprofit,2,Suburb,10.096542961533052,7.186144304522325,8.74321260347591,8.487352349405215
213020,Indiana University of Pennsylvania,PA,3,1,2,32.0,6764.0,1,16804.0,,10440.0,11877.0,0.3683,0.5551,0.5899,0.5384,23.0,0.9077,16804.0,Public,2,Town,9.729431740159207,8.819517540604888,9.25349564229011,9.382443228575806
213251,Juniata College,PA,3,2,2,32.0,1191.0,1,,23988.0,14358.0,9004.0,0.2904,0.735,0.67,0.7124,11.0,0.7891,23988.0,Private nonprofit,2,Town,10.085350670929921,7.083387847625295,9.572132202294377,9.105535257610056
213303,Keystone College,PA,3,2,2,21.0,771.0,1,,22051.0,7039.0,5423.0,0.4178,0.3587,0.8525,0.3844,12.0,0.848,22051.0,Private nonprofit,2,Suburb,10.001158579709575,6.648984550024776,8.859363449152088,8.598588829620232
213321,King's College,PA,3,2,2,13.0,1484.0,1,,23093.0,12208.0,8851.0,0.3038,0.5989,0.7447,0.6,13.0,0.9311,23093.0,Private nonprofit,2,City,10.047328122511802,7.3031700512368,9.409928663668856,9.08839870117094
213349,Kutztown University of Pennsylvania,PA,3,1,2,31.0,6180.0,1,21331.0,,10174.0,11035.0,0.3266,0.5382,0.6266,0.5396,20.0,0.9075,21331.0,Public,2,Town,9.967963571720492,8.729235349659273,9.227689010310796,9.308917935337176
213358,La Roche University,PA,3,2,2,21.0,751.0,1,,20794.0,6881.0,7208.0,0.1009,0.5721,0.1857,0.5743,11.0,0.7576,20794.0,Private nonprofit,2,Suburb,9.942467852177012,6.62273632394984,8.836664586357426,8.883085524404578
213367,La Salle University,PA,3,2,2,11.0,1953.0,1,,19409.0,10414.0,9355.0,0.3505,0.5712,0.4276,0.5751,12.0,0.9659,19409.0,Private nonprofit,2,City,9.873543676163056,7.577633832602728,9.251002353695073,9.143773127704069
213385,Lafayette College,PA,3,2,2,21.0,2757.0,1,,34433.0,25883.0,12663.0,0.1165,0.8759,0.1961,0.8781,10.0,0.3145,34433.0,Private nonprofit,2,Suburb,10.446799727336417,7.922261058353247,10.161380296177157,9.446518601560848
213400,Lancaster Bible College,PA,3,2,2,21.0,1569.0,1,,25480.0,6507.0,5811.0,0.3549,0.6667,0.491,0.6881,19.0,0.5589,25480.0,Private nonprofit,2,Suburb,10.145688355383795,7.358830898342354,8.780787468338929,8.667680024690174
213507,Lebanon Valley College,PA,3,2,2,23.0,1684.0,1,,26979.0,12519.0,8422.0,0.2485,0.6496,0.6906,0.6871,11.0,0.8377,26979.0,Private nonprofit,2,Suburb,10.202851129761747,7.429520842786462,9.43508264465409,9.038721338315364
213543,Lehigh University,PA,3,2,2,13.0,5898.0,1,,36931.0,24840.0,15219.0,0.1771,0.8791,0.3657,0.8855,10.0,0.2593,36931.0,Private nonprofit,2,City,10.516833662892518,8.682538124003075,10.12025079288605,9.630365631415676
213598,Lincoln University,PA,3,1,2,21.0,1539.0,1,14977.0,,9815.0,9580.0,0.6867,0.4355,0.7903,0.4828,12.0,0.6572,14977.0,Public,2,Suburb,9.614337736809313,7.3395376954076745,9.191768986390747,9.167537249650874
213668,Lycoming College,PA,3,2,2,13.0,996.0,1,,19140.0,15750.0,8261.0,0.3801,0.5963,0.7107,0.596,10.0,0.7407,19140.0,Private nonprofit,2,City,9.859587910246109,6.904750769961838,9.664659134301736,9.01942196795671
213826,Marywood University,PA,3,2,2,13.0,1784.0,1,,23388.0,9607.0,7773.0,0.3196,0.7165,0.809,0.7211,11.0,0.6058,23388.0,Private nonprofit,2,City,10.060021105350893,7.487173694213739,9.170351363759819,8.958540111412168
213987,Mercyhurst University,PA,3,2,2,13.0,2191.0,1,,19444.0,9031.0,7193.0,0.3133,0.6017,0.647,0.5948,14.0,0.8102,19444.0,Private nonprofit,2,City,9.875345246589848,7.692569648067906,9.108529105829499,8.881002624255569
213996,Messiah University,PA,3,2,2,21.0,2259.0,1,,26502.0,10324.0,9179.0,0.1964,0.7496,0.5414,0.7683,12.0,0.7897,26502.0,Private nonprofit,2,Suburb,10.185013213113992,7.723120092266331,9.242323417829233,9.124782483614537
214041,Millersville University of Pennsylvania,PA,3,1,2,21.0,5728.0,1,20787.0,,10132.0,11531.0,0.2731,0.5763,0.5126,0.5602,19.0,0.8619,20787.0,Public,2,Suburb,9.942131176128333,8.653296274408579,9.223552703448318,9.352881058758292
214069,Misericordia University,PA,3,2,2,21.0,1672.0,1,,37485.0,11838.0,8504.0,0.2719,0.7171,0.7425,0.7042,11.0,0.7093,37485.0,Private nonprofit,2,Suburb,10.53172280891893,7.422373700986824,9.379154445411636,9.048409504829962
214148,Moore College of Art and Design,PA,3,2,2,11.0,535.0,1,,43086.0,14319.0,8081.0,0.4333,0.5714,0.8487,0.6021,9.0,0.5646,43086.0,Private nonprofit,2,City,10.670976606464201,6.284134161070802,9.569412440514636,8.997394645638419
214157,Moravian University,PA,3,2,2,13.0,1949.0,1,,30670.0,14586.0,8295.0,0.319,0.7169,0.7493,0.7137,10.0,0.5417,30670.0,Private nonprofit,2,City,10.331072861728375,7.575584651557793,9.587886000086213,9.023528749909364
214166,Mount Aloysius College,PA,3,2,2,31.0,1094.0,1,,22344.0,6920.0,7396.0,0.1543,0.5691,0.311,0.5622,11.0,0.8205,22344.0,Private nonprofit,2,Town,10.014357861367552,6.9985096422506015,8.842315546841863,8.908829791587868
214175,Muhlenberg College,PA,3,2,2,12.0,1727.0,1,,28905.0,20619.0,9647.0,0.212,0.8223,0.5274,0.8123,9.0,0.7199,28905.0,Private nonprofit,2,City,10.271804465008787,7.454719949364001,9.934016757570951,9.174505918966966
214272,Neumann University,PA,3,2,2,21.0,1533.0,1,,27804.0,7816.0,7550.0,0.4277,0.5368,0.7032,0.5019,13.0,0.8128,27804.0,Private nonprofit,2,Suburb,10.232971139621664,7.335633981927201,8.96405612822033,8.929435283803425
214591,Pennsylvania State University-Penn State Erie-Behrend College,PA,3,1,2,22.0,3240.0,1,24558.0,,4725.0,10333.0,0.2889,0.4363,0.5546,0.4466,12.0,0.9683,24558.0,Public,2,Suburb,10.108833664819757,8.083637203141548,8.460834457746854,9.24319470884713
214625,Pennsylvania State University-Penn State New Kensington,PA,3,1,2,41.0,416.0,1,18305.0,,6101.0,9403.0,0.318,0.2761,0.4803,0.2619,9.0,0.9529,18305.0,Public,2,Rural,9.814984153944724,6.0330862217988015,8.716371865276615,9.14889040965996
214634,Pennsylvania State University-Penn State Shenango,PA,3,1,2,31.0,256.0,1,18095.0,,6344.0,9036.0,0.3916,0.4194,0.4398,0.3252,7.0,0.922,18095.0,Public,2,Town,9.803446198355902,5.54907608489522,8.755422380148488,9.109082539901955
214643,Pennsylvania State University-Penn State Wilkes-Barre,PA,3,1,2,41.0,313.0,1,16448.0,,5378.0,9188.0,0.3937,0.2273,0.5431,0.1948,10.0,0.9699,16448.0,Public,2,Rural,9.708019964072157,5.749392985908253,8.590257762273243,9.125762395500885
214652,Pennsylvania State University-Penn State Scranton,PA,3,1,2,21.0,793.0,1,17910.0,,3561.0,9774.0,0.4182,0.3929,0.5663,0.3536,11.0,0.9852,17910.0,Public,2,Suburb,9.793170328225258,6.677083461247136,8.178077463849608,9.187583384853566
214670,Pennsylvania State University-Penn State Lehigh Valley,PA,3,1,2,21.0,859.0,1,18220.0,,2942.0,8550.0,0.3501,0.1783,0.4319,0.1759,14.0,0.9737,18220.0,Public,2,Suburb,9.810330054049878,6.756932389247553,7.987184748233473,9.053803514155955
214689,Pennsylvania State University-Penn State Altoona,PA,3,1,2,13.0,2367.0,1,22213.0,,3624.0,9491.0,0.2937,0.165,0.5366,0.1721,13.0,0.9806,22213.0,Public,2,City,10.008477999727065,7.769800996003896,8.195609567288775,9.158204617555654
214698,Pennsylvania State University-Penn State Beaver,PA,3,1,2,21.0,482.0,1,17418.0,,4378.0,9688.0,0.3194,0.2174,0.5476,0.2147,12.0,0.9565,17418.0,Public,2,Suburb,9.765316843477462,6.180016653652572,8.384575666801398,9.178746500385005
214704,Pennsylvania State University-Penn State Berks,PA,3,1,2,21.0,1872.0,1,24356.0,,3318.0,10158.0,0.2876,0.3152,0.518,0.277,13.0,0.9867,24356.0,Public,2,Suburb,10.100574561530555,7.5352967024440884,8.107418811719974,9.226115291091546
214713,Pennsylvania State University-Penn State Harrisburg,PA,3,1,2,21.0,4031.0,1,23330.0,,3651.0,11107.0,0.2613,0.2612,0.4147,0.2767,15.0,0.976,23330.0,Public,2,Suburb,10.057538227363054,8.302017809751204,8.20303024171486,9.31542084842669
214731,Pennsylvania State University-Penn State Brandywine,PA,3,1,2,21.0,1223.0,1,22585.0,,3078.0,9857.0,0.3369,0.2598,0.4906,0.2354,15.0,0.9811,22585.0,Public,2,Suburb,10.025085524283616,7.1098794630722715,8.0323601479245,9.196038587265322
214740,Pennsylvania State University-Penn State DuBois,PA,3,1,2,33.0,349.0,1,17428.0,,6092.0,9056.0,0.2946,0.3381,0.5099,0.3148,9.0,0.9712,17428.0,Public,2,Town,9.765890764521682,5.857933154483459,8.714895850248494,9.111293218374948
214759,Pennsylvania State University-Penn State Fayette- Eberly,PA,3,1,2,41.0,402.0,1,14596.0,,5538.0,9599.0,0.3866,0.3862,0.5823,0.3614,9.0,0.9547,14596.0,Public,2,Rural,9.588571307130579,5.998936561946683,8.619569258033104,9.169518377455928
214768,Pennsylvania State University-Penn State Hazleton,PA,3,1,2,23.0,501.0,1,17597.0,,4953.0,9943.0,0.4275,0.2615,0.598,0.2197,12.0,0.9641,17597.0,Public,2,Suburb,9.775540538205506,6.218600119691729,8.507950610049305,9.204724633190548
214777,Pennsylvania State University-Main Campus,PA,3,1,2,13.0,42284.0,1,32875.0,,15699.0,13120.0,0.1388,0.8609,0.3991,0.8589,16.0,0.6056,32875.0,Public,2,City,10.40049818726839,10.652187692216323,9.6614159913364,9.481969279105716
214786,Pennsylvania State University-Penn State Greater Allegheny,PA,3,1,2,21.0,349.0,1,15521.0,,6757.0,10177.0,0.4127,0.1897,0.5956,0.2314,9.0,0.9647,15521.0,Public,2,Suburb,9.650013651414085,5.857933154483459,8.818482267274236,9.227983807148778
214795,Pennsylvania State University-Penn State Mont Alto,PA,3,1,2,41.0,559.0,1,19454.0,,4815.0,9579.0,0.2675,0.3365,0.5077,0.2944,10.0,0.9821,19454.0,Public,2,Rural,9.875859385418654,6.327936783729195,8.479698986988657,9.167432870964907
214801,Pennsylvania State University-Penn State Abington,PA,3,1,2,21.0,2877.0,1,18071.0,,2874.0,9204.0,0.3877,0.1975,0.4643,0.2099,14.0,0.9677,18071.0,Public,2,Suburb,9.80211905814784,7.964850887447313,7.963807953231451,9.127502093667179
214810,Pennsylvania State University-Penn State Schuylkill,PA,3,1,2,31.0,620.0,1,19659.0,,4334.0,8985.0,0.4046,0.3188,0.6215,0.2564,14.0,0.9664,19659.0,Public,2,Town,9.886341393701157,6.431331081933479,8.374476889214643,9.103423089630105
214829,Pennsylvania State University-Penn State York,PA,3,1,2,22.0,668.0,1,19047.0,,4532.0,10236.0,0.302,0.1627,0.4872,0.1372,14.0,0.9741,19047.0,Public,2,Suburb,9.854717388166698,6.505784060128229,8.41913925094085,9.233763886919771
214883,Peirce College,PA,3,2,2,11.0,799.0,1,,12148.0,8797.0,7911.0,0.5278,0.1,0.6215,0.0625,13.0,,12148.0,Private nonprofit,2,City,9.405002140854743,6.684611727667927,9.082279701908664,8.976135873302548
214971,Pennsylvania Academy of the Fine Arts,PA,3,2,2,11.0,23.0,1,,42454.0,21577.0,4469.0,0.3535,0.5758,0.6465,0.6286,2.0,,42454.0,Private nonprofit,2,City,10.656199970433464,3.1780538303479458,9.979429556111285,8.405143687607614
215053,Pennsylvania College of Art and Design,PA,3,2,2,13.0,400.0,1,,30083.0,8279.0,4574.0,0.4737,0.6852,0.6935,0.6585,10.0,0.9924,30083.0,Private nonprofit,2,City,10.311748747946293,5.993961427306569,9.021598247379305,8.428361977709622
215062,University of Pennsylvania,PA,3,2,2,11.0,10650.0,1,,28699.0,67953.0,22117.0,0.1653,0.9654,0.0972,0.9668,8.0,0.054,28699.0,Private nonprofit,2,City,10.264652401747712,9.273409063443166,11.12658628466054,10.004147035635306
215114,Cairn University-Langhorne,PA,3,2,2,21.0,775.0,1,,27642.0,6370.0,6206.0,0.3205,0.5968,0.531,0.6217,11.0,0.8817,27642.0,Private nonprofit,2,Suburb,10.227127810341964,6.654152520183219,8.759511722116487,8.733432966413652
215266,University of Pittsburgh-Bradford,PA,3,1,2,33.0,995.0,1,15350.0,,11392.0,9088.0,0.4706,0.4761,0.6152,0.4556,12.0,0.8854,15350.0,Public,2,Town,9.638935897473202,6.903747257584598,9.340754410698116,9.11482017011877
215275,University of Pittsburgh-Greensburg,PA,3,1,2,21.0,1305.0,1,17945.0,,8456.0,8269.0,0.3771,0.397,0.5656,0.3966,14.0,0.9521,17945.0,Public,2,Suburb,9.795122527858004,7.174724309836376,9.042749779782222,9.020389788017736
215284,University of Pittsburgh-Johnstown,PA,3,1,2,23.0,1808.0,1,18202.0,,11380.0,8540.0,0.3237,0.5582,0.5753,0.5455,14.0,0.9484,18202.0,Public,2,Suburb,9.809341694645898,7.500529485395295,9.33970057728189,9.052633375946147
215293,University of Pittsburgh-Pittsburgh Campus,PA,3,1,2,11.0,20370.0,1,30434.0,,21712.0,12140.0,0.1398,0.855,0.361,0.8493,13.0,0.5808,30434.0,Public,2,City,10.323348540928025,9.921867599817558,9.985666438493771,9.404343433543975
215442,Point Park University,PA,3,2,2,11.0,2331.0,1,,25942.0,11481.0,9211.0,0.387,0.5854,0.7382,0.5906,12.0,0.9691,25942.0,Private nonprofit,2,City,10.163657102686784,7.754481547470383,9.348535870727583,9.128262260940575
215655,Robert Morris University,PA,3,2,2,21.0,2896.0,1,,23003.0,9132.0,13576.0,0.233,0.6569,0.4136,0.6562,14.0,0.8989,23003.0,Private nonprofit,2,Suburb,10.043423392833645,7.9714309977693505,9.11964950669168,9.51613246360028
215691,Rosemont College,PA,3,2,2,21.0,486.0,1,,20150.0,8506.0,6270.0,0.4489,0.5714,0.7098,0.4891,12.0,0.7634,20150.0,Private nonprofit,2,Suburb,9.911009193934975,6.18826412308259,9.048644632975885,8.74369111054302
215743,Saint Francis University,PA,3,2,2,42.0,1557.0,1,,23526.0,10246.0,7645.0,0.177,0.7439,0.3713,0.7352,16.0,0.7682,23526.0,Private nonprofit,2,Rural,10.065903976780419,7.351158226430694,9.234740258799718,8.941937914256359
215770,Saint Joseph's University - Philadelphia,PA,3,2,2,11.0,4948.0,1,,29689.0,11891.0,11284.0,0.198,0.7884,0.5623,0.7933,11.0,0.8883,29689.0,Private nonprofit,2,City,10.298565567757805,8.506940814951886,9.383621184117988,9.331229689251636
215798,Saint Vincent College,PA,3,2,2,21.0,1259.0,1,,23510.0,13359.0,8302.0,0.2672,0.6859,0.8156,0.7045,11.0,0.6173,23510.0,Private nonprofit,2,Suburb,10.065223675720974,7.138866999945524,9.500020447090638,9.02437217426203
215929,University of Scranton,PA,3,2,2,13.0,3554.0,1,,32568.0,14866.0,11510.0,0.2406,0.7979,0.6386,0.8028,11.0,0.8123,32568.0,Private nonprofit,2,City,10.391116194697917,8.176110342237342,9.60689927061335,9.351058378915061
215947,Seton Hill University,PA,3,2,2,21.0,1492.0,1,,22204.0,10140.0,8143.0,0.3127,0.6736,0.7071,0.6927,13.0,0.7953,22204.0,Private nonprofit,2,Suburb,10.008072767726203,7.30854279753919,9.224341891611996,9.005036738790304
216010,Shippensburg University of Pennsylvania,PA,3,1,2,31.0,4086.0,1,23726.0,,11381.0,12033.0,0.2977,0.557,0.5815,0.5377,18.0,0.865,23726.0,Public,2,Town,10.074368919187528,8.315566483564277,9.339788439163069,9.395491255780296
216038,Slippery Rock University of Pennsylvania,PA,3,1,2,32.0,6788.0,1,19608.0,,9095.0,11014.0,0.3052,0.6557,0.6053,0.6574,20.0,0.7147,19608.0,Public,2,Town,9.883743923499516,8.823058934301647,9.115590035430372,9.307013259236443
216047,Saint Charles Borromeo Seminary-Overbrook,PA,3,2,2,21.0,38.0,1,,,10785.0,5231.0,0.0732,0.4167,0.0488,0.5246,4.0,,,Private nonprofit,2,Suburb,,3.6635616461296463,9.286004275897172,8.562548893137034
216278,Susquehanna University,PA,3,2,2,32.0,2163.0,1,,28819.0,12425.0,9249.0,0.249,0.8174,0.6591,0.7787,13.0,0.8143,28819.0,Private nonprofit,2,Town,10.268824869553512,7.679713639966372,9.42754633062364,9.132378830506472
216287,Swarthmore College,PA,3,2,2,21.0,1613.0,1,,23149.0,46961.0,14961.0,0.1948,0.9227,0.1064,0.9317,7.0,0.0746,23149.0,Private nonprofit,2,Suburb,10.04975005951438,7.3864708488298945,10.757094043032893,9.61326893243235
216311,Talmudical Yeshiva of Philadelphia,PA,3,2,2,11.0,112.0,1,,11008.0,25101.0,5704.0,0.3583,0.5,0.0,0.6622,14.0,0.9024,11008.0,Private nonprofit,2,City,9.306468399070404,4.727387818712341,10.130702803220391,8.649098262296176
216339,Temple University,PA,3,1,2,11.0,20970.0,1,28198.0,,18465.0,12479.0,0.3197,0.7505,0.5332,0.7486,12.0,0.8041,28198.0,Public,2,City,10.247041795304542,9.950895809931119,9.823686482332572,9.43188264192342
216357,Thiel College,PA,3,2,2,32.0,788.0,1,,22347.0,9821.0,7413.0,0.4078,0.4873,0.7875,0.4645,12.0,0.7155,22347.0,Private nonprofit,2,Town,10.01449211057904,6.670766320845874,9.19238004659919,8.911125383710678
216366,Thomas Jefferson University,PA,3,2,2,11.0,3755.0,1,,28928.0,32364.0,10627.0,0.3747,0.6857,0.8609,0.684,12.0,0.8097,28928.0,Private nonprofit,2,City,10.272599831178495,8.231109840328154,10.384832870979611,9.271247306879705
216524,Ursinus College,PA,3,2,2,21.0,1491.0,1,,30536.0,15033.0,9216.0,0.2011,0.7328,0.6542,0.75,10.0,0.9177,30536.0,Private nonprofit,2,Suburb,10.32669434212045,7.307872780763706,9.618069581737414,9.128804883993665
216542,University of Valley Forge,PA,3,2,2,21.0,471.0,1,,32265.0,8098.0,5928.0,0.4739,0.4904,0.7189,0.5247,12.0,0.612,32265.0,Private nonprofit,2,Suburb,10.38176932322609,6.156978985585555,8.99949587624899,8.687610843707368
216597,Villanova University,PA,3,2,2,21.0,6938.0,1,,43756.0,21398.0,13825.0,0.1202,0.9186,0.3499,0.9214,10.0,0.2698,43756.0,Private nonprofit,2,Suburb,10.686406878987126,8.844912950899548,9.971099470946148,9.53430615650521
216667,Washington & Jefferson College,PA,3,2,2,21.0,1295.0,1,,25002.0,17584.0,8324.0,0.3115,0.6952,0.6928,0.7044,11.0,0.8064,25002.0,Private nonprofit,2,Suburb,10.126751096650914,7.16703787691222,9.774801544908083,9.027018314848645
216694,Waynesburg University,PA,3,2,2,32.0,1009.0,1,,18235.0,12470.0,6739.0,0.3816,0.6554,0.7313,0.6276,12.0,0.8982,18235.0,Private nonprofit,2,Town,9.811152941333331,6.917705609835305,9.431161227920747,8.815815203906352
216764,West Chester University of Pennsylvania,PA,3,1,2,21.0,14164.0,1,23331.0,,8968.0,11216.0,0.254,0.7051,0.5436,0.7016,20.0,0.784,23331.0,Public,2,Suburb,10.057581087873528,9.558529412264617,9.101529466118004,9.325185763645223
216807,Westminster College,PA,3,2,2,42.0,1041.0,1,,19859.0,10159.0,7574.0,0.2682,0.6455,0.6696,0.6519,12.0,0.9256,19859.0,Private nonprofit,2,Rural,9.896462937599164,6.948897222313312,9.226213721132472,8.93260863037757
216852,Widener University,PA,3,2,2,21.0,2951.0,1,,25759.0,14606.0,8979.0,0.328,0.6832,0.7165,0.6591,11.0,0.7093,25759.0,Private nonprofit,2,Suburb,10.15657818021829,7.990238185720363,9.589256144850811,9.102755161296246
216931,Wilkes University,PA,3,2,2,13.0,1985.0,1,,27743.0,11892.0,9848.0,0.3446,0.6317,0.7249,0.6182,13.0,0.9064,27743.0,Private nonprofit,2,City,10.230774879580268,7.593877844605118,9.383705270727246,9.195125206169703
217013,Wilson College,PA,3,2,2,13.0,865.0,1,,21741.0,6026.0,7205.0,0.2347,0.4815,0.6746,0.4986,15.0,0.9211,21741.0,Private nonprofit,2,City,9.987001152763945,6.763884908562435,8.704004653483045,8.882669291308039
217059,York College of Pennsylvania,PA,3,2,2,22.0,3265.0,1,,18556.0,12340.0,9539.0,0.2808,0.641,0.5813,0.619,15.0,0.7374,18556.0,Private nonprofit,2,Suburb,9.828602355344339,8.09132127353041,9.420682331453184,9.163248764442333
217156,Brown University,RI,3,2,1,12.0,7226.0,1,,25184.0,42520.0,17839.0,0.1384,0.9569,0.0959,0.957,6.0,0.0539,25184.0,Private nonprofit,1,City,10.134003858179751,8.885579291282982,10.657753350523642,9.789198406134
217165,Bryant University,RI,3,2,1,21.0,3194.0,1,,41219.0,10480.0,14681.0,0.1253,0.7975,0.5151,0.8018,13.0,0.6546,41219.0,Private nonprofit,1,Suburb,10.62667885444445,8.069342366811636,9.257319373170178,9.594377532670727
217235,Johnson & Wales University-Providence,RI,3,2,1,12.0,3868.0,1,,31027.0,13658.0,10624.0,0.3004,0.5541,0.7171,0.5513,14.0,0.8841,31027.0,Private nonprofit,1,City,10.342645301610762,8.260751354700513,9.522153924002891,9.270964993792617
217402,Providence College,RI,3,2,1,12.0,4229.0,1,,48523.0,17553.0,12190.0,0.1343,0.8582,0.5705,0.8681,11.0,0.5089,48523.0,Private nonprofit,1,City,10.78981379989081,8.349957272040324,9.773037123152063,9.408453253565146
217420,Rhode Island College,RI,3,1,1,21.0,5049.0,1,9478.0,,10795.0,11523.0,0.4205,0.4813,0.4706,0.4705,15.0,0.9182,9478.0,Public,1,Suburb,9.156834104453042,8.527143522269405,9.286930974137896,9.35218709620442
217484,University of Rhode Island,RI,3,1,1,21.0,13381.0,1,21440.0,,10555.0,11089.0,0.2176,0.7331,0.4917,0.7216,17.0,0.7216,21440.0,Public,1,Suburb,9.973060255888088,9.501665799342762,9.264449697623215,9.313799080344413
217493,Rhode Island School of Design,RI,3,2,1,12.0,2084.0,1,,50507.0,21446.0,11226.0,0.1482,0.8877,0.2859,0.8862,8.0,0.1866,50507.0,Private nonprofit,1,City,10.829887018558571,7.642524134232902,9.973340054434962,9.32607687045878
217518,Roger Williams University,RI,3,2,1,21.0,3946.0,1,,37999.0,17170.0,13293.0,0.164,0.6865,0.556,0.6805,10.0,0.8771,37999.0,Private nonprofit,1,Suburb,10.545341438708522,8.280711075662847,9.750977193313803,9.495068084601527
217536,Salve Regina University,RI,3,2,1,21.0,2121.0,1,,36967.0,10870.0,9135.0,0.1507,0.7688,0.7024,0.7581,12.0,0.6817,36967.0,Private nonprofit,1,Suburb,10.517807952550102,7.660114319173928,9.293853972204001,9.119977931895791
217606,Northpoint Bible College,MA,3,2,1,21.0,86.0,1,,23635.0,5448.0,3491.0,0.5109,0.5435,0.6196,0.5238,6.0,,23635.0,Private nonprofit,1,Suburb,10.070526252465566,4.465908118654584,8.603187384583098,8.158229916959494
217624,Allen University,SC,3,2,5,12.0,576.0,1,,10972.0,4373.0,5502.0,0.7654,0.1331,0.8016,0.1328,12.0,0.7254,10972.0,Private nonprofit,5,City,9.3031929889908,6.3578422665081,8.383433201236713,8.613048677059759
217633,Anderson University,SC,3,2,5,13.0,3183.0,1,,23544.0,8526.0,7635.0,0.2077,0.6568,0.4199,0.6705,13.0,0.5471,23544.0,Private nonprofit,5,City,10.066668762677654,8.065893546964274,9.050992878742049,8.940629184845639
217688,Charleston Southern University,SC,3,2,5,12.0,2893.0,1,,21666.0,9047.0,6523.0,0.3449,0.4724,0.4846,0.4794,12.0,0.9646,21666.0,Private nonprofit,5,City,9.983545644706707,7.970394907191429,9.110299017795956,8.783242963740905
217721,Benedict College,SC,3,2,5,12.0,1536.0,1,,18250.0,5465.0,6890.0,0.6234,0.2426,0.6334,0.2288,13.0,0.957,18250.0,Private nonprofit,5,City,9.811975152030021,7.337587743538596,8.606302366488013,8.837971491357209
217749,Bob Jones University,SC,3,2,5,13.0,2005.0,1,,16641.0,8550.0,6581.0,0.3286,0.6475,0.2378,0.6718,11.0,,16641.0,Private nonprofit,5,City,9.719684899460376,7.603897968521881,9.053803514155955,8.792093929503284
217776,Southern Wesleyan University,SC,3,2,5,22.0,747.0,1,,15464.0,6423.0,5744.0,0.4307,0.5236,0.7824,0.522,10.0,0.9953,15464.0,Private nonprofit,5,Suburb,9.64633468511917,6.617402977974478,8.767796255626598,8.656085190282855
217819,College of Charleston,SC,3,1,5,12.0,10558.0,1,18960.0,,10229.0,10384.0,0.1883,0.6583,0.3804,0.6544,16.0,0.6003,18960.0,Public,5,City,9.850139517034204,9.264733855806515,9.233079858945672,9.248117736310213
217864,Citadel Military College of South Carolina,SC,3,1,5,12.0,2705.0,1,20723.0,,10016.0,10071.0,0.198,0.75,0.3649,0.7393,11.0,0.2272,20723.0,Public,5,City,9.939047727934678,7.903226808730733,9.212038928611765,9.217514575724183
217873,Claflin University,SC,3,2,5,32.0,1706.0,1,,17800.0,10302.0,7329.0,0.7349,0.516,0.7355,0.5041,13.0,0.6493,17800.0,Private nonprofit,5,Town,9.787009914477434,7.442492722794441,9.240190393945069,8.899730794880696
217882,Clemson University,SC,3,1,5,22.0,23300.0,1,22253.0,,14641.0,12153.0,0.1475,0.8656,0.3116,0.8722,16.0,0.3834,22253.0,Public,5,Suburb,10.010277046717645,10.056251557087757,9.591649390206587,9.4054136126953
217891,Clinton College,SC,3,2,5,13.0,126.0,1,,11458.0,17293.0,5295.0,0.7677,0.1405,0.8939,0.1325,10.0,,11458.0,Private nonprofit,5,City,9.346530726426447,4.844187086458591,9.758114899520375,8.574707097616844
217907,Coker University,SC,3,2,5,32.0,840.0,1,,20286.0,6216.0,5977.0,0.257,0.3953,0.4212,0.375,12.0,0.9396,20286.0,Private nonprofit,5,Town,9.91773556580133,6.734591659972948,8.735042754269337,8.695841342843883
217925,Columbia International University,SC,3,2,5,12.0,716.0,1,,26036.0,5595.0,6410.0,0.3417,0.4679,0.4585,0.551,13.0,0.9447,26036.0,Private nonprofit,5,City,10.167273882312355,6.57507584059962,8.629807335785372,8.765770543987257
217934,Columbia College,SC,3,2,5,12.0,1343.0,1,,18408.0,7242.0,5937.0,0.5398,0.3688,0.6525,0.4514,12.0,0.9393,18408.0,Private nonprofit,5,City,9.820594954446562,7.203405521083095,8.887790764195326,8.689127655323706
217961,Converse University,SC,3,2,5,13.0,1173.0,1,,23283.0,8708.0,6564.0,0.3978,0.6154,0.6097,0.5353,12.0,0.6774,23283.0,Private nonprofit,5,City,10.055521708391627,7.068172000388042,9.07211225269274,8.789507786736896
217998,Erskine College,SC,3,2,5,42.0,766.0,1,,16525.0,6597.0,5645.0,0.468,0.4518,0.7537,0.4694,15.0,0.6274,16525.0,Private nonprofit,5,Rural,9.71269017726113,6.642486801367256,8.794521851788527,8.638702608813434
218061,Francis Marion University,SC,3,1,5,41.0,2628.0,1,11386.0,,13853.0,8506.0,0.3762,0.4339,0.3848,0.4307,13.0,0.8639,11386.0,Public,5,Rural,9.340227632810604,7.874358824729881,9.536329278582551,9.048644632975885
218070,Furman University,SC,3,2,5,21.0,2379.0,1,,30308.0,25690.0,10399.0,0.1319,0.7876,0.278,0.8011,10.0,0.4295,30308.0,Private nonprofit,5,Suburb,10.319199977095842,7.77485576666552,10.15389601499835,9.249561085129464
218229,Lander University,SC,3,1,5,32.0,3397.0,1,15363.0,,6195.0,7527.0,0.3873,0.4977,0.4871,0.493,18.0,0.8131,15363.0,Public,5,Town,9.639782389465795,8.130942302231878,8.73165920153676,8.926384681265215
218399,Morris College,SC,3,2,5,13.0,383.0,1,,20555.0,9172.0,5816.0,0.9554,0.1735,1.0,0.1903,10.0,,20555.0,Private nonprofit,5,City,9.93090814811212,5.950642552587727,9.124019665509655,8.668539943910762
218414,Newberry College,SC,3,2,5,32.0,1479.0,1,,21656.0,8029.0,7467.0,0.487,0.4514,0.7312,0.4476,15.0,0.8979,21656.0,Private nonprofit,5,Town,9.983084006807271,7.299797366758161,8.990939806940807,8.918382504661613
218441,North Greenville University,SC,3,2,5,41.0,1819.0,1,,21063.0,8393.0,6276.0,0.3335,0.5453,0.4946,0.5472,13.0,0.6667,21063.0,Private nonprofit,5,Rural,9.955320701176145,7.506591780070841,9.035272443893536,8.744647438317532
218539,Presbyterian College,SC,3,2,5,32.0,852.0,1,,20528.0,13172.0,8263.0,0.3333,0.5146,0.505,0.5636,11.0,0.6837,20528.0,Private nonprofit,5,Town,9.929593799620607,6.748759547491679,9.485924559229828,9.019664010799474
218645,University of South Carolina Aiken,SC,3,1,5,21.0,2962.0,1,11641.0,,10925.0,8537.0,0.3924,0.3985,0.4341,0.3998,16.0,0.7854,11641.0,Public,5,Suburb,9.362374527831681,7.993957547573565,9.298900548955663,9.052282067317908
218654,University of South Carolina Beaufort,SC,3,1,5,31.0,2052.0,1,14656.0,,9434.0,8392.0,0.4011,0.3399,0.4862,0.3649,15.0,0.725,14656.0,Public,5,Town,9.5926733160273,7.627057417018934,9.152181457802651,9.035153304082828
218663,University of South Carolina-Columbia,SC,3,1,5,12.0,29820.0,1,22811.0,,14139.0,12414.0,0.1911,0.7882,0.4112,0.7828,19.0,0.6015,22811.0,Public,5,City,10.03504199227643,10.302968122297036,9.556762939450564,9.426660697942268
218724,Coastal Carolina University,SC,3,1,5,13.0,10377.0,1,13966.0,,8741.0,9103.0,0.2624,0.4846,0.567,0.4967,17.0,0.7527,13966.0,Public,5,City,9.54445268330577,9.247443459927686,9.07589427542326,9.116469156366112
218733,South Carolina State University,SC,3,1,5,32.0,2934.0,1,18097.0,,8130.0,8174.0,0.7049,0.3663,0.672,0.3272,19.0,0.8262,18097.0,Public,5,Town,9.803556713911078,7.984462732262196,9.003439196207838,9.008835995765454
218742,University of South Carolina-Upstate,SC,3,1,5,22.0,4038.0,1,13557.0,,10088.0,8412.0,0.4619,0.4304,0.493,0.4275,15.0,0.6726,13557.0,Public,5,Suburb,9.51473205799091,8.303752415563412,9.219201000408379,9.037533407550814
218919,Voorhees University,SC,3,2,5,43.0,440.0,1,,13335.0,75624.0,5492.0,0.7669,0.4295,0.5599,0.4019,13.0,,13335.0,Private nonprofit,5,Rural,9.49822242443063,6.089044875446846,11.233542195333143,8.61122983334262
218964,Winthrop University,SC,3,1,5,13.0,3523.0,1,15343.0,,9121.0,8923.0,0.4096,0.5698,0.5432,0.5916,13.0,0.7925,15343.0,Public,5,City,9.63847979712322,8.16735198705607,9.118444357271645,9.096499555552423
218973,Wofford College,SC,3,2,5,13.0,1816.0,1,,18732.0,14332.0,9083.0,0.1564,0.842,0.4079,0.8249,12.0,0.5194,18732.0,Private nonprofit,5,City,9.838041953461058,7.504942068396171,9.570319849923216,9.114269903225448
219000,Augustana University,SD,3,2,4,12.0,1965.0,1,,23894.0,18775.0,6324.0,0.178,0.7297,0.5168,0.7433,12.0,0.6775,23894.0,Private nonprofit,4,City,10.081424511012258,7.583756300707112,9.84033473753086,8.752265313595721
219046,Black Hills State University,SD,3,1,4,32.0,1928.0,1,15911.0,,6388.0,8430.0,0.2001,0.4263,0.276,0.4048,17.0,0.9633,15911.0,Public,4,Town,9.674828820533808,7.564757012905729,8.762333040602343,9.039670667922676
219082,Dakota State University,SD,3,1,4,32.0,2071.0,1,21057.0,,8768.0,9954.0,0.1681,0.513,0.3397,0.5033,18.0,0.8805,21057.0,Public,4,Town,9.955035814416705,7.6362696033793735,9.078978053779355,9.205830216498297
219091,Dakota Wesleyan University,SD,3,2,4,33.0,670.0,1,,19735.0,7028.0,6962.0,0.2712,0.4832,0.7275,0.4732,12.0,0.7338,19735.0,Private nonprofit,4,Town,9.890199658209193,6.508769136971682,8.857799727175905,8.848365694942547
219198,Mount Marty University,SD,3,2,4,33.0,697.0,1,,22227.0,8163.0,7411.0,0.2235,0.5238,0.4106,0.5617,12.0,0.4257,22227.0,Private nonprofit,4,Town,10.009108034399812,6.548219102762372,9.007489523929735,8.91085558740525
219204,National American University-Rapid City,SD,3,3,4,13.0,764.0,1,,31062.0,1661.0,5111.0,0.5706,0.0,0.5359,0.1957,6.0,,31062.0,Private for-profit,4,City,10.343772679288913,6.639875833826536,7.415776975415394,8.53934599605737
219259,Northern State University,SD,3,1,4,33.0,1273.0,1,15812.0,,9584.0,8949.0,0.1245,0.4894,0.2214,0.5054,19.0,0.93,15812.0,Public,4,Town,9.668587665523317,7.149916836132109,9.167954655479745,9.099408811268901
219347,South Dakota School of Mines and Technology,SD,3,1,4,13.0,2071.0,1,20183.0,,13495.0,11245.0,0.1687,0.5295,0.4037,0.5557,12.0,0.7987,20183.0,Public,4,City,9.912645490320894,7.6362696033793735,9.510148624225804,9.327767788852148
219356,South Dakota State University,SD,3,1,4,33.0,9198.0,1,19841.0,,10257.0,10231.0,0.1682,0.6235,0.4261,0.6097,17.0,0.9834,19841.0,Public,4,Town,9.895556182209848,9.126850061477157,9.235813167949214,9.23327534325868
219383,University of Sioux Falls,SD,3,2,4,12.0,1218.0,1,,21383.0,6358.0,7056.0,0.2884,0.6291,0.6701,0.6177,18.0,0.8289,21383.0,Private nonprofit,4,City,9.970398257818754,7.105786129481271,8.757626411267408,8.86177531100083
219471,University of South Dakota,SD,3,1,4,32.0,5439.0,1,19858.0,,11862.0,9264.0,0.1866,0.5991,0.4038,0.6064,16.0,0.9878,19858.0,Public,4,Town,9.896412583864164,8.601534339849989,9.381179591661104,9.13399913871946
219505,American Baptist College,TN,3,2,5,11.0,46.0,1,,9216.0,27166.0,,0.5625,0.3889,0.6667,0.3064,5.0,,9216.0,Private nonprofit,5,City,9.128804883993665,3.8501476017100584,10.20975828042422,
219602,Austin Peay State University,TN,3,1,5,12.0,7560.0,1,9735.0,,9781.0,9044.0,0.435,0.4024,0.3405,0.4233,14.0,0.9641,9735.0,Public,5,City,9.183585634667363,8.93075873555827,9.188299241099303,9.109967397829395
219639,Baptist Health Sciences University,TN,3,2,5,11.0,770.0,1,,11212.0,22319.0,10403.0,0.4543,0.398,0.6903,0.4607,6.0,0.8202,11212.0,Private nonprofit,5,City,9.324829098460881,6.647688373563329,10.013238416495247,9.249945626568541
219709,Belmont University,TN,3,2,5,11.0,7137.0,1,,33147.0,13651.0,10550.0,0.2075,0.7066,0.3428,0.7118,12.0,0.9528,33147.0,Private nonprofit,5,City,10.408737661968933,8.873187904050106,9.521641310026597,9.263975921142093
219718,Bethel University,TN,3,2,5,32.0,1547.0,1,,12595.0,5542.0,3147.0,0.317,0.3505,0.3821,0.3497,15.0,0.6023,12595.0,Private nonprofit,5,Town,9.441134582220915,7.344719054149673,8.620291149419804,8.054522609537294
219790,Bryan College-Dayton,TN,3,2,5,32.0,814.0,1,,20614.0,5156.0,5751.0,0.2662,0.4974,0.3405,0.5272,14.0,,20614.0,Private nonprofit,5,Town,9.933774245141,6.703188113240863,8.548110294050959,8.657302899400882
219806,Carson-Newman University,TN,3,2,5,23.0,1387.0,1,,20251.0,6602.0,6387.0,0.3337,0.5324,0.4554,0.5017,12.0,0.9045,20251.0,Private nonprofit,5,Suburb,9.9160088330898,7.23561914106675,8.79527937019457,8.762176509334903
219833,Christian Brothers University,TN,3,2,5,11.0,905.0,1,,9854.0,9137.0,8036.0,0.3098,0.5471,0.2907,0.5534,9.0,0.867,9854.0,Private nonprofit,5,City,9.19573421958682,6.80903930604298,9.120196822123217,8.991811158212718
219949,Cumberland University,TN,3,2,5,31.0,2104.0,1,,18759.0,3595.0,6114.0,0.3028,0.4559,0.1912,0.4626,19.0,0.6733,18759.0,Private nonprofit,5,Town,9.839482222560216,7.652070746116482,8.18757739559151,8.718500048121273
219976,Lipscomb University,TN,3,2,5,11.0,2997.0,1,,24739.0,12062.0,8832.0,0.241,0.7216,0.2942,0.7046,13.0,0.6773,24739.0,Private nonprofit,5,City,10.11617664594648,8.005700678662542,9.397898195565384,9.086249986745132
220075,East Tennessee State University,TN,3,1,5,13.0,10004.0,1,15983.0,,15541.0,8574.0,0.3483,0.5321,0.3367,0.5152,15.0,0.8619,15983.0,Public,5,City,9.679343500888335,9.210840247017833,9.651301315769187,9.056606272034141
220181,Fisk University,TN,3,2,5,11.0,1035.0,1,,32020.0,7547.0,6116.0,0.5179,0.2993,0.5284,0.3481,12.0,0.3742,32020.0,Private nonprofit,5,City,10.374147216543994,6.943122422819428,8.92903790648844,8.718827059242566
220206,Welch College,TN,3,2,5,21.0,226.0,1,,25263.0,6852.0,4449.0,0.2821,0.5342,0.5307,0.5734,8.0,,25263.0,Private nonprofit,5,Suburb,10.137135736495424,5.424950017481403,8.832441791585824,8.400659375160286
220215,Freed-Hardeman University,TN,3,2,5,32.0,1212.0,1,,21574.0,8648.0,7300.0,0.1802,0.7078,0.3447,0.6956,10.0,0.5968,21574.0,Private nonprofit,5,Town,9.979290515951629,7.10085190894405,9.065198986306513,8.895766604056085
220473,Johnson University,TN,3,2,5,41.0,743.0,1,,22063.0,10567.0,6075.0,0.387,0.5677,0.5523,0.594,12.0,0.6511,22063.0,Private nonprofit,5,Rural,10.001702600033083,6.612041034833092,9.26558584620216,8.712101863715663
220516,King University,TN,3,2,5,13.0,908.0,1,,22347.0,7149.0,5235.0,0.4164,0.4787,0.552,0.4714,11.0,0.9972,22347.0,Private nonprofit,5,City,10.01449211057904,6.812345094177479,8.874867635688053,8.56331312702979
220598,Lane College,TN,3,2,5,13.0,736.0,1,,10904.0,6788.0,5344.0,0.7859,0.1839,0.6679,0.1765,15.0,,10904.0,Private nonprofit,5,City,9.29697667863573,6.602587892189336,8.823058934301647,8.583916823459145
220604,Le Moyne-Owen College,TN,3,2,5,11.0,581.0,1,,7099.0,6090.0,5132.0,0.6734,0.2703,0.5387,0.258,10.0,0.9923,7099.0,Private nonprofit,5,City,8.867850063029406,6.366470447731438,8.714567550836485,8.543445562560303
220613,Lee University,TN,3,2,5,13.0,2617.0,1,,18878.0,8868.0,7655.0,0.2874,0.6259,0.4196,0.6162,13.0,0.7052,18878.0,Private nonprofit,5,City,9.845805472195043,7.870165946469845,9.090317329376452,8.94324493313279
220631,Lincoln Memorial University,TN,3,2,5,32.0,1572.0,1,,20406.0,12706.0,7938.0,0.3713,0.4966,0.4953,0.5184,10.0,0.6259,20406.0,Private nonprofit,5,Town,9.923633258229085,7.360739903058278,9.449908301704534,8.979542601725113
220701,The University of Tennessee Southern,TN,3,1,5,32.0,864.0,1,12798.0,,6412.0,6695.0,0.3626,0.369,0.2685,0.3631,14.0,0.8671,12798.0,Public,5,Town,9.457122321855792,6.762729506931879,8.766082459148864,8.80926561216931
220710,Maryville College,TN,3,2,5,21.0,1005.0,1,,19360.0,9364.0,6851.0,0.3774,0.5,0.5797,0.4854,12.0,0.6092,19360.0,Private nonprofit,5,Suburb,9.871016012389166,6.913737350659685,9.144734614878189,8.832295859444011
220862,University of Memphis,TN,3,1,5,11.0,12701.0,1,12397.0,,9356.0,9632.0,0.4122,0.5089,0.3789,0.5013,16.0,0.7203,12397.0,Public,5,City,9.425290448261865,9.44951474036292,9.143880005275912,9.172949982757624
220978,Middle Tennessee State University,TN,3,1,5,12.0,16301.0,1,13359.0,,12353.0,9739.0,0.3177,0.537,0.28,0.5385,17.0,0.6909,13359.0,Public,5,City,9.500020447090638,9.699043078654404,9.421735176255844,9.18399639663658
221351,Rhodes College,TN,3,2,5,11.0,1836.0,1,,28585.0,16723.0,9481.0,0.1593,0.8453,0.5074,0.8313,9.0,0.5035,28585.0,Private nonprofit,5,City,10.260672366469061,7.515889085215125,9.724600092476456,9.157150543462064
221519,The University of the South,TN,3,2,5,42.0,1607.0,1,,27872.0,22548.0,10158.0,0.1585,0.7979,0.3356,0.8104,9.0,0.569,27872.0,Private nonprofit,5,Rural,10.235413757309422,7.382746449738912,10.023445998049512,9.226115291091546
221661,Southern Adventist University,TN,3,2,5,21.0,2773.0,1,,24345.0,11547.0,6732.0,0.3063,0.4939,0.4199,0.5048,19.0,0.655,24345.0,Private nonprofit,5,Suburb,10.100122843969542,7.928045600874777,9.354267540782825,8.814776088545281
221731,Tennessee Wesleyan University,TN,3,2,5,32.0,846.0,1,,14836.0,7980.0,5870.0,0.3921,0.4759,0.5216,0.4553,12.0,0.6885,14836.0,Private nonprofit,5,Town,9.604879339950793,6.741700694652055,8.984818995876008,8.677780256064185
221740,The University of Tennessee-Chattanooga,TN,3,1,5,12.0,10074.0,1,14265.0,,10232.0,10181.0,0.328,0.5024,0.3713,0.5163,18.0,0.8109,14265.0,Public,5,City,9.565634362837983,9.217812386814884,9.233373071086755,9.228376734462282
221759,The University of Tennessee-Knoxville,TN,3,1,5,12.0,30418.0,1,18976.0,,13098.0,12968.0,0.1889,0.7392,0.2889,0.7372,18.0,0.416,18976.0,Public,5,City,9.85098299855398,10.322822692163156,9.48029117039765,9.470317173335742
221768,The University of Tennessee-Martin,TN,3,1,5,33.0,4866.0,1,10701.0,,11509.0,8367.0,0.3442,0.5254,0.3073,0.5364,16.0,0.882,10701.0,Public,5,Town,9.27818591887125,8.490233009833455,9.350971501715929,9.032170186304704
221838,Tennessee State University,TN,3,1,5,11.0,4848.0,1,15796.0,,9652.0,8732.0,0.5113,0.3399,0.4631,0.3346,13.0,0.7011,15796.0,Public,5,City,9.667575327569097,8.486527777105353,9.175024026848615,9.074864232413733
221847,Tennessee Technological University,TN,3,1,5,33.0,8698.0,1,14246.0,,10861.0,9427.0,0.309,0.5767,0.3348,0.5601,16.0,0.7613,14246.0,Public,5,Town,9.564301637217232,9.07096335550754,9.29302573859479,9.151439264056021
221892,Trevecca Nazarene University,TN,3,2,5,11.0,1737.0,1,,16813.0,8282.0,7392.0,0.3229,0.5315,0.3931,0.5402,20.0,0.6944,16813.0,Private nonprofit,5,City,9.729967151695242,7.460490305825338,9.021960500598263,8.9082888855571
221953,Tusculum University,TN,3,2,5,32.0,785.0,1,,21131.0,5834.0,5085.0,0.4637,0.2545,0.5314,0.2824,18.0,0.7217,21131.0,Private nonprofit,5,Town,9.958543758284206,6.666956792429207,8.671629544720656,8.534246945982066
221971,Union University,TN,3,2,5,13.0,1607.0,1,,27171.0,14464.0,8181.0,0.2454,0.6596,0.4241,0.683,9.0,0.6041,27171.0,Private nonprofit,5,City,10.209942310311192,7.382746449738912,9.579487217410236,9.009691898489343
221999,Vanderbilt University,TN,3,2,5,11.0,7208.0,1,,15846.0,34184.0,16361.0,0.2022,0.9354,0.0956,0.9311,8.0,0.0586,15846.0,Private nonprofit,5,City,9.670735486942808,8.883085524404578,10.439542230347895,9.702716852073644
222178,Abilene Christian University,TX,3,2,6,12.0,3195.0,1,,26182.0,10340.0,8928.0,0.2233,0.5901,0.399,0.5962,13.0,0.6603,26182.0,Private nonprofit,6,City,10.172865624189873,8.069655306886165,9.243871855184976,9.097059685517216
222831,Angelo State University,TX,3,1,6,13.0,5643.0,1,15091.0,,7880.0,8211.0,0.2764,0.4397,0.234,0.4233,19.0,0.8301,15091.0,Public,6,City,9.621920081084202,8.638348312972704,8.97221007835365,9.013351778138825
222877,Arlington Baptist University,TX,3,2,6,11.0,284.0,1,,24906.0,4085.0,4195.0,0.5309,0.1944,0.6836,0.1379,20.0,,24906.0,Private nonprofit,6,City,10.122904167442703,5.652489180268651,8.315321775377567,8.341886969516187
222983,Austin College,TX,3,2,6,13.0,1165.0,1,,21107.0,17782.0,8628.0,0.3085,0.6705,0.5,0.6811,11.0,0.4765,21107.0,Private nonprofit,6,City,9.957407394525559,7.061334366910438,9.785998223743661,9.062883902508307
223232,Baylor University,TX,3,2,6,12.0,14785.0,1,,41104.0,15852.0,11998.0,0.1245,0.7999,0.3124,0.8007,15.0,0.5128,41104.0,Private nonprofit,6,City,10.623885047586233,9.601436066117046,9.671114035843228,9.392578591964389
224004,Concordia University Texas,TX,3,2,6,11.0,1185.0,1,,23131.0,7086.0,6271.0,0.4142,0.446,0.4982,0.423,16.0,0.9125,23131.0,Private nonprofit,6,City,10.04897221927811,7.078341579557671,8.866017398810255,8.743850562030243
224147,Texas A & M University-Corpus Christi,TX,3,1,6,11.0,8034.0,1,15225.0,,9222.0,9497.0,0.429,0.4015,0.417,0.3668,19.0,0.8858,15225.0,Public,6,City,9.630759771866158,8.991562278171614,9.129455643235719,9.158836529109067
224226,Dallas Baptist University,TX,3,2,6,11.0,2403.0,1,,28516.0,9809.0,8487.0,0.2305,0.5701,0.3189,0.5871,16.0,0.8884,28516.0,Private nonprofit,6,City,10.258255679654631,7.784889295655098,9.191157552559408,9.046408680293819
224244,Dallas Christian College,TX,3,2,6,21.0,224.0,1,,22960.0,5907.0,5606.0,0.4856,0.2857,0.5647,0.2631,13.0,0.218,22960.0,Private nonprofit,6,Suburb,10.041552403492023,5.41610040220442,8.68406264365127,8.631771096123673
224323,University of Dallas,TX,3,2,6,11.0,1403.0,1,,22610.0,12940.0,8867.0,0.2593,0.7307,0.4373,0.704,11.0,0.5344,22610.0,Private nonprofit,6,City,10.026191792511579,7.247080584585756,9.46815584482167,9.090204570736201
224527,East Texas Baptist University,TX,3,2,6,32.0,1352.0,1,,23911.0,7682.0,7437.0,0.3219,0.4712,0.5081,0.4755,14.0,0.5776,23911.0,Private nonprofit,6,Town,10.082135703963774,7.210079628170788,8.946765374867635,8.914357274485015
224545,Texas A&M University-Texarkana,TX,3,1,6,13.0,1982.0,1,12997.0,,16462.0,8835.0,0.5251,0.2957,0.4535,0.3039,14.0,0.6354,12997.0,Public,6,City,9.472550778454295,7.592366128519796,9.708870717648022,9.086589564540008
224554,East Texas A&M University,TX,3,1,6,32.0,9912.0,1,11841.0,,8444.0,8866.0,0.4047,0.4281,0.3522,0.4435,17.0,0.9224,11841.0,Public,6,Town,9.37940781309172,9.201602306032898,9.041329829241901,9.090091799380007
225201,Hallmark University,TX,3,2,6,11.0,769.0,1,,12513.0,4590.0,6897.0,0.5274,0.6633,0.6002,0.6725,15.0,0.5134,12513.0,Private nonprofit,6,City,9.43460329655831,6.646390514847729,8.431853144249223,8.838986793496787
225247,Hardin-Simmons University,TX,3,2,6,12.0,1283.0,1,,19555.0,12190.0,8035.0,0.4006,0.4604,0.8215,0.4775,15.0,0.9,19555.0,Private nonprofit,6,City,9.881037423698537,7.157735484249907,9.408453253565146,8.991686725934825
225399,Houston Christian University,TX,3,2,6,11.0,2886.0,1,,20629.0,5467.0,8257.0,0.5554,0.4912,0.5852,0.4946,18.0,0.8444,20629.0,Private nonprofit,6,City,9.934501606065297,7.967973179662935,8.60666819784384,9.018937706446035
225414,University of Houston-Clear Lake,TX,3,1,6,12.0,6078.0,1,15563.0,,8892.0,10108.0,0.4524,0.5163,0.2798,0.5125,15.0,0.9052,15563.0,Public,6,City,9.652715834104445,8.712595487748722,9.09301972939964,9.221181395154058
225432,University of Houston-Downtown,TX,3,1,6,11.0,12555.0,1,10542.0,,6787.0,9421.0,0.5522,0.332,0.2985,0.3346,18.0,0.8996,10542.0,Public,6,City,9.26321741157695,9.437953917961844,8.822911626354117,9.150802659259986
225502,Texas A&M University-Victoria,TX,3,1,6,13.0,2513.0,1,8109.0,,10420.0,9358.0,0.4893,0.2638,0.3781,0.2645,15.0,0.959,8109.0,Public,6,City,9.000853147109458,7.829630389150193,9.251578279992428,9.144093726157257
225511,University of Houston,TX,3,1,6,11.0,38380.0,1,14276.0,,9920.0,13242.0,0.4165,0.6456,0.3168,0.6474,22.0,0.7392,14276.0,Public,6,City,9.56640512978922,10.555317824459362,9.202409001649903,9.491224389926964
225548,Howard Payne University,TX,3,2,6,33.0,713.0,1,,23627.0,11204.0,6842.0,0.4427,0.2798,0.6927,0.2955,10.0,0.6737,23627.0,Private nonprofit,6,Town,10.070187728427126,6.570882962339584,9.324115386235027,8.830981510952498
225575,Huston-Tillotson University,TX,3,2,6,11.0,1005.0,1,,19719.0,9511.0,6364.0,0.6122,0.3394,0.6918,0.3491,14.0,0.3909,19719.0,Private nonprofit,6,City,9.889388628156626,6.913737350659685,9.160309438370618,8.758569510991506
225627,University of the Incarnate Word,TX,3,2,6,11.0,4440.0,1,,22775.0,11151.0,9001.0,0.446,0.5098,0.4856,0.514,12.0,0.9814,22775.0,Private nonprofit,6,City,10.033462628957874,8.398634855292102,9.319374133000306,9.105202053852878
225885,Jarvis Christian University,TX,3,2,6,42.0,577.0,1,,9825.0,4701.0,7267.0,0.5877,0.1519,0.5233,0.1514,10.0,,9825.0,Private nonprofit,6,Rural,9.192787212728593,6.359573868672378,8.455743229100015,8.891236429516061
226091,Lamar University,TX,3,1,6,12.0,8150.0,1,9366.0,,5053.0,9286.0,0.4649,0.3732,0.418,0.3725,20.0,0.8641,9366.0,Public,6,City,9.14494815320913,9.005895898094458,8.52793528794814,9.13637085177601
226152,Texas A & M International University,TX,3,1,6,11.0,6667.0,1,3637.0,,6589.0,9203.0,0.6451,0.4647,0.26,0.476,21.0,0.4437,3637.0,Public,6,City,8.199189359078067,8.805075243870684,8.793308627496552,9.127393451155257
226231,LeTourneau University,TX,3,2,6,13.0,1468.0,1,,28185.0,11090.0,6550.0,0.1329,0.5858,0.2395,0.598,11.0,0.3801,28185.0,Private nonprofit,6,City,10.246580679751457,7.292337176173877,9.313889247604742,8.787372988731876
226383,Lubbock Christian University,TX,3,2,6,11.0,1252.0,1,,24456.0,8197.0,6790.0,0.3432,0.5136,0.6894,0.5,11.0,0.731,24456.0,Private nonprofit,6,City,10.10467175249591,7.133295954896068,9.011645501064283,8.823353485113792
226471,University of Mary Hardin-Baylor,TX,3,2,6,22.0,2759.0,1,,26106.0,11301.0,8752.0,0.3965,0.4931,0.6071,0.512,17.0,0.9576,26106.0,Private nonprofit,6,Suburb,10.169958756585515,7.9229859587111955,9.33273498018979,9.077151777732437
226587,McMurry University,TX,3,2,6,12.0,1176.0,1,,19581.0,8484.0,7497.0,0.2382,0.4429,0.2944,0.4129,16.0,0.5704,19581.0,Private nonprofit,6,City,9.882366055914016,7.0707241072602764,9.046055177668327,8.922391597295857
226833,Midwestern State University,TX,3,1,6,12.0,4087.0,1,11656.0,,11122.0,8183.0,0.4065,0.4274,0.3976,0.4204,18.0,0.9352,11656.0,Public,6,City,9.363662136919832,8.31581113188354,9.316770315592029,9.009936307631463
227216,University of North Texas,TX,3,1,6,12.0,34341.0,1,15649.0,,7601.0,11092.0,0.3804,0.6071,0.3612,0.6013,25.0,0.7223,15649.0,Public,6,City,9.658226195968298,10.444124373873748,8.936166649549195,9.314069557738659
227331,Our Lady of the Lake University,TX,3,2,6,11.0,1066.0,1,,16442.0,13476.0,7790.0,0.5719,0.4611,0.592,0.4436,11.0,,16442.0,Private nonprofit,6,City,9.707655133714226,6.9726062513017535,9.508739807769159,8.960724500330858
227368,The University of Texas Rio Grande Valley,TX,3,1,6,12.0,28666.0,1,4831.0,,8787.0,9041.0,0.6508,0.509,0.2617,0.5009,20.0,0.9419,4831.0,Public,6,City,8.48301573961465,10.263501914406909,9.081142433504501,9.109635667854551
227429,Paul Quinn College,TX,3,2,6,11.0,620.0,1,,12709.0,4479.0,6785.0,0.6728,0.2687,0.8347,0.3274,20.0,0.4028,12709.0,Private nonprofit,6,City,9.4501443641835,6.431331081933479,8.40737832540903,8.822616945344176
227526,Prairie View A & M University,TX,3,1,6,42.0,8877.0,1,13570.0,,8353.0,9530.0,0.656,0.432,0.6811,0.4321,17.0,0.7931,13570.0,Public,6,Rural,9.51569044208137,9.09133158539398,9.03049574505712,9.162304922937626
227757,Rice University,TX,3,2,6,11.0,4776.0,1,,13370.0,47816.0,18454.0,0.1703,0.9464,0.0647,0.9519,6.0,0.08,13370.0,Private nonprofit,6,City,9.500843461614666,8.471568013389962,10.775136503787163,9.8230906154641
227845,Saint Edward's University,TX,3,2,6,11.0,2493.0,1,,25578.0,11064.0,9902.0,0.4237,0.6259,0.4767,0.6338,12.0,0.8142,25578.0,Private nonprofit,6,City,10.149526981327242,7.821643126239982,9.31154225248515,9.200593020521303
227863,University of St Thomas,TX,3,2,6,11.0,3220.0,1,,19359.0,12002.0,7661.0,0.4164,0.6877,0.3453,0.687,16.0,0.8992,19359.0,Private nonprofit,6,City,9.870964360830568,8.0774471493312,9.392911897525345,8.944028325260595
227881,Sam Houston State University,TX,3,1,6,32.0,17743.0,1,16404.0,,7981.0,8196.0,0.4133,0.5476,0.4565,0.5491,19.0,0.9026,16404.0,Public,6,Town,9.705341445395202,9.783802709590148,8.984944285608679,9.011523512653032
228042,Schreiner University,TX,3,2,6,33.0,1053.0,1,,21507.0,9539.0,7796.0,0.4379,0.4318,0.6394,0.4343,13.0,0.882,21507.0,Private nonprofit,6,Town,9.976180237929569,6.960347729101308,9.163248764442333,8.9614943233096
228149,St. Mary's University,TX,3,2,6,11.0,1951.0,1,,21145.0,13146.0,10724.0,0.3861,0.5893,0.463,0.5956,11.0,0.9776,21145.0,Private nonprofit,6,City,9.959206041292472,7.5766097669730375,9.483948874696605,9.280332743796217
228246,Southern Methodist University,TX,3,2,6,21.0,7277.0,1,,40892.0,18509.0,14916.0,0.1276,0.8427,0.2146,0.8378,11.0,0.6335,40892.0,Private nonprofit,6,Suburb,10.618714178238953,8.892611378172106,9.826066405567543,9.61025678115393
228325,Nelson University,TX,3,2,6,21.0,1479.0,1,,21662.0,8441.0,6539.0,0.478,0.4156,0.6133,0.3856,15.0,0.8902,21662.0,Private nonprofit,6,Suburb,9.983361015119291,7.299797366758161,9.040974526342444,8.785692444451245
228343,Southwestern University,TX,3,2,6,13.0,1440.0,1,,29224.0,17431.0,8920.0,0.2533,0.7279,0.4557,0.7123,11.0,0.4305,29224.0,Private nonprofit,6,City,10.282779786340269,7.273092595999522,9.766062876624456,9.096163326913784
228431,Stephen F Austin State University,TX,3,1,6,33.0,8728.0,1,14260.0,,9033.0,8694.0,0.3887,0.5333,0.4135,0.5252,16.0,0.9399,14260.0,Public,6,Town,9.565283817736766,9.07440609473535,9.108750516214549,9.070503426788383
228459,Texas State University,TX,3,1,6,13.0,36177.0,1,16805.0,,6786.0,9186.0,0.3724,0.5528,0.4102,0.5572,21.0,0.8932,16805.0,Public,6,City,9.729491244488164,10.49620647826158,8.822764296703758,9.125544720271467
228468,Southwestern Adventist University,TX,3,2,6,31.0,570.0,1,,22778.0,11363.0,6313.0,0.4211,0.5234,0.5304,0.4669,12.0,0.7836,22778.0,Private nonprofit,6,Town,10.033594337881343,6.3473892096560105,9.338205742974079,8.750524669117937
228501,Sul Ross State University,TX,3,1,6,33.0,1396.0,1,13286.0,,9128.0,7971.0,0.5774,0.2994,0.4053,0.2872,11.0,0.9871,13286.0,Public,6,Town,9.494541392591309,7.242082359256962,9.119211438565081,8.983690681332686
228529,Tarleton State University,TX,3,1,6,33.0,12673.0,1,20783.0,,5674.0,8339.0,0.344,0.4821,0.4004,0.496,20.0,0.8955,20783.0,Public,6,Town,9.94193873891038,9.447307929883463,8.643825842349603,9.028818495352793
228705,Texas A&M University-Kingsville,TX,3,1,6,32.0,4748.0,1,12090.0,,10279.0,8761.0,0.5273,0.4187,0.3808,0.4362,18.0,0.9092,12090.0,Public,6,Town,9.400216653174247,8.465689348549121,9.237955539009157,9.078179468373843
228723,Texas A&M University-College Station,TX,3,1,6,12.0,59615.0,1,21315.0,,19596.0,14776.0,0.1964,0.8391,0.2565,0.8385,20.0,0.5743,21315.0,Public,6,City,9.967213243416673,10.995679273401315,9.883131772279054,9.600827196903634
228769,The University of Texas at Arlington,TX,3,1,6,11.0,32294.0,1,13951.0,,7448.0,11502.0,0.423,0.5402,0.312,0.5522,23.0,0.799,13951.0,Public,6,City,9.543378146148761,10.382667698466573,8.915835074176277,9.35036314989601
228778,The University of Texas at Austin,TX,3,1,6,11.0,42855.0,1,19857.0,,20294.0,15819.0,0.2585,0.889,0.2727,0.8829,18.0,0.2664,19857.0,Public,6,City,9.896362227593539,10.665600937560797,9.918129829272997,9.669030241321645
228787,The University of Texas at Dallas,TX,3,1,6,12.0,21751.0,1,18267.0,,12056.0,15085.0,0.2997,0.7569,0.3308,0.7526,23.0,0.6513,18267.0,Public,6,City,9.81290617430489,9.987460986312307,9.397400683117311,9.621522440413576
228796,The University of Texas at El Paso,TX,3,1,6,11.0,21005.0,1,9403.0,,7651.0,10239.0,0.6161,0.5017,0.2675,0.4799,21.0,0.9992,9403.0,Public,6,City,9.14889040965996,9.952563390182721,8.942722330560143,9.234056898593499
228802,The University of Texas at Tyler,TX,3,1,6,12.0,7440.0,1,13323.0,,27629.0,10385.0,0.3974,0.5413,0.3199,0.5088,17.0,0.9402,13323.0,Public,6,City,9.49732219931357,8.914760527397261,10.226657417917462,9.248214024404264
228875,Texas Christian University,TX,3,2,6,11.0,11026.0,1,,36660.0,20405.0,13971.0,0.1432,0.8551,0.2508,0.856,14.0,0.4449,36660.0,Private nonprofit,6,City,10.509468798708518,9.308102089758679,9.92358425423525,9.544810605926722
228884,Texas College,TX,3,2,6,12.0,614.0,1,,10958.0,3445.0,5251.0,0.8383,0.1375,0.6439,0.1224,17.0,,10958.0,Private nonprofit,6,City,9.301916315463393,6.421622267806518,8.144969417087875,8.566364235422688
228981,Texas Lutheran University,TX,3,2,6,31.0,1304.0,1,,24654.0,9741.0,7741.0,0.3462,0.5385,0.6189,0.5456,11.0,0.9571,24654.0,Private nonprofit,6,Town,10.112734998658226,7.173958319756794,9.184201714366488,8.954415331137593
229018,The University of Texas Permian Basin,TX,3,1,6,12.0,3911.0,1,12723.0,,9784.0,9381.0,0.3869,0.3967,0.2902,0.415,19.0,0.9489,12723.0,Public,6,City,9.451245252869034,8.271804031154709,9.188605879830176,9.146548238888403
229027,The University of Texas at San Antonio,TX,3,1,6,11.0,30580.0,1,10836.0,,6112.0,10588.0,0.4406,0.5264,0.3936,0.5191,24.0,0.8679,10836.0,Public,6,City,9.290721483922995,10.328134180060221,8.718172930028725,9.267571005430455
229063,Texas Southern University,TX,3,1,6,11.0,6844.0,1,16590.0,,8340.0,8730.0,0.7226,0.2216,0.6744,0.2094,19.0,0.9691,16590.0,Public,6,City,9.716615658643356,8.83127373772255,9.028938392241612,9.074635189810808
229115,Texas Tech University,TX,3,1,6,11.0,32394.0,1,19070.0,,8554.0,11757.0,0.2775,0.6869,0.4109,0.6811,20.0,0.7265,19070.0,Public,6,City,9.855924135604518,10.385759368884058,9.054271186326293,9.3722891389622
229160,Texas Wesleyan University,TX,3,2,6,11.0,1741.0,1,,24066.0,9615.0,8367.0,0.4471,0.3154,0.3773,0.3195,12.0,0.6916,24066.0,Private nonprofit,6,City,10.088596886532404,7.462789157412448,9.17118365677499,9.032170186304704
229179,Texas Woman's University,TX,3,1,6,12.0,8767.0,1,11963.0,,7653.0,9526.0,0.4201,0.4906,0.3796,0.4661,16.0,0.9612,11963.0,Public,6,City,9.389657419749838,9.078864009187797,8.942983665985647,9.161885151706779
229267,Trinity University,TX,3,2,6,11.0,2505.0,1,,23464.0,22157.0,12354.0,0.1877,0.8397,0.4358,0.8298,8.0,0.2592,23464.0,Private nonprofit,6,City,10.063265228228518,7.826443135456014,10.005953884080618,9.42181611842271
229780,Wayland Baptist University,TX,3,2,6,33.0,2041.0,1,,20590.0,11561.0,5999.0,0.457,0.1929,0.4995,0.1924,10.0,0.5596,20590.0,Private nonprofit,6,Town,9.932609366108146,7.621684998724611,9.355479137642421,8.699514748210191
229814,West Texas A & M University,TX,3,1,6,31.0,6917.0,1,19487.0,,6290.0,8482.0,0.4111,0.5504,0.3632,0.5108,14.0,0.9868,19487.0,Public,6,Town,9.877554170509624,8.841881989497114,8.74687531957003,9.045819439807735
229887,Wiley University,TX,3,2,6,32.0,712.0,1,,7092.0,3644.0,6212.0,0.7893,0.2424,0.706,0.2153,18.0,,7092.0,Private nonprofit,6,Town,8.866863661202087,6.569481420414296,8.201111644442758,8.734399150063695
230038,Brigham Young University,UT,3,2,7,12.0,32952.0,1,,15564.0,18168.0,14370.0,0.321,0.8098,0.1078,0.8157,21.0,0.6778,15564.0,Private nonprofit,7,City,9.652780082875708,10.402837582827095,9.807472124102441,9.572967566074247
230047,Brigham Young University-Hawaii,HI,3,2,8,31.0,2889.0,1,,16774.0,14278.0,10793.0,0.151,0.5264,0.0729,0.5359,18.0,0.4696,16774.0,Private nonprofit,8,Town,9.727644961839882,7.969011781106478,9.566545205430295,9.286745703178589
230603,Southern Utah University,UT,3,1,7,33.0,9289.0,1,10462.0,,7459.0,8847.0,0.2488,0.6067,0.1746,0.5988,22.0,0.8179,10462.0,Public,7,Town,9.255600503381046,9.136693831807884,8.917310693197807,9.087946723762116
230728,Utah State University,UT,3,1,7,13.0,20272.0,1,14936.0,,13665.0,11173.0,0.2578,0.5913,0.1904,0.5824,19.0,0.9247,14936.0,Public,7,City,9.611596635310292,9.917045230468194,9.522666275340724,9.321344930019094
230764,University of Utah,UT,3,1,7,12.0,27264.0,1,16200.0,,17724.0,12776.0,0.1959,0.6505,0.2051,0.6449,19.0,0.8598,16200.0,Public,7,City,9.692828247710418,10.213359107360162,9.782731351400328,9.455401958591324
230807,Westminster University,UT,3,2,7,12.0,823.0,1,,27094.0,16627.0,8756.0,0.2447,0.6381,0.6603,0.6633,8.0,0.6657,27094.0,Private nonprofit,7,City,10.207104488000214,6.714170529909472,9.718843300372528,9.077608659522225
230816,Bennington College,VT,3,2,1,32.0,780.0,1,,30947.0,23573.0,10055.0,0.2527,0.7121,0.504,0.6883,9.0,0.4453,30947.0,Private nonprofit,1,Town,10.340063655669345,6.660575149839686,10.067899688786515,9.215924750270084
230852,Champlain College,VT,3,2,1,13.0,2752.0,1,,35860.0,9094.0,9955.0,0.2502,0.6523,0.5187,0.6407,13.0,0.8292,35860.0,Private nonprofit,1,City,10.487405632994516,7.920446505142607,9.115480090952223,9.205930663487482
230959,Middlebury College,VT,3,2,1,32.0,2738.0,1,,31483.0,32208.0,13875.0,0.1589,0.914,0.2271,0.92,8.0,0.1075,31483.0,Private nonprofit,1,Town,10.35723475926234,7.915348169263078,10.380001195584374,9.53791600808964
230995,Norwich University,VT,3,2,1,42.0,2428.0,1,,22257.0,16559.0,8275.0,0.2441,0.6021,0.4637,0.6062,13.0,0.7444,22257.0,Private nonprofit,1,Rural,10.01045677353337,7.795234929002173,9.71474542793925,9.021115038865434
231059,Saint Michael's College,VT,3,2,1,22.0,1092.0,1,,25239.0,10911.0,9332.0,0.2368,0.7277,0.5756,0.7091,10.0,0.8451,25239.0,Private nonprofit,1,Suburb,10.13618531665515,6.996681488176539,9.297618380083243,9.141311785565748
231095,Sterling College,VT,3,2,1,43.0,50.0,1,,21854.0,40769.0,5583.0,0.4487,0.3158,0.3718,0.383,7.0,0.6667,21854.0,Private nonprofit,1,Rural,9.992185007297415,3.9318256327243257,10.6157017958133,8.627660644442209
231165,Vermont State University,VT,3,1,1,43.0,3590.0,1,18212.0,,14562.0,7714.0,0.3413,0.4722,0.5801,0.4806,13.0,0.8167,18212.0,Public,1,Rural,9.809890903798543,8.186185994226083,9.58623934448258,8.950921764797261
231174,University of Vermont,VT,3,1,1,13.0,11743.0,1,19343.0,,14705.0,10288.0,0.1315,0.7859,0.3743,0.7857,17.0,0.653,19343.0,Public,1,City,9.870137572854574,9.371097750854297,9.596010852756168,9.23883064237581
231420,Averett University,VA,3,2,5,32.0,1231.0,1,,22925.0,7698.0,6196.0,0.411,0.4814,0.6331,0.4591,16.0,0.5659,22925.0,Private nonprofit,5,Town,10.040026916674956,7.116394144093465,8.94884572927805,8.731820582962108
231554,Bluefield University,VA,3,2,5,32.0,614.0,1,,25573.0,8767.0,5619.0,0.5136,0.1778,0.7088,0.223,14.0,0.5931,25573.0,Private nonprofit,5,Town,10.149331489371114,6.421622267806518,9.078864009187797,8.634086942887738
231581,Bridgewater College,VA,3,2,5,23.0,1400.0,1,,17800.0,8750.0,7326.0,0.2983,0.5305,0.6032,0.5134,13.0,0.9172,17800.0,Private nonprofit,5,Suburb,9.787009914477434,7.244941546337007,9.076923258535832,8.899321434159964
231624,William & Mary,VA,3,1,5,23.0,7055.0,1,19096.0,,18167.0,12942.0,0.1245,0.8942,0.2169,0.9021,12.0,0.3407,19096.0,Public,5,Suburb,9.857286533635413,8.861633597686627,9.807417083785394,9.468310380442437
231651,Regent University,VA,3,2,5,11.0,4729.0,1,,19923.0,4054.0,8375.0,0.5115,0.5692,0.5662,0.5559,18.0,0.3812,19923.0,Private nonprofit,5,City,9.899680314193175,8.46168048148598,8.307705966549513,9.033125752550372
231712,Christopher Newport University,VA,3,1,5,12.0,4365.0,1,23015.0,,12950.0,10989.0,0.1613,0.7164,0.3669,0.734,13.0,0.8604,23015.0,Public,5,City,10.043944905231385,8.38160253710989,9.468928284223587,9.304741047397666
232025,Emory & Henry University,VA,3,2,5,41.0,1078.0,1,,19061.0,14596.0,7819.0,0.3848,0.5634,0.5899,0.5508,12.0,0.8365,19061.0,Private nonprofit,5,Rural,9.855452103497571,6.983789965258135,9.588571307130579,8.964439833539357
232043,Eastern Mennonite University,VA,3,2,5,13.0,754.0,1,,24588.0,12697.0,6452.0,0.3268,0.67,0.5562,0.5733,9.0,1.0,24588.0,Private nonprofit,5,City,10.110054467445536,6.626717749249025,9.449199779730396,8.77230041793584
232089,Ferrum College,VA,3,2,5,42.0,699.0,1,,20082.0,7476.0,5763.0,0.5427,0.319,0.8541,0.3047,11.0,0.8898,20082.0,Private nonprofit,5,Rural,9.907628965036679,6.551080335043404,8.919586920999915,8.659386957119413
232186,George Mason University,VA,3,1,5,21.0,27752.0,1,17915.0,,15232.0,14486.0,0.3013,0.6784,0.3071,0.6856,16.0,0.8748,17915.0,Public,5,Suburb,9.793449447327191,10.231099221439429,9.631219406136701,9.581006974541651
232256,Hampden-Sydney College,VA,3,2,5,42.0,946.0,1,,22400.0,20153.0,9550.0,0.2263,0.6217,0.472,0.6365,9.0,0.4092,22400.0,Private nonprofit,5,Rural,10.016860879703811,6.853299093186078,9.911158058840348,9.164401140034737
232265,Hampton University,VA,3,2,5,21.0,3727.0,1,,25319.0,17152.0,8778.0,0.3935,0.5716,0.5604,0.5637,15.0,0.6225,25319.0,Private nonprofit,5,Suburb,10.139349876258112,8.223627175805483,9.749928364409826,9.080117784926209
232308,Hollins University,VA,3,2,5,22.0,665.0,1,,20896.0,19506.0,7276.0,0.3944,0.6465,0.563,0.6686,8.0,0.6795,20896.0,Private nonprofit,5,Suburb,9.947360886980098,6.501289670540389,9.878528654494932,8.892473968347087
232423,James Madison University,VA,3,1,5,13.0,20888.0,1,23322.0,,10620.0,10916.0,0.1712,0.7972,0.2903,0.803,17.0,0.7152,23322.0,Public,5,City,10.057195277130344,9.946977983610656,9.27058845232154,9.29807648628027
232557,Liberty University,VA,3,2,5,13.0,50012.0,1,,29357.0,4004.0,8826.0,0.3834,0.6533,0.4625,0.6444,18.0,0.9898,29357.0,Private nonprofit,5,City,10.287320360517178,10.820038250616141,8.29529885950246,9.085570485020233
232566,Longwood University,VA,3,1,5,32.0,3015.0,1,19066.0,,11319.0,9246.0,0.2771,0.6123,0.4592,0.6142,15.0,0.9022,19066.0,Public,5,Town,9.855714371064444,8.011686729127847,9.334326351757174,9.132054453577638
232609,University of Lynchburg,VA,3,2,5,13.0,1577.0,1,,22235.0,11737.0,8271.0,0.279,0.5736,0.6696,0.5954,11.0,0.4301,22235.0,Private nonprofit,5,City,10.00946787607336,7.363913501405819,9.37058672111828,9.02063159674821
232672,Mary Baldwin University,VA,3,2,5,13.0,1090.0,1,,12756.0,11160.0,7926.0,0.5532,0.393,0.7068,0.4295,15.0,,12756.0,Private nonprofit,5,City,9.45383541953829,6.994849985833071,9.320180837655714,8.978029932837156
232681,University of Mary Washington,VA,3,1,5,22.0,3566.0,1,20667.0,,11398.0,9957.0,0.2105,0.6641,0.2927,0.669,13.0,0.7978,20667.0,Public,5,Suburb,9.936341889407075,8.17948018535889,9.341280911236778,9.206131527202128
232706,Marymount University,VA,3,2,5,12.0,1810.0,1,,29137.0,9258.0,9455.0,0.2306,0.5351,0.343,0.5566,14.0,0.9316,29137.0,Private nonprofit,5,City,10.279798443213942,7.501634457883413,9.133351330448047,9.15440473964588
232937,Norfolk State University,VA,3,1,5,12.0,5392.0,1,15282.0,,13530.0,9767.0,0.6497,0.385,0.6388,0.3566,15.0,0.8777,15282.0,Public,5,City,9.634496378527837,8.592857095337227,9.512738628263644,9.18686701579054
232982,Old Dominion University,VA,3,1,5,12.0,17514.0,1,14638.0,,12901.0,10583.0,0.3682,0.4632,0.4056,0.4538,13.0,0.9036,14638.0,Public,5,City,9.591444479171411,9.770812935631588,9.465137617092187,9.267098705794792
233277,Radford University,VA,3,1,5,31.0,6038.0,1,14578.0,,14638.0,9967.0,0.3713,0.4866,0.5074,0.4915,14.0,0.8953,14578.0,Public,5,Town,9.587337416104821,8.705993714307901,9.591444479171411,9.207135241027235
233295,Randolph-Macon College,VA,3,2,5,21.0,1639.0,1,,27866.0,14501.0,9162.0,0.1987,0.7048,0.5733,0.7242,11.0,0.8661,27866.0,Private nonprofit,5,Suburb,10.23519847205563,7.402451520818244,9.582041849931539,9.122928914965213
233301,Randolph College,VA,3,2,5,13.0,658.0,1,,15921.0,15644.0,8701.0,0.4584,0.4639,0.671,0.4919,8.0,0.9371,15921.0,Private nonprofit,5,City,9.675457079648524,6.490723534502507,9.657906656102982,9.071308163280625
233374,University of Richmond,VA,3,2,5,12.0,2980.0,1,,31309.0,27137.0,14442.0,0.1716,0.852,0.3166,0.8649,7.0,0.222,31309.0,Private nonprofit,5,City,10.351692814320451,8.000014093678072,10.208690238705898,9.577965147101168
233426,Roanoke College,VA,3,2,5,22.0,1767.0,1,,24503.0,11658.0,7553.0,0.244,0.6736,0.8032,0.6664,11.0,0.8306,24503.0,Private nonprofit,5,Suburb,10.10659164851261,7.477604243197589,9.36383369293329,8.929832503272403
233541,Shenandoah University,VA,3,2,5,13.0,2116.0,1,,30298.0,12250.0,8154.0,0.1892,0.6682,0.5073,0.6868,12.0,0.7695,30298.0,Private nonprofit,5,City,10.31886998765251,7.6577552711348655,9.41336284529417,9.006386515055114
233602,Southeastern Free Will Baptist Bible College,NC,3,2,5,41.0,64.0,1,,12602.0,5710.0,5656.0,0.473,0.4167,0.1892,0.5,8.0,,12602.0,Private nonprofit,5,Rural,9.441690159837492,4.174387269895637,8.650149418664864,8.640648995343156
233611,Southern Virginia University,VA,3,2,5,32.0,936.0,1,,22213.0,7056.0,6553.0,0.4519,0.3347,0.5719,0.3601,14.0,0.9642,22213.0,Private nonprofit,5,Town,10.008477999727065,6.842683282238422,8.86177531100083,8.787830829258759
233684,Strayer University-Virginia,VA,3,3,5,12.0,1668.0,1,,19578.0,1634.0,8381.0,0.5935,0.3636,0.6836,0.2703,47.0,,19578.0,Private for-profit,5,City,9.882212842257273,7.419979923661835,7.399398083331354,9.033841828485016
233718,Sweet Briar College,VA,3,2,5,41.0,443.0,1,,17758.0,22377.0,6914.0,0.3103,0.5182,0.4655,0.5026,9.0,0.7554,17758.0,Private nonprofit,5,Rural,9.784647708654596,6.095824562432225,10.015833612367667,8.841448244098858
233897,University of Virginia's College at Wise,VA,3,1,5,32.0,1101.0,1,9210.0,,13373.0,9197.0,0.3977,0.4706,0.2282,0.4833,14.0,0.2854,9210.0,Public,5,Town,9.128153700988236,7.004881989712859,9.501067802613925,9.12674134809987
233921,Virginia Polytechnic Institute and State University,VA,3,1,5,13.0,30923.0,1,24953.0,,15632.0,14162.0,0.1529,0.8622,0.3362,0.8625,17.0,0.5478,24953.0,Public,5,City,10.124789408970967,10.339287860440365,9.657139343577324,9.558388209214396
234030,Virginia Commonwealth University,VA,3,1,5,12.0,20753.0,1,23433.0,,16705.0,12401.0,0.3119,0.6318,0.3878,0.6423,17.0,0.9262,23433.0,Public,5,City,10.061943238228102,9.940494278165223,9.723523215315852,9.425613028909824
234076,University of Virginia-Main Campus,VA,3,1,5,22.0,17597.0,1,21565.0,,26598.0,17428.0,0.1555,0.956,0.1999,0.9545,15.0,0.1681,21565.0,Public,5,Suburb,9.978873279442018,9.775540538205506,10.188628900078157,9.765890764521682
234085,Virginia Military Institute,VA,3,1,5,32.0,1527.0,1,17113.0,,21289.0,9070.0,0.1647,0.7621,0.5949,0.7891,9.0,0.7125,17113.0,Public,5,Town,9.747652120978,7.331714969726466,9.965992757887525,9.112837790614945
234137,Virginia University of Lynchburg,VA,3,2,5,13.0,125.0,1,,21253.0,6129.0,4122.0,0.7471,0.3762,0.7706,0.3294,15.0,,21253.0,Private nonprofit,5,City,9.96430039193264,4.836281906951478,8.720950028930258,8.3243363327069
234155,Virginia State University,VA,3,1,5,21.0,5074.0,1,15840.0,,15660.0,9469.0,0.7213,0.3944,0.7567,0.4013,13.0,0.8863,15840.0,Public,5,Suburb,9.670356794688852,8.532081803909987,9.658928824466434,9.155884186180124
234164,Virginia Union University,VA,3,2,5,12.0,1203.0,1,,13235.0,5548.0,5874.0,0.6867,0.3415,0.7103,0.3921,16.0,0.9799,13235.0,Private nonprofit,5,City,9.490695669041504,7.093404625868766,8.621373010325902,8.67846133901236
234173,Virginia Wesleyan University,VA,3,2,5,11.0,1256.0,1,,19676.0,10936.0,8756.0,0.2712,0.4164,0.4502,0.4568,15.0,0.7287,19676.0,Private nonprofit,5,City,9.887205719961845,7.136483208590247,9.299906815335225,9.077608659522225
234207,Washington and Lee University,VA,3,2,5,32.0,1881.0,1,,23781.0,40378.0,14155.0,0.1133,0.9388,0.1449,0.9439,7.0,0.1397,23781.0,Private nonprofit,5,Town,10.076684270997523,7.540090320145325,10.60606512682516,9.557893841465354
234827,Central Washington University,WA,3,1,8,32.0,7833.0,1,18476.0,,11278.0,10124.0,0.2828,0.5361,0.3129,0.5164,15.0,0.9062,18476.0,Public,8,Town,9.824281994355154,8.966228514225776,9.330697868639916,9.22276289197474
235097,Eastern Washington University,WA,3,1,8,31.0,6222.0,1,13886.0,,11582.0,10643.0,0.351,0.4349,0.3504,0.4529,18.0,0.9075,13886.0,Public,8,Town,9.53870842969938,8.736007384569218,9.357293784932345,9.27275163209758
235167,The Evergreen State College,WA,3,1,8,22.0,2160.0,1,24319.0,,11647.0,9212.0,0.4156,0.4074,0.3961,0.4252,17.0,0.9637,24319.0,Public,8,Suburb,10.099054336080103,7.6783263565068856,9.362889770436468,9.128370809108931
235316,Gonzaga University,WA,3,2,8,12.0,5198.0,1,,35119.0,15138.0,11036.0,0.1441,0.8629,0.3556,0.8659,12.0,0.8169,35119.0,Private nonprofit,8,City,10.466526047749053,8.556221578383715,9.625029474611878,9.309008543772885
235422,Heritage University,WA,3,2,8,41.0,812.0,1,,14598.0,13774.0,8471.0,0.6667,0.5368,0.3576,0.463,9.0,,14598.0,Private nonprofit,8,Rural,9.58870831219998,6.70073110954781,9.530610634021116,9.044521887281242
236133,Northwest University,WA,3,2,8,21.0,645.0,1,,22288.0,15820.0,8558.0,0.2533,0.7078,0.5508,0.674,9.0,0.832,22288.0,Private nonprofit,8,Suburb,10.011848562206193,6.470799503782602,9.669093450449063,9.05473863988161
236230,Pacific Lutheran University,WA,3,2,8,21.0,2401.0,1,,19589.0,12280.0,8581.0,0.3527,0.6857,0.4421,0.6975,12.0,0.7802,19589.0,Private nonprofit,8,Suburb,9.882774510938587,7.784057002639929,9.415808631610384,9.05742226555147
236328,University of Puget Sound,WA,3,2,8,12.0,1594.0,1,,38394.0,23433.0,10726.0,0.1728,0.6799,0.4314,0.6795,10.0,0.7225,38394.0,Private nonprofit,8,City,10.555682521764643,7.374629015218945,10.061943238228102,9.280519206597429
236452,Saint Martin's University,WA,3,2,8,13.0,1158.0,1,,28119.0,9107.0,7413.0,0.4191,0.519,0.6867,0.5469,11.0,0.898,28119.0,Private nonprofit,8,City,10.244236345924602,7.055312843339752,9.11690842718363,8.911125383710678
236577,Seattle Pacific University,WA,3,2,8,11.0,1762.0,1,,24488.0,15613.0,9581.0,0.3534,0.6195,0.4892,0.6205,13.0,0.834,24488.0,Private nonprofit,8,City,10.105979316119466,7.47477218239787,9.655923226680237,9.167641617443067
236595,Seattle University,WA,3,2,8,11.0,4062.0,1,,34662.0,18739.0,8352.0,0.2357,0.7551,0.4939,0.7448,10.0,0.7692,34662.0,Private nonprofit,8,City,10.453428114630672,8.309676895987726,9.838415555792412,9.030376034755907
236896,Walla Walla University,WA,3,2,8,23.0,1252.0,1,,23329.0,14372.0,7406.0,0.2598,0.599,0.4715,0.6181,14.0,,23329.0,Private nonprofit,8,Suburb,10.057495365015475,7.133295954896068,9.573106725551233,8.91018077801329
236939,Washington State University,WA,3,1,8,32.0,21099.0,1,14971.0,,11856.0,11233.0,0.2738,0.605,0.3031,0.6104,15.0,0.8664,14971.0,Public,8,Town,9.61393706902432,9.957028319464158,9.380673689458071,9.326700173092378
236948,University of Washington-Seattle Campus,WA,3,1,8,11.0,31942.0,1,14091.0,,24064.0,15198.0,0.1486,0.8518,0.1489,0.8446,20.0,0.3915,14091.0,Public,8,City,9.553362539461128,10.371708343469681,10.088513781737209,9.628984915196462
237011,Western Washington University,WA,3,1,8,13.0,13544.0,1,21193.0,,13138.0,11802.0,0.2089,0.6464,0.2921,0.6509,18.0,0.9325,21193.0,Public,8,City,9.961473401734782,9.513772754519195,9.483340185641822,9.37610901542907
237057,Whitman College,WA,3,2,8,13.0,1531.0,1,,33313.0,23597.0,10628.0,0.1632,0.8052,0.5356,0.8074,10.0,0.3815,33313.0,Private nonprofit,8,City,10.413733008037052,7.3343293503005365,10.068917241659864,9.271341393533582
237066,Whitworth University,WA,3,2,8,21.0,1858.0,1,,26534.0,13375.0,8332.0,0.2945,0.7089,0.557,0.6984,11.0,0.8978,26534.0,Private nonprofit,8,Suburb,10.186219895261996,7.527793987721444,9.501217335324483,9.027978814382207
237136,Appalachian Bible College,WV,3,2,5,23.0,193.0,1,,11579.0,5643.0,3332.0,0.4186,0.7105,0.1814,0.7342,7.0,0.7778,11579.0,Private nonprofit,5,Suburb,9.357034751126987,5.267858159063328,8.638348312972704,8.11162807830774
237181,Bethany College,WV,3,2,5,41.0,614.0,1,,18605.0,5782.0,6417.0,0.5116,0.4682,0.7473,0.4655,12.0,0.5879,18605.0,Private nonprofit,5,Rural,9.831239388328504,6.421622267806518,8.662677858158219,8.766861821669803
237215,Bluefield State University,WV,3,1,5,32.0,1042.0,1,13684.0,,8826.0,7349.0,0.4444,0.37,0.554,0.3573,13.0,0.9723,13684.0,Public,5,Town,9.52405562147478,6.949856455000773,9.085570485020233,8.902455592206882
237312,University of Charleston,WV,3,2,5,13.0,2259.0,1,,22107.0,5497.0,7297.0,0.3143,0.4555,0.3546,0.4597,15.0,0.6152,22107.0,Private nonprofit,5,City,10.003694812953153,7.723120092266331,8.612139668725192,8.895355616996392
237330,Concord University,WV,3,1,5,41.0,1504.0,1,9966.0,,6332.0,7270.0,0.4952,0.3897,0.4633,0.4061,16.0,0.9256,9966.0,Public,5,Rural,9.207034914967457,7.316548177182976,8.753529336516431,8.891649112650057
237358,Davis & Elkins College,WV,3,2,5,33.0,661.0,1,,18273.0,10030.0,5987.0,0.4334,0.3929,0.631,0.3782,10.0,0.9433,18273.0,Private nonprofit,5,Town,9.813234563558566,6.495265555937008,9.213435576883485,8.69751274553952
237367,Fairmont State University,WV,3,1,5,32.0,2590.0,1,9032.0,,8719.0,7101.0,0.3429,0.4425,0.3926,0.462,14.0,0.9862,9032.0,Public,5,Town,9.108639817149843,7.85979918056211,9.073374516903025,8.868131713503033
237385,Glenville State University,WV,3,1,5,43.0,1096.0,1,14006.0,,5479.0,6619.0,0.3912,0.3392,0.4309,0.3471,13.0,,14006.0,Public,5,Rural,9.547312483639047,7.00033446027523,8.608860379942062,8.797850648931053
237525,Marshall University,WV,3,1,5,13.0,7266.0,1,7502.0,,10515.0,8576.0,0.3868,0.5123,0.3953,0.4991,16.0,0.9573,7502.0,Public,5,City,8.923058219545728,8.891098830616636,9.260653185849772,9.056839480990421
237783,Salem University,WV,3,3,5,42.0,892.0,1,,12303.0,2609.0,4189.0,0.7461,0.1992,0.7173,0.2419,19.0,,12303.0,Private for-profit,5,Rural,9.417679691745425,6.794586580876499,7.867105500316739,8.340456012916183
237792,Shepherd University,WV,3,1,5,41.0,2344.0,1,11363.0,,8565.0,7788.0,0.2943,0.5103,0.3922,0.5025,17.0,0.9678,11363.0,Public,5,Rural,9.338205742974079,7.76004068088038,9.055556158175316,8.960467760919949
237899,West Virginia State University,WV,3,1,5,22.0,1321.0,1,11139.0,,4417.0,7141.0,0.2014,0.3918,0.1794,0.3613,13.0,0.9596,11139.0,Public,5,Suburb,9.318297513481275,7.186901020411631,8.393442383980062,8.873748128154395
237932,West Liberty University,WV,3,1,5,41.0,1511.0,1,15366.0,,7232.0,7150.0,0.3188,0.5953,0.4393,0.6008,12.0,0.9727,15366.0,Public,5,Rural,9.639977632055333,7.321188556739478,8.886409166849282,8.875007486048396
237950,West Virginia University Institute of Technology,WV,3,1,5,13.0,981.0,1,9337.0,,6243.0,8140.0,0.2738,0.3296,0.2434,0.3448,13.0,0.3668,9337.0,Public,5,City,9.141847375530883,6.889591308354466,8.739376281635323,9.004668301573977
237969,West Virginia Wesleyan College,WV,3,2,5,33.0,954.0,1,,18083.0,8030.0,6450.0,0.3763,0.5714,0.6535,0.5305,13.0,0.9334,18083.0,Private nonprofit,5,Town,9.802782848414497,6.86171134048073,8.991064332188461,8.771990436532242
238032,West Virginia University,WV,3,1,5,13.0,17385.0,1,15634.0,,13615.0,11832.0,0.2157,0.6466,0.4468,0.6284,19.0,0.89,15634.0,Public,5,City,9.65726726989194,9.76342056363901,9.519000850813155,9.37864751738456
238078,Wheeling University,WV,3,2,5,13.0,589.0,1,,20503.0,7539.0,5906.0,0.3156,0.2333,0.6063,0.2661,15.0,0.6316,20503.0,Private nonprofit,5,City,9.928375268043908,6.380122536899765,8.927977461002001,8.683893367307235
238193,Alverno College,WI,3,2,3,11.0,631.0,1,,22540.0,8871.0,6282.0,0.451,0.4918,0.4667,0.4987,13.0,0.8574,22540.0,Private nonprofit,3,City,10.02309115218196,6.448889394146858,9.090655529030203,8.745602852402946
238324,Bellin College,WI,3,2,3,22.0,372.0,1,,37408.0,10230.0,8323.0,0.1258,0.6304,0.3742,0.679,10.0,0.9718,37408.0,Private nonprofit,3,Suburb,10.529666596164281,5.921578419643816,9.23317760587894,9.026898187513526
238333,Beloit College,WI,3,2,3,13.0,926.0,1,,21526.0,11768.0,7725.0,0.2964,0.7105,0.5369,0.6893,12.0,0.6304,21526.0,Private nonprofit,3,City,9.977063240194447,6.831953565565855,9.373224234877663,8.952346543226227
238458,Carroll University,WI,3,2,3,13.0,2523.0,1,,15193.0,9831.0,8605.0,0.2291,0.707,0.5864,0.7015,14.0,0.6684,15193.0,Private nonprofit,3,City,9.628655892063167,7.8336002236611035,9.19339765124587,9.060214913398545
238476,Carthage College,WI,3,2,3,13.0,2660.0,1,,26565.0,10242.0,8981.0,0.271,0.6426,0.8641,0.6246,14.0,0.8706,26565.0,Private nonprofit,3,City,10.187387481692449,7.886457270977689,9.234349824436535,9.102977853647683
238616,Concordia University-Wisconsin,WI,3,2,3,21.0,2197.0,1,,36201.0,10274.0,7256.0,0.2673,0.6835,0.6012,0.6634,11.0,0.782,36201.0,Private nonprofit,3,Suburb,10.496869644906498,7.6953031349635665,9.237469039364436,8.889721799278137
238661,Edgewood University,WI,3,2,3,11.0,1107.0,1,,26113.0,7993.0,7213.0,0.2578,0.6024,0.575,0.6398,15.0,0.7573,26113.0,Private nonprofit,3,City,10.170226847967983,7.010311867307229,8.986446539271268,8.883778861463485
238980,Lakeland University,WI,3,2,3,41.0,1212.0,1,,24212.0,7415.0,7358.0,0.2515,0.4245,0.4465,0.4845,12.0,0.8628,24212.0,Private nonprofit,3,Rural,10.094644957992482,7.10085190894405,8.91139510724569,8.903679332926599
239017,Lawrence University,WI,3,2,3,13.0,1396.0,1,,23401.0,22280.0,8785.0,0.2199,0.7677,0.4858,0.766,7.0,0.6394,23401.0,Private nonprofit,3,City,10.060576767778903,7.242082359256962,10.011489576337405,9.080914824535725
239071,Maranatha Baptist University,WI,3,2,3,31.0,541.0,1,,26005.0,7680.0,4049.0,0.3399,0.6357,0.2398,0.6462,11.0,0.719,26005.0,Private nonprofit,3,Town,10.166082559611265,6.295266001439646,8.946505025998682,8.306472160100585
239080,Marian University,WI,3,2,3,13.0,1010.0,1,,21937.0,5320.0,8154.0,0.3259,0.4416,0.7775,0.4257,11.0,0.7498,21937.0,Private nonprofit,3,City,9.995975571971279,6.918695219020472,8.579416534596369,9.006386515055114
239105,Marquette University,WI,3,2,3,11.0,7660.0,1,,31487.0,14847.0,11059.0,0.1839,0.8321,0.3838,0.8169,14.0,0.8134,31487.0,Private nonprofit,3,City,10.35736179985198,8.94389780251682,9.605620455025981,9.311090275076326
239309,Milwaukee Institute of Art & Design,WI,3,2,3,11.0,837.0,1,,26541.0,9256.0,6527.0,0.3729,0.6695,0.7819,0.6528,11.0,0.6054,26541.0,Private nonprofit,3,City,10.186483662997194,6.731018100482083,9.133135301067211,8.783855896643942
239318,Milwaukee School of Engineering,WI,3,2,3,11.0,2654.0,1,,22453.0,13879.0,10194.0,0.2417,0.6711,0.5623,0.6916,12.0,0.5893,22453.0,Private nonprofit,3,City,10.019224051018725,7.884199933676039,9.538204234060796,9.229652683008556
239390,Mount Mary University,WI,3,2,3,11.0,631.0,1,,20144.0,10648.0,6776.0,0.5941,0.4296,0.6287,0.5038,9.0,0.6233,20144.0,Private nonprofit,3,City,9.910711397625448,6.448889394146858,9.273221270015384,8.821289805136113
239628,Ripon College,WI,3,2,3,32.0,688.0,1,,20216.0,13869.0,8249.0,0.3379,0.633,0.703,0.6172,12.0,0.7984,20216.0,Private nonprofit,3,Town,9.914279113614327,6.535241271013659,9.537483513308878,9.017968479328726
239716,Saint Norbert College,WI,3,2,3,22.0,1662.0,1,,26172.0,12300.0,9440.0,0.147,0.7129,0.4351,0.7234,14.0,0.8574,26172.0,Private nonprofit,3,Suburb,10.172483624032427,7.416378479192928,9.417435838868785,9.152817185732516
240107,Viterbo University,WI,3,2,3,13.0,1249.0,1,,21260.0,8971.0,7309.0,0.2626,0.6838,0.5814,0.6678,10.0,0.7243,21260.0,Private nonprofit,3,City,9.964629687478366,7.1308988302963465,9.101863895640099,8.896998552743824
240189,University of Wisconsin-Whitewater,WI,3,1,3,32.0,9405.0,1,14158.0,,8065.0,9017.0,0.2517,0.589,0.4625,0.6152,21.0,0.8572,14158.0,Public,3,Town,9.55810574328497,9.149103062504993,8.995412975433313,9.106977858981029
240268,University of Wisconsin-Eau Claire,WI,3,1,3,13.0,8895.0,1,16550.0,,9211.0,9157.0,0.1964,0.6381,0.4209,0.6564,19.0,0.8234,16550.0,Public,3,City,9.71420180194054,9.093357016490364,9.128262260940575,9.12238309321704
240277,University of Wisconsin-Green Bay,WI,3,1,3,12.0,6341.0,1,13369.0,,6613.0,8077.0,0.2183,0.4822,0.2739,0.5035,25.0,0.8859,13369.0,Public,3,City,9.500768670095988,8.754949455098293,8.796943893541737,8.996899596123358
240329,University of Wisconsin-La Crosse,WI,3,1,3,13.0,9277.0,1,16210.0,,8467.0,8349.0,0.1441,0.7096,0.4229,0.7107,20.0,0.755,16210.0,Public,3,City,9.693445303141573,9.135401285311689,9.044049632254756,9.030016817844901
240338,Wisconsin Lutheran College,WI,3,2,3,11.0,943.0,1,,23245.0,10769.0,7508.0,0.286,0.6357,0.6768,0.6317,11.0,0.7816,23245.0,Private nonprofit,3,City,10.053888353203654,6.8501261661455,9.284519770150434,8.923857580099885
240365,University of Wisconsin-Oshkosh,WI,3,1,3,13.0,6877.0,1,14305.0,,10569.0,8888.0,0.1607,0.4614,0.2423,0.5077,22.0,0.865,14305.0,Public,3,City,9.56843430866833,8.83608319099221,9.265775078864284,9.092569836241674
240374,University of Wisconsin-Parkside,WI,3,1,3,41.0,2844.0,1,11772.0,,8443.0,8388.0,0.3503,0.404,0.357,0.4009,20.0,0.7539,11772.0,Public,3,Rural,9.373564053078196,7.953318346560431,9.041211408968211,9.034676602846295
240417,University of Wisconsin-Stout,WI,3,1,3,32.0,5842.0,1,17490.0,,9240.0,8344.0,0.2386,0.5486,0.4804,0.5365,18.0,0.8767,17490.0,Public,3,Town,9.769441741907062,8.672999642554437,9.13140538388804,9.029417836095936
240426,University of Wisconsin-Superior,WI,3,1,3,22.0,1807.0,1,12220.0,,10961.0,7266.0,0.3082,0.4188,0.4343,0.4303,18.0,0.9301,12220.0,Public,3,Suburb,9.410911062438,7.4999765409521215,9.302190025606063,8.891098830616636
240444,University of Wisconsin-Madison,WI,3,1,3,11.0,36902.0,1,17354.0,,21417.0,15643.0,0.1594,0.8955,0.2038,0.8944,18.0,0.452,17354.0,Public,3,City,9.761635928295886,10.516048127536894,9.97198696896082,9.657842735875406
240453,University of Wisconsin-Milwaukee,WI,3,1,3,11.0,16758.0,1,15014.0,,11310.0,9960.0,0.3275,0.4932,0.415,0.5017,17.0,0.9068,15014.0,Public,3,City,9.616804980417431,9.726690706384874,9.33353098253138,9.206432747145165
240462,University of Wisconsin-Platteville,WI,3,1,3,32.0,5837.0,1,16032.0,,7324.0,7885.0,0.211,0.5576,0.423,0.5846,20.0,0.8938,16032.0,Public,3,Town,9.682404377188837,8.67214355141406,8.899048433885268,8.972844314437573
240471,University of Wisconsin-River Falls,WI,3,1,3,32.0,4205.0,1,14054.0,,9465.0,8788.0,0.2083,0.57,0.4297,0.5887,19.0,0.8172,14054.0,Public,3,Town,9.550733483340633,8.344267356262645,9.155461710466193,9.081256218564645
240480,University of Wisconsin-Stevens Point,WI,3,1,3,32.0,7306.0,1,14559.0,,8261.0,7919.0,0.287,0.5078,0.4877,0.5321,21.0,0.918,14559.0,Public,3,Town,9.586033321750676,8.896588071791218,9.01942196795671,8.977146484808472
240727,University of Wyoming,WY,3,1,7,33.0,7944.0,1,13599.0,,17639.0,10759.0,0.2275,0.5884,0.281,0.5932,13.0,0.9688,13599.0,Public,7,Town,9.517825071724143,8.980298078970817,9.777924329560783,9.283590833715776
243744,Stanford University,CA,3,2,8,21.0,7554.0,1,,13807.0,154517.0,25198.0,0.1916,0.9192,0.062,0.9237,6.0,0.0361,13807.0,Private nonprofit,8,Suburb,9.53300341332321,8.92996487470684,11.948065873388142,10.13455959017246
243780,Purdue University-Main Campus,IN,3,1,3,13.0,44503.0,1,14600.0,,20511.0,14473.0,0.1298,0.831,0.2245,0.831,14.0,0.4987,14600.0,Public,3,City,9.588845298501564,10.70333435175513,9.928765359720396,9.580109215426074
243823,Parker University,TX,3,2,6,11.0,607.0,1,,29135.0,10470.0,7013.0,0.5,0.7407,0.6528,0.7312,8.0,,29135.0,Private nonprofit,6,City,10.27972980196739,6.410174881966167,9.256364810287462,8.855663430700124
245652,St. John's College,NM,3,2,6,41.0,368.0,1,,26674.0,16950.0,9850.0,0.2695,0.5493,0.4178,0.5745,8.0,0.5315,26674.0,Private nonprofit,6,Rural,10.191482076169954,5.910796644040527,9.738082108118487,9.19532825185568
245953,Mid-America Christian University,OK,3,2,6,11.0,1666.0,1,,16692.0,3229.0,5970.0,0.5287,0.4423,0.5813,0.3956,14.0,0.9176,16692.0,Private nonprofit,6,City,9.722744748855389,7.418780882750794,8.080237416216702,8.694669696546992
247773,Yeshiva Gedolah of Greater Detroit,MI,3,2,3,21.0,75.0,1,,11746.0,22609.0,4864.0,0.3662,0.4,0.0,0.4,13.0,,11746.0,Private nonprofit,3,Suburb,9.371353167823885,4.330733340286331,10.026147565272016,8.489821994620105
251312,South University-Columbia,SC,3,3,5,21.0,450.0,1,,27693.0,7410.0,7075.0,0.5798,0.2333,0.6472,0.125,21.0,,27693.0,Private for-profit,5,Suburb,10.22897106221466,6.111467339502679,8.910720661951359,8.864464055279676
262129,New College of Florida,FL,3,1,5,13.0,843.0,1,7195.0,,21232.0,10340.0,0.3394,0.6667,0.1887,0.6419,8.0,0.732,7195.0,Public,5,City,8.881280595070423,6.738152494595957,9.963311854181793,9.243871855184976
363712,Yeshivah Gedolah Rabbinical College,FL,3,2,5,13.0,60.0,1,,12587.0,7534.0,3599.0,0.4789,0.0,0.0,0.1136,12.0,,12587.0,Private nonprofit,5,City,9.440499258184298,4.110873864173311,8.927314111060596,8.1886891244442
366711,California State University-San Marcos,CA,3,1,8,21.0,14877.0,1,10229.0,,8419.0,12046.0,0.4261,0.5456,0.2834,0.5437,24.0,0.951,10229.0,Public,8,Suburb,9.233079858945672,9.607638890751288,9.038365107236372,9.396570945266852
368452,Nossi College of Art and Design,TN,3,3,5,11.0,247.0,1,,24044.0,6159.0,7917.0,0.5725,0.418,0.5279,0.3967,10.0,0.4631,24044.0,Private for-profit,5,City,10.087682353711763,5.5134287461649825,8.725832056527565,8.976893927666076
375230,Yeshiva Gedolah Imrei Yosef D'spinka,NY,3,2,2,11.0,226.0,1,,5646.0,4177.0,5622.0,0.917,0.2162,0.0,0.32,21.0,,5646.0,Private nonprofit,2,City,8.638879709672837,5.424950017481403,8.33758794211651,8.634620608292202
377546,Northwest College of Art & Design,WA,3,3,8,12.0,139.0,1,,16418.0,3861.0,,0.5067,0.5769,0.48,0.4792,34.0,0.6598,16418.0,Private for-profit,8,City,9.706194479812028,4.941642422609304,8.258940462988459,
377555,University of Washington-Bothell Campus,WA,3,1,8,21.0,5457.0,1,12319.0,,4757.0,13164.0,0.2864,0.6532,0.1989,0.668,22.0,0.906,12319.0,Public,8,Suburb,9.41897923708751,8.604837701268284,8.467582690862903,9.48531707193041
377564,University of Washington-Tacoma Campus,WA,3,1,8,12.0,4185.0,1,10163.0,,5672.0,12135.0,0.3966,0.6324,0.2733,0.6277,15.0,0.8252,10163.0,Public,8,City,9.226607344440055,8.339500903005945,8.643473357326567,9.403931521028369
380438,Provo College,UT,3,3,7,12.0,669.0,1,,27053.0,5944.0,7300.0,0.3106,0.5135,0.4298,0.5326,37.0,,27053.0,Private for-profit,7,City,10.20559014764914,6.507277712385012,8.690305809124883,8.895766604056085
384254,Beacon College,FL,3,2,5,22.0,506.0,1,,53517.0,9122.0,6234.0,0.2353,0.6023,0.3491,0.5882,12.0,0.4347,53517.0,Private nonprofit,5,Suburb,10.887773324896092,6.2285110035911835,9.118553976345474,8.737933858114136
384421,Rabbi Jacob Joseph School,NJ,3,2,2,21.0,115.0,1,,8389.0,22820.0,3467.0,0.2292,0.0,0.0,0.0192,19.0,0.9167,8389.0,Private nonprofit,2,Suburb,9.034795799461252,4.7535901911063645,10.03543644366541,8.151333337900432
385619,Everglades University,FL,3,2,5,13.0,2789.0,1,,27371.0,5573.0,5277.0,0.7201,0.6136,0.7396,0.5939,17.0,0.8145,27371.0,Private nonprofit,5,City,10.217275872072388,7.933796874815411,8.625868208041894,8.57130251706327
399911,Soka University of America,CA,3,2,8,21.0,484.0,1,,18260.0,45356.0,13313.0,0.2043,0.9182,0.372,0.894,7.0,0.4338,18260.0,Private nonprofit,8,Suburb,9.812522917162035,6.184148890937483,10.72231979864831,9.496571392160648
404338,Schiller International University,FL,3,3,5,11.0,43.0,1,,,3747.0,4167.0,0.0571,0.3333,0.1143,0.2,10.0,,,Private for-profit,5,City,,3.784189633918261,8.228977643358313,8.335191583433202
405854,Rabbinical College of Ohr Shimon Yisroel,NY,3,2,2,11.0,232.0,1,,32594.0,12170.0,3042.0,0.8455,0.4118,0.0,0.4054,15.0,,32594.0,Private nonprofit,2,City,10.39191418135864,5.4510384535657,9.406811351874557,8.02059914989697
409698,California State University-Monterey Bay,CA,3,1,8,22.0,6819.0,1,13663.0,,11704.0,12135.0,0.4317,0.5909,0.2848,0.6109,24.0,0.974,13663.0,Public,8,Suburb,9.522519916028351,8.827614750837508,9.367771379925012,9.403931521028369
413413,Capella University,MN,3,3,4,11.0,18364.0,1,,17956.0,1815.0,7627.0,0.3853,0.2,0.4709,0.2667,41.0,,17956.0,Private for-profit,4,City,9.795735290041899,9.818201958253768,7.504391559161238,8.93958096672031
417752,Messenger College,TX,3,2,6,21.0,24.0,1,,26433.0,3909.0,2230.0,0.8148,1.0,0.963,0.5429,8.0,,26433.0,Private nonprofit,6,Suburb,10.182406339317753,3.2188758248682006,8.271292652979412,7.7102051944325325
418126,New York College of Health Professions,NY,3,2,2,21.0,58.0,1,,,15123.0,4778.0,0.0,0.5,0.0,0.5179,6.0,,,Private nonprofit,2,Suburb,,4.07753744390572,9.624038165010823,8.471986598578159
420325,Yeshiva D'monsey Rabbinical College,NY,3,2,2,21.0,84.0,1,,8289.0,5990.0,3493.0,0.7558,0.0625,0.0,0.0571,12.0,0.3684,8289.0,Private nonprofit,2,Suburb,9.022805248129341,4.442651256490317,8.698013622083925,8.158802490694002
421878,Eastern International College-Jersey City,NJ,3,3,2,11.0,495.0,1,,21111.0,5003.0,7038.0,0.3861,0.3412,0.6118,0.3071,15.0,0.6963,21111.0,Private for-profit,2,City,9.95759687818316,6.206575926724928,8.517992871586802,8.85922139360813
426314,Embry-Riddle Aeronautical University-Worldwide,FL,3,2,5,13.0,9139.0,1,,18725.0,5693.0,9064.0,0.2551,0.2055,0.1004,0.2105,23.0,0.5791,18725.0,Private nonprofit,5,City,9.837668211498835,9.120415664448196,8.647168267837984,9.112176123188952
430184,Strayer University-Maryland,MD,3,3,2,21.0,1043.0,1,,,1997.0,8381.0,0.627,0.375,0.7349,0.2857,47.0,,,Private for-profit,2,Suburb,,6.950814768442584,7.599901959208498,9.033841828485016
433387,Western Governors University,UT,3,2,7,21.0,155088.0,1,,12548.0,2776.0,6375.0,0.3942,0.4618,0.4323,0.4815,42.0,,12548.0,Private nonprofit,7,Suburb,9.437396260110308,11.951754424663731,7.9291264873067995,8.760296220470051
433420,California Aeronautical University,CA,3,3,8,21.0,347.0,1,,36126.0,21411.0,6232.0,0.4631,0.3019,0.6081,0.3453,8.0,,36126.0,Private for-profit,8,Suburb,10.49479578720404,5.8522024797744745,9.971706791513272,8.73761303680885
433660,Florida Gulf Coast University,FL,3,1,5,21.0,13874.0,1,12568.0,,7517.0,9789.0,0.2788,0.574,0.246,0.5674,20.0,0.6344,12568.0,Public,5,Suburb,9.438988743924838,9.537843938614635,8.925055424124123,9.189116735524555
436429,Los Angeles Film School,CA,3,3,8,11.0,5472.0,1,,30980.0,5920.0,5540.0,0.6315,0.4129,0.7096,0.4172,31.0,,30980.0,Private for-profit,8,City,10.341129392339514,8.607582191143917,8.686260632531775,8.61993026886735
436818,University of Connecticut-Waterbury Campus,CT,3,1,1,12.0,733.0,1,10875.0,,4207.0,17573.0,0.5158,0.5273,0.3724,0.5608,20.0,0.8666,10875.0,Public,1,City,9.294313805752362,6.598509028614515,8.344742754417545,9.774175816055788
436827,University of Connecticut-Avery Point,CT,3,1,1,22.0,454.0,1,13807.0,,20253.0,17573.0,0.3819,0.6162,0.365,0.5907,13.0,0.8818,13807.0,Public,1,Suburb,9.53300341332321,6.12029741895095,9.91610758389223,9.774175816055788
436836,University of Connecticut-Stamford,CT,3,1,1,12.0,2432.0,1,16798.0,,3494.0,17573.0,0.5071,0.5654,0.35,0.5669,21.0,0.8298,16798.0,Public,1,City,9.729074639810214,7.796880342783522,8.15908865466791,9.774175816055788
437097,University of Management and Technology,VA,3,3,5,12.0,294.0,1,,,594.0,1280.0,0.0836,0.3333,0.065,0.625,15.0,,,Private for-profit,5,City,,5.68697535633982,6.38856140554563,7.155396301896734
438586,American InterContinental University-Atlanta,GA,3,3,5,12.0,734.0,1,,16482.0,1595.0,7217.0,0.8119,0.2083,0.8463,0.2094,8.0,,16482.0,Private for-profit,5,City,9.710084825731355,6.5998704992128365,7.3752557780097545,8.884333185202735
439701,The King's University,TX,3,2,6,21.0,251.0,1,,14140.0,6696.0,8073.0,0.386,0.4737,0.4779,0.4412,10.0,0.6064,14140.0,Private nonprofit,6,Suburb,9.556833658307777,5.529429087511423,8.80941494391005,8.996404301412886
440396,New Saint Andrews College,ID,3,2,7,32.0,305.0,1,,,9266.0,5748.0,0.0,0.7391,0.0,0.7215,19.0,0.8389,,Private nonprofit,7,Town,,5.723585101952381,9.134214981586691,8.656781205623291
440794,Pillar College,NJ,3,2,2,11.0,498.0,1,,8470.0,5297.0,5265.0,0.6994,0.3846,0.4192,0.3614,14.0,,8470.0,Private nonprofit,2,City,9.044403844431551,6.212606095751519,8.575084669832014,8.569026340056254
440828,Oregon State University-Cascades Campus,OR,3,1,8,12.0,1044.0,1,18048.0,,3535.0,11502.0,0.2741,0.5556,0.3157,0.5377,9.0,0.6311,18048.0,Public,8,City,9.800845560564248,6.951772164398911,8.170751423757535,9.35036314989601
441900,Nevada State University,NV,3,1,8,41.0,3762.0,1,14068.0,,5897.0,9521.0,0.2284,0.3358,0.1282,0.3222,18.0,0.8682,14068.0,Public,8,Rural,9.551729074377214,8.232971790593437,8.682368589375221,9.161360189754465
441937,California State University-Channel Islands,CA,3,1,8,41.0,5013.0,1,9849.0,,13045.0,12682.0,0.466,0.5132,0.2395,0.5237,16.0,0.9481,9849.0,Public,8,Rural,9.195226734166134,8.519989278718239,9.476236852356042,9.448017793067429
441982,Franklin W Olin College of Engineering,MA,3,2,1,21.0,377.0,1,,25171.0,33960.0,15357.0,0.1213,0.9639,0.2525,0.9422,9.0,0.252,25171.0,Private nonprofit,1,Suburb,10.133487544646824,5.934894195619588,10.432968086399285,9.639391789890489
442569,University of Arkansas Grantham,AR,3,1,5,12.0,2833.0,1,8370.0,,1908.0,6141.0,0.7181,0.4304,0.7287,0.318,20.0,,8370.0,Public,5,City,9.032528630660057,7.949444420250626,7.554334823725748,8.722905701000768
442639,University of the Potomac-VA Campus,VA,3,3,5,21.0,157.0,1,,,2823.0,,0.0,0.5,0.0,0.5454,11.0,,,Private for-profit,5,Suburb,,5.062595033026967,7.945909598613133,
443331,West Coast University-Texas,TX,3,3,6,11.0,2673.0,1,,53020.0,13491.0,9635.0,0.4481,0.3125,0.8813,0.4687,17.0,,53020.0,Private for-profit,6,City,10.878443340472396,7.891330757661889,9.50985219618154,9.173261363734762
443410,DigiPen Institute of Technology,WA,3,3,8,13.0,995.0,1,,44446.0,10848.0,10167.0,0.2246,0.6095,0.4251,0.5609,11.0,0.6442,44446.0,Private for-profit,8,City,10.702052747100838,6.903747257584598,9.29182818882245,9.22700081286929
444088,Brookline College-Albuquerque,NM,3,3,6,11.0,542.0,1,,37459.0,8244.0,7366.0,0.4675,0.4706,0.5076,0.5542,22.0,,37459.0,Private for-profit,6,City,10.53102897599808,6.297109319933935,9.0173622349937,8.904765846682814
444398,Baptist University of the Americas,TX,3,2,6,11.0,99.0,1,,10964.0,5181.0,3773.0,0.2755,0.8,0.102,0.2885,12.0,,10964.0,Private nonprofit,6,City,9.302463660851988,4.605170185988092,8.552946361122055,8.235890725928495
444413,Beis Medrash Heichal Dovid,NY,3,2,2,11.0,206.0,1,,10909.0,5927.0,12716.0,0.1475,0.5263,0.0,0.3611,23.0,0.7895,10909.0,Private nonprofit,2,City,9.297435078827116,5.332718793265369,8.687442166975924,9.450694960020746
444787,Nightingale College,UT,3,3,7,12.0,5986.0,1,,30852.0,2888.0,7549.0,0.415,0.2063,0.7849,0.301,12.0,,30852.0,Private for-profit,7,City,10.336989269338149,8.697345730925353,7.968665700466235,8.92930284224307
445027,American InterContinental University System,AZ,3,3,6,11.0,7111.0,1,,15172.0,1908.0,6706.0,0.71,0.0851,0.7042,0.129,36.0,,15172.0,Private for-profit,6,City,9.627272811525241,8.86953877719374,7.554334823725748,8.810907036099737
445133,American InterContinental University-Houston,TX,3,3,6,11.0,94.0,1,,20249.0,5539.0,7818.0,0.6855,0.0455,0.7581,0.1818,13.0,,20249.0,Private for-profit,6,City,9.915910072534686,4.553876891600541,8.61974977974133,8.964311948124514
445188,University of California-Merced,CA,3,1,8,22.0,8372.0,1,11983.0,,12647.0,14834.0,0.5889,0.6872,0.2855,0.6894,20.0,0.9053,11983.0,Public,8,Suburb,9.391327705757,9.032767522204432,9.445254378889308,9.604744532724922
445692,Neumont College of Computer Science,UT,3,3,7,12.0,453.0,1,,35205.0,4869.0,10119.0,0.6226,0.627,0.8736,0.5919,27.0,0.8678,35205.0,Private for-profit,7,City,10.468971801605917,6.118097198041348,8.490849216076635,9.222268942841456
446048,Ave Maria University,FL,3,2,5,42.0,1298.0,1,,24860.0,13083.0,9091.0,0.2104,0.5394,0.452,0.5465,17.0,0.4139,24860.0,Private nonprofit,5,Rural,10.121055589517152,7.1693500166706,9.479145388658274,9.115150184972434
446233,Ecclesia College,AR,3,2,5,41.0,108.0,1,,22075.0,6213.0,1331.0,0.4855,0.4,0.5435,0.3793,10.0,0.7381,22075.0,Private nonprofit,5,Rural,10.002246324559392,4.6913478822291435,8.734560089952993,7.194436851100335
446385,Los Angeles College of Music,CA,3,3,8,12.0,227.0,1,,43590.0,8743.0,5308.0,0.2022,0.4127,0.3221,0.4356,3.0,0.8771,43590.0,Private for-profit,8,City,10.68260598601082,5.429345628954441,9.076123029856374,8.57715877258367
446561,Stanbridge University,CA,3,3,8,11.0,2643.0,1,,45372.0,3124.0,7667.0,0.6119,0.6209,0.8961,0.7239,15.0,0.1,45372.0,Private for-profit,8,City,10.72267249346074,7.880048200971577,8.047189562170502,8.944811104165534
446604,Uta Mesivta of Kiryas Joel,NY,3,2,2,13.0,2957.0,1,,4156.0,7368.0,3617.0,0.874,0.7019,0.0,0.7403,16.0,,4156.0,Private nonprofit,2,City,8.332548939252638,7.992268643270745,8.905037290767,8.193676665955241
446640,Harrisburg University of Science and Technology,PA,3,2,2,13.0,615.0,1,,15376.0,13486.0,9125.0,0.4735,0.3387,0.5613,0.3874,18.0,0.8735,15376.0,Private nonprofit,2,City,9.640628165515693,6.423246963533519,9.509481537516857,9.118882761487347
447421,Eagle Gate College-Layton,UT,3,3,7,21.0,226.0,1,,25873.0,6658.0,7269.0,0.3764,0.3846,0.4649,0.5789,28.0,,25873.0,Private for-profit,7,Suburb,10.160993882477847,5.424950017481403,8.803724602110622,8.891511570527564
447689,Georgia Gwinnett College,GA,3,1,5,21.0,11344.0,1,15844.0,,4730.0,8110.0,0.5181,0.2147,0.2469,0.2062,19.0,0.955,15844.0,Public,5,Suburb,9.670609272125022,9.336532397213942,8.461891875631148,9.000976444070345
447953,SUM Bible College and Theological Seminary,CA,3,2,8,21.0,198.0,1,,21680.0,4214.0,5000.0,0.4465,0.8481,0.4308,0.6736,18.0,0.4068,21680.0,Private nonprofit,8,Suburb,9.98419157995109,5.293304824724492,8.346404870435956,8.517393171418904
449339,American Public University System,WV,3,3,5,31.0,40074.0,1,,9597.0,1771.0,5404.0,0.2455,0.5716,0.1216,0.5522,25.0,,9597.0,Private for-profit,5,Town,9.169310022418191,10.598507977477754,7.4798641311650265,8.595079730073309
449658,Bais Medrash Toras Chesed,NJ,3,2,2,13.0,132.0,1,,6838.0,4866.0,5089.0,0.272,0.3333,0.0,0.3269,15.0,0.5765,6838.0,Private nonprofit,2,City,8.830396801098097,4.890349128221754,8.490233009833455,8.53503310954457
449764,Visible Music College,TN,3,2,5,11.0,79.0,1,,27820.0,10511.0,2476.0,0.4881,0.2286,0.5774,0.3438,6.0,0.2803,27820.0,Private nonprofit,5,City,10.233546410194464,4.382026634673881,9.260272740724393,7.814803429489359
449870,University of the West,CA,3,2,8,21.0,32.0,1,,6845.0,15538.0,5842.0,0.283,0.375,0.1887,0.3279,4.0,,6845.0,Private nonprofit,8,Suburb,8.831419819090131,3.4965075614664802,9.651108271786734,8.672999642554437
449898,South University-Tampa,FL,3,3,5,11.0,388.0,1,,20434.0,8099.0,7883.0,0.4897,0.2333,0.6,0.1539,14.0,,20434.0,Private for-profit,5,City,9.925004395998378,5.963579343618446,8.99961934066053,8.97259066827261
450933,Columbia Southern University,AL,3,3,5,31.0,12176.0,1,,14580.0,1191.0,4485.0,0.2419,0.3328,0.2578,0.3532,37.0,,14580.0,Private for-profit,5,Town,9.587474590316285,9.407304205507007,7.083387847625295,8.408716715080153
451398,Yeshiva Toras Chaim,NJ,3,2,2,21.0,227.0,1,,5356.0,9320.0,5532.0,0.3778,0.3103,0.0,0.2892,21.0,0.4425,5356.0,Private nonprofit,2,Suburb,8.58615939588096,5.429345628954441,9.140025198061156,8.618485442898109
451404,Talmudical Seminary of Bobov,NY,3,2,2,11.0,602.0,1,,2840.0,9163.0,3274.0,0.9689,0.3922,0.0,0.4088,15.0,0.9787,2840.0,Private nonprofit,2,City,7.951911381854188,6.401917196727186,9.123038043573386,8.094073148069352
451927,Patrick Henry College,VA,3,2,5,31.0,395.0,1,,,12211.0,7341.0,0.0,0.7386,0.0,0.7063,14.0,0.7744,,Private nonprofit,5,Town,,5.981414211254481,9.410174353854769,8.90136656405678
454227,Chamberlain University-Illinois,IL,3,3,3,21.0,14027.0,1,,31837.0,2772.0,7912.0,0.3328,0.4167,0.5797,0.4545,23.0,0.8264,31837.0,Private for-profit,3,Suburb,10.36841582391508,9.548810611260068,7.927685045615778,8.976262255609193
454236,Chamberlain University-Ohio,OH,3,3,3,11.0,257.0,1,,31544.0,6856.0,8978.0,0.5,0.2857,0.6875,0.2927,8.0,,31544.0,Private for-profit,3,City,10.35917037680491,5.552959584921617,8.833025307284364,9.102643796520809
455257,Yeshiva of Machzikai Hadas,NY,3,2,2,11.0,515.0,1,,22870.0,6895.0,2967.0,0.8416,0.7375,0.0,0.726,26.0,0.7006,22870.0,Private nonprofit,2,City,10.037625011465359,6.246106765481563,8.83869681234353,7.995643604287271
455770,Providence Christian College,CA,3,2,8,12.0,168.0,1,,25163.0,6898.0,6313.0,0.3129,0.2,0.5306,0.359,17.0,1.0,25163.0,Private nonprofit,8,City,10.133169680689921,5.1298987149230735,8.839131752546109,8.750524669117937
456959,University of Minnesota-Rochester,MN,3,1,4,12.0,568.0,1,13744.0,,7597.0,8587.0,0.3605,0.574,0.4915,0.5714,13.0,0.71,13744.0,Public,4,City,9.528430400599346,6.343880434126331,8.935640333747571,9.058121158998672
457484,Pacific Rim Christian University,HI,3,2,8,11.0,129.0,1,,23151.0,3511.0,,0.7193,0.4545,0.4561,0.4884,12.0,,23151.0,Private nonprofit,8,City,10.049836448871265,4.867534450455582,8.163940954755008,
458210,West Coast University-Anaheim-Orange County,CA,3,3,8,11.0,3192.0,1,,32879.0,10987.0,9170.0,0.411,0.6,0.8384,0.6129,14.0,,32879.0,Private for-profit,8,City,10.400619849170116,8.068716192714781,9.304559047215164,9.123801610558944
458229,West Coast University-Ontario,CA,3,3,8,12.0,2671.0,1,,49590.0,12873.0,9321.0,0.4934,0.3889,0.8719,0.5,19.0,,49590.0,Private for-profit,8,City,10.81156464463578,7.890582534656536,9.462965052612562,9.140132476932687
458919,Strayer University-Georgia,GA,3,3,5,21.0,4299.0,1,,18318.0,1761.0,7450.0,0.8178,0.2143,0.8807,0.2258,47.0,,18318.0,Private for-profit,5,Suburb,9.81569405158546,8.366370301681654,7.474204806496124,8.916103530553727
459259,South University-Richmond,VA,3,3,5,21.0,232.0,1,,30442.0,10658.0,7481.0,0.3906,0.4211,0.4969,0.2917,11.0,,30442.0,Private for-profit,5,Suburb,10.323611361652953,5.4510384535657,9.274159884689137,8.920255414908091
459268,South University-Virginia Beach,VA,3,3,5,11.0,240.0,1,,27843.0,8609.0,6664.0,0.5278,0.0833,0.4206,0.1177,13.0,,27843.0,Private for-profit,5,City,10.234372782288558,5.484796933490655,9.060679597421776,8.804625232612809
459727,Touro University Worldwide,CA,3,2,8,21.0,454.0,1,,19058.0,2918.0,6938.0,0.5122,0.2857,0.4745,0.3617,10.0,,19058.0,Private nonprofit,8,Suburb,9.855294709934643,6.12029741895095,7.978996370854115,8.844912950899548
459842,Herzing University-Kenosha,WI,3,2,3,13.0,522.0,1,,23066.0,7719.0,7591.0,0.6225,0.7222,0.7993,0.6333,16.0,0.92,23066.0,Private nonprofit,3,City,10.04615830370029,6.259581464064923,8.951569643018821,8.934850340289763
459949,Texas A&M University-San Antonio,TX,3,1,6,11.0,6599.0,1,11196.0,,5571.0,8625.0,0.5084,0.4017,0.3633,0.3451,18.0,0.928,11196.0,Public,6,City,9.323401164260197,8.794824928014517,8.625509334899697,9.062536177207788
459994,Strayer University-Global Region,DC,3,3,2,11.0,9376.0,1,,17833.0,1972.0,7200.0,0.5443,0.1429,0.5737,0.2308,47.0,,17833.0,Private for-profit,2,City,9.788862026694824,9.146015161419625,7.587310506022615,8.881975184248867
461023,Crestpoint University,AZ,3,3,6,11.0,385.0,1,,15670.0,1862.0,,0.5026,0.3303,0.5361,0.324,32.0,,15670.0,Private for-profit,6,City,9.659567149523216,5.955837369464831,7.529943370601589,
461148,New York Film Academy,CA,3,3,8,12.0,849.0,1,,39011.0,12894.0,5792.0,0.1793,0.677,0.2591,0.6889,4.0,,39011.0,Private for-profit,8,City,10.571624570091906,6.745236349484363,9.464594918315445,8.664405571096625
461263,American Medical Sciences Center,CA,3,3,8,12.0,365.0,1,,21629.0,2926.0,3541.0,0.6921,0.75,0.8041,0.7273,15.0,,21629.0,Private for-profit,8,City,9.981836518947105,5.902633333401366,7.9817332866918855,8.17244681834278
461795,North American University,TX,3,2,6,21.0,609.0,1,,18721.0,6234.0,4633.0,0.4538,0.3158,0.3298,0.2916,17.0,,18721.0,Private nonprofit,6,Suburb,9.83745458193169,6.413458957167357,8.737933858114136,8.441175704992322
462354,John Paul the Great Catholic University,CA,3,2,8,21.0,286.0,1,,34666.0,19433.0,7563.0,0.3255,0.6386,0.5268,0.6456,15.0,0.7963,34666.0,Private nonprofit,8,Suburb,10.453543504793787,5.659482215759621,9.874779388399384,8.931155429778348
463056,University of Connecticut-Hartford Campus,CT,3,1,1,12.0,1525.0,1,16403.0,,4933.0,17573.0,0.4565,0.6505,0.3822,0.6519,26.0,0.8833,16403.0,Public,1,City,9.705280486511949,7.330405211844402,8.503905297089302,9.774175816055788
464226,Ottawa University-Surprise,AZ,3,2,6,21.0,836.0,1,,33393.0,4030.0,6690.0,0.3984,0.1818,0.7331,0.212,11.0,0.7815,33393.0,Private nonprofit,6,Suburb,10.416131522108902,6.729824070489475,8.301769763117166,8.808518618782816
474863,Los Angeles Pacific University,CA,3,2,8,21.0,1483.0,1,,22677.0,1909.0,8391.0,0.5164,0.2105,0.7446,0.2881,24.0,,22677.0,Private nonprofit,8,Suburb,10.029150570531785,7.302496423727326,7.554858521040676,9.035034150076132
475121,South University-Savannah Online,GA,3,3,5,12.0,6433.0,1,,28049.0,2559.0,6181.0,0.796,0.0689,0.7327,0.0633,30.0,,28049.0,Private for-profit,5,City,10.241743910950843,8.769351707798972,7.847762537473608,8.729397122692061
475608,Criswell College,TX,3,2,6,11.0,132.0,1,,21630.0,22814.0,6560.0,0.4237,0.5,0.178,0.6,5.0,1.0,21630.0,Private nonprofit,6,City,9.981882749963502,4.890349128221754,10.035173493361503,8.788898309344878
476601,Bais HaMedrash and Mesivta of Baltimore,MD,3,2,2,21.0,87.0,1,,11361.0,18783.0,5551.0,0.4066,0.3182,0.0,0.2128,14.0,1.0,11361.0,Private nonprofit,2,Suburb,9.338029733117072,4.477336814478207,9.840760722627824,8.62191350218664
476717,Be'er Yaakov Talmudic Seminary,NY,3,2,2,21.0,765.0,1,,4543.0,7391.0,1762.0,0.9219,0.5878,0.0,0.5627,19.0,,4543.0,Private nonprofit,2,Suburb,8.421562960400987,6.641182169740591,8.90815361332152,7.47477218239787
479956,Pennsylvania State University-World Campus,PA,3,1,2,13.0,7877.0,1,19550.0,,1569.0,,0.3143,0.3415,0.4121,0.3385,16.0,0.9115,19550.0,Public,2,City,9.88078171500049,8.971829343530851,7.358830898342354,
480073,South University-Austin,TX,3,3,6,12.0,211.0,1,,25680.0,9672.0,8124.0,0.5926,0.0,0.5556,0.0893,10.0,,25680.0,Private for-profit,6,City,10.153506697855693,5.356586274672012,9.177093778182547,9.002701007197938
480781,California Miramar University,CA,3,3,8,11.0,135.0,1,,12480.0,1398.0,,0.4848,0.5,0.4848,0.4473,10.0,0.1847,12480.0,Private for-profit,8,City,9.431962766918454,4.912654885736052,7.243512974665482,
481410,Yeshiva Gedolah Kesser Torah,NY,3,2,2,21.0,84.0,1,,10157.0,4162.0,2722.0,0.2927,0.3478,0.0,0.3637,17.0,0.5238,10157.0,Private nonprofit,2,Suburb,9.22601685136119,4.442651256490317,8.333991247194975,7.909489492673759
481438,Yeshiva Yesodei Hatorah,NJ,3,2,2,21.0,75.0,1,,16637.0,19794.0,3433.0,0.4028,0.3636,0.0,0.2041,10.0,,16637.0,Private nonprofit,2,Suburb,9.719444514843833,4.330733340286331,9.89318465954023,8.141481041457421
481720,South University-High Point,NC,3,3,5,12.0,67.0,1,,,6210.0,,0.4571,,0.6714,0.1111,26.0,,,Private for-profit,5,City,,4.219507705176107,8.734077192559303,
482149,Augusta University,GA,3,1,5,12.0,5613.0,1,13787.0,,17550.0,9414.0,0.3879,0.4881,0.345,0.4874,16.0,0.8641,13787.0,Public,5,City,9.531553927636756,8.633018756921828,9.77286620732769,9.150059441091253
482158,Middle Georgia State University,GA,3,1,5,12.0,6574.0,1,12361.0,,7135.0,8304.0,0.4288,0.2533,0.3291,0.2545,18.0,0.9968,12361.0,Public,5,City,9.422382530219219,8.791029857045965,8.872907674259846,9.024613022047395
482228,Veritas Baptist College,IN,3,2,3,31.0,111.0,1,,21957.0,3396.0,3386.0,0.3,0.4286,0.0786,0.359,7.0,,21957.0,Private nonprofit,3,Town,9.996886816794678,4.718498871295094,8.130647968160584,8.127699852817772
482413,DeVry College of New York,NY,3,3,2,11.0,86.0,1,,12855.0,6000.0,11384.0,0.5143,0.3077,0.5771,0.3182,3.0,,12855.0,Private for-profit,2,City,9.461565907417349,4.465908118654584,8.699681400989514,9.34005197849784
482422,DeVry University-Arizona,AZ,3,3,6,11.0,6.0,1,,,31327.0,10207.0,0.4091,0.6667,0.5909,0.3595,1.0,,,Private for-profit,6,City,,1.9459101490553132,10.352267545330237,9.23092700558457
482459,DeVry University-Florida,FL,3,3,5,11.0,109.0,1,,29477.0,3441.0,9587.0,0.6223,0.3333,0.7872,0.2308,5.0,,29477.0,Private for-profit,5,City,10.291399501396704,4.700480365792417,8.143807976771484,9.168267595554275
482468,DeVry University-Georgia,GA,3,3,5,21.0,516.0,1,,28229.0,1780.0,9146.0,0.7373,0.125,0.8072,0.1528,18.0,,28229.0,Private for-profit,5,Suburb,10.248140521247535,6.248042874508429,7.484930283289661,9.121181235656364
482556,DeVry University-New Jersey,NJ,3,3,2,21.0,62.0,1,,26565.0,14710.0,12428.0,0.7059,0.7143,0.6618,0.1429,2.0,,26565.0,Private for-profit,2,Suburb,10.187387481692449,4.143134726391533,9.596350792250211,9.42778773074551
482574,DeVry University-Ohio,OH,3,3,3,11.0,210.0,1,,25001.0,2735.0,9686.0,0.7936,0.3889,0.8073,0.4211,19.0,,25001.0,Private for-profit,3,City,10.126711100650509,5.351858133476067,7.914252278742441,9.178540059426386
482680,University of North Georgia,GA,3,1,5,32.0,16146.0,1,9823.0,,6126.0,8231.0,0.2809,0.3729,0.1968,0.3709,19.0,0.6794,9823.0,Public,5,Town,9.192583650386924,9.689489552881621,8.720460512725655,9.015784277513886
482936,Florida Polytechnic University,FL,3,1,5,41.0,1689.0,1,11853.0,,10261.0,11180.0,0.3263,0.5492,0.2498,0.5397,17.0,0.5752,11853.0,Public,5,Rural,9.380420642347783,7.432483807917119,9.23620303150191,9.321971188147367
483018,Antioch College,OH,3,2,3,41.0,121.0,1,,14834.0,11323.0,6439.0,0.6587,0.4118,0.6984,0.3585,6.0,0.8913,14834.0,Private nonprofit,3,Rural,9.604744532724922,4.804021044733257,9.33467964623179,8.770283819098399
483124,Arizona State University Digital Immersion,AZ,3,1,6,12.0,53782.0,1,,,4325.0,11088.0,0.398,0.0,0.3584,0.2851,26.0,0.6669,,Public,6,City,,10.892712711085943,8.372398606513004,9.313708904953216
483780,Washington University of Science and Technology,VA,3,3,5,12.0,400.0,1,,,3344.0,6000.0,0.0438,0.6667,0.0,0.5966,14.0,0.0726,,Private for-profit,5,City,,5.993961427306569,8.11522197256233,8.699681400989514
484473,University of Florida-Online,FL,3,1,5,12.0,4627.0,1,4815.0,,3673.0,5838.0,0.2181,0.8468,0.1236,0.8117,61.0,0.6126,4815.0,Public,5,City,8.479698986988657,8.439880088313567,8.20903626577507,8.672314828283538
484613,University of Phoenix-Arizona,AZ,3,3,6,11.0,85991.0,1,,13520.0,1180.0,8456.0,0.4981,0.2084,0.625,0.2018,147.0,,13520.0,Private for-profit,6,City,9.511999311358759,11.3620095476529,7.074116816197362,9.042749779782222
484844,Minerva University,CA,3,2,8,11.0,637.0,1,,,17036.0,13770.0,0.0,,0.0,0.8883,14.0,0.0304,,Private nonprofit,8,City,,6.45833828334479,9.743142728545543,9.530320210727126
484871,Rabbinical College Ohr Yisroel,NY,3,2,2,11.0,114.0,1,,6223.0,8052.0,3553.0,0.3565,0.3636,0.0,0.4394,19.0,,6223.0,Private nonprofit,2,City,8.736168065858228,4.74493212836325,8.993799971795545,8.175829008714597
484905,University of North Texas at Dallas,TX,3,1,6,11.0,2878.0,1,6420.0,,9456.0,9111.0,0.5391,0.4164,0.3138,0.4261,19.0,0.8445,6420.0,Public,6,City,8.76732914779405,7.965198290612176,9.154510487015513,9.117347505127018
485519,Lionel University,CA,3,3,8,22.0,370.0,1,,29453.0,1870.0,5000.0,0.4469,0.6712,0.6637,0.5157,24.0,,29453.0,Private for-profit,8,Suburb,10.290585003286107,5.916202062607435,7.534228326274089,8.517393171418904
485698,American College of the Building Arts,SC,3,2,5,12.0,155.0,1,,30403.0,20328.0,8846.0,0.1844,0.6207,0.3901,0.6296,8.0,0.4444,30403.0,Private nonprofit,5,City,10.322329457685932,5.049856007249537,9.919803717021065,9.087833697483386
485999,Bet Medrash Gadol Ateret Torah,NY,3,2,2,11.0,112.0,1,,10273.0,11961.0,3932.0,0.6667,0.5769,0.0,0.551,6.0,0.8889,10273.0,Private nonprofit,2,City,9.237371711027214,4.727387818712341,9.389490237604502,8.27715777243181
486026,Yeshiva Sholom Shachna,NY,3,2,2,11.0,130.0,1,,12217.0,4829.0,8697.0,0.4576,0.3043,0.0,0.1607,22.0,1.0,12217.0,Private nonprofit,2,City,9.410665553209713,4.875197323201151,8.482601746646619,9.070848393157585
486053,Bethlehem College & Seminary,MN,3,2,4,11.0,117.0,1,,,11236.0,5852.0,0.0,0.6957,0.0,0.6098,11.0,,,Private nonprofit,4,City,,4.770684624465665,9.326967183907902,8.67470962929122
486284,Bethany Global University,MN,3,2,4,13.0,81.0,1,,37790.0,3626.0,,0.5926,0.5634,0.5741,0.5869,13.0,0.9286,37790.0,Private nonprofit,4,City,10.539826258020412,4.406719247264253,8.196161139282902,
486840,Kennesaw State University,GA,3,1,5,21.0,41254.0,1,15048.0,,5687.0,9711.0,0.3774,0.522,0.3274,0.5004,23.0,0.6919,15048.0,Public,5,Suburb,9.619066822786719,10.627527596538444,8.646113971483077,9.181117513299279
486901,Milligan University,TN,3,2,5,22.0,818.0,1,,21365.0,9458.0,6980.0,0.2398,0.6343,0.4508,0.6174,10.0,0.7229,21365.0,Private nonprofit,5,Suburb,9.969556152505833,6.70808408385307,9.15472194821317,8.850947451970402
487524,Husson University,ME,3,2,1,13.0,2618.0,1,,21005.0,6867.0,7935.0,0.3881,0.5935,0.7168,0.581,15.0,0.8095,21005.0,Private nonprofit,1,City,9.952563390182721,7.870547844507712,8.834628222017367,8.979164648964709
487603,Northwest University-Center for Online and Extended Education,WA,3,2,8,21.0,405.0,1,,35671.0,3884.0,,0.1845,0.5,0.2401,0.4013,27.0,,35671.0,Private nonprofit,8,Suburb,10.482121346307313,6.0063531596017325,8.264878262801748,
488314,Beth Medrash of Asbury Park,NJ,3,2,2,21.0,124.0,1,,9766.0,5539.0,5231.0,0.4495,0.1,0.0,0.0465,14.0,0.5385,9766.0,Private nonprofit,2,Suburb,9.186764635447478,4.8283137373023015,8.61974977974133,8.562548893137034
488679,Indiana Wesleyan University-National & Global,IN,3,2,3,41.0,6656.0,1,,16898.0,3293.0,8247.0,0.4845,0.3495,0.5209,0.3613,21.0,,16898.0,Private nonprofit,3,Rural,9.735009727562824,8.803424211600703,8.099857910737585,9.017726025696795
488846,University of the People,CA,3,2,8,12.0,22688.0,1,,,199.0,,0.0,0.3354,0.0,0.3492,28.0,,,Private nonprofit,8,City,,10.029635504524139,5.298317366548036,
489937,Carolina University,NC,3,2,5,11.0,460.0,1,,20828.0,3977.0,5407.0,0.3726,0.2155,0.4458,0.2431,17.0,0.3954,20828.0,Private nonprofit,5,City,9.944101525421383,6.133398042996649,8.288534459413917,8.5956346177228
490133,Westcliff University,CA,3,3,8,11.0,2363.0,1,,35426.0,2259.0,7591.0,0.0599,0.622,0.0609,0.6146,11.0,0.7315,35426.0,Private for-profit,8,City,10.47522952026939,7.768110378525988,7.723120092266331,8.934850340289763
490276,Yeshiva Shaar Ephraim,NY,3,2,2,21.0,113.0,1,,10539.0,13349.0,5151.0,0.7482,0.0625,0.0,0.0725,7.0,,10539.0,Private nonprofit,2,Suburb,9.262932822095353,4.736198448394496,9.499271663828395,8.54714026778419
490319,Yeshiva Bais Aharon,NJ,3,2,2,13.0,25.0,1,,11757.0,9931.0,2520.0,0.6923,0.0,0.0,0.1,13.0,,11757.0,Private nonprofit,2,City,9.3722891389622,3.258096538021482,9.203517146628057,7.83241092718792
490513,Bais Medrash Mayan Hatorah,NJ,3,2,2,13.0,36.0,1,,11794.0,9098.0,3623.0,0.32,0.5789,0.0,0.6154,5.0,,11794.0,Private nonprofit,2,City,9.375430991841775,3.6109179126442243,9.11591979635669,8.19533366716287
490805,Purdue University Northwest,IN,3,1,3,21.0,5671.0,1,6079.0,,10005.0,9864.0,0.2806,0.4291,0.2532,0.4345,17.0,0.7236,6079.0,Public,3,Suburb,8.712759974960212,8.643297068211963,9.21094019204815,9.196748418456716
491057,Yeshiva Kollel Tifereth Elizer,NY,3,2,2,11.0,499.0,1,,,5334.0,2649.0,0.9328,0.8,0.0,0.3421,31.0,,,Private nonprofit,2,City,,6.214608098422191,8.582044163735853,7.882314918980268
491613,Yeshiva Gedolah Tiferes Boruch,NJ,3,2,2,21.0,81.0,1,,9417.0,5488.0,4047.0,0.6143,0.0556,0.0,0.0577,20.0,,9417.0,Private nonprofit,2,Suburb,9.1503780308035,4.406719247264253,8.610501368549889,8.305978210967302
491710,Yeshiva Gedolah of Cliffwood,NJ,3,2,2,21.0,30.0,1,,9641.0,8263.0,7083.0,0.1636,0.1905,0.0,0.15,15.0,,9641.0,Private nonprofit,2,Suburb,9.173883834965567,3.4339872044851463,9.019664010799474,8.865593998902725
491765,Yeshivas Emek Hatorah,NJ,3,2,2,41.0,90.0,1,,14504.0,14557.0,6792.0,0.129,0.0,0.0,0.0204,17.0,,14504.0,Private nonprofit,2,Rural,9.582248696555505,4.51085950651685,9.585895949678203,8.823647949191303
492801,Drury University-College of Continuing Professional Studies,MO,3,2,4,12.0,632.0,1,,10566.0,7985.0,5409.0,0.6411,0.4324,0.4777,0.3858,13.0,,10566.0,Private nonprofit,4,City,9.265491216441031,6.450470422144176,8.985445287623167,8.596004371840527
492962,Indiana Institute of Technology-College of Professional Studies,IN,3,2,3,11.0,2686.0,1,,20473.0,7287.0,9536.0,0.5526,0.28,0.5917,0.28,12.0,,20473.0,Private nonprofit,3,City,9.926911067479717,7.8961806086154915,8.893984438939794,9.162934249578912
493594,Yeshiva of Ocean,NY,3,2,2,42.0,63.0,1,,9083.0,3410.0,6667.0,0.5439,0.6154,0.0,0.7647,32.0,0.36,9083.0,Private nonprofit,2,Rural,9.114269903225448,4.1588830833596715,8.134760782418645,8.805075243870684
493600,Congregation Talmidei Mesivta Tiferes Shmiel Aleksander,NY,3,2,2,11.0,168.0,1,,13075.0,18205.0,3861.0,0.7811,0.2593,0.0,0.1892,9.0,,13075.0,Private nonprofit,2,City,9.478533767844102,5.1298987149230735,9.809506489065233,8.258940462988459
494630,Christ Mission College,TX,3,2,6,21.0,32.0,1,,10679.0,1255.0,,0.7674,0.5,0.0,0.3871,6.0,,10679.0,Private nonprofit,6,Suburb,9.276128112514186,3.4965075614664802,7.135687347028144,
494685,Urshan University,MO,3,2,4,21.0,472.0,1,,14779.0,2835.0,4452.0,0.3463,0.4483,0.4553,0.4898,21.0,0.8378,14779.0,Private nonprofit,4,Suburb,9.601030194502194,6.159095388491933,7.950149887652018,8.401333305321703
494737,Yeshiva Yesoda Hatorah Vetz Chaim,NY,3,2,2,11.0,223.0,1,,11549.0,43465.0,4333.0,0.8038,0.4286,0.0,0.383,20.0,,11549.0,Private nonprofit,2,City,9.35444071594994,5.4116460518550396,10.679734302265647,8.374246182096304
495059,Oak Valley College,CA,3,2,8,21.0,75.0,1,,21379.0,5281.0,7500.0,0.5577,,0.0,0.4167,7.0,,21379.0,Private nonprofit,8,Suburb,9.970211184579036,4.330733340286331,8.572060092857077,8.922791623969637
496627,California Northstate University,CA,3,3,8,21.0,37.0,1,,,25946.0,11611.0,0.0,1.0,0.0,0.9481,3.0,0.9247,,Private for-profit,8,Suburb,,3.6375861597263857,10.163811274974622,9.35979432514452
498562,Commonwealth University of Pennsylvania,PA,3,1,2,32.0,9210.0,1,15699.0,,10722.0,11730.0,0.3179,0.5448,0.5394,0.5373,19.0,0.9309,15699.0,Public,2,Town,9.6614159913364,9.128153700988236,9.280146246220145,9.369990189505721
498571,Pennsylvania Western University,PA,3,1,2,32.0,7451.0,1,18256.0,,11506.0,11870.0,0.383,0.5188,0.5978,0.5142,18.0,0.9433,18256.0,Public,2,Town,9.81230384711351,8.916237731721479,9.350710824823459,9.381853730053534
498809,Yeshiva of Kasho,NY,3,2,2,11.0,185.0,1,,9200.0,17474.0,4313.0,0.8192,0.1087,0.0,0.1087,15.0,,9200.0,Private nonprofit,2,City,9.127067452782361,5.225746673713202,9.768526567102011,8.369620826949102
498906,Yeshivas Sanz Klauzenburg,NY,3,2,2,11.0,98.0,1,,10071.0,9429.0,2794.0,0.787,0.3103,0.0,0.2941,5.0,,10071.0,Private nonprofit,2,City,9.217514575724183,4.59511985013459,9.151651375627504,7.9355873855892
498924,URBE University,FL,3,3,5,21.0,33.0,1,,,6736.0,,0.0,0.8,0.0,0.697,5.0,,,Private for-profit,5,Suburb,,3.5263605246161616,8.81537000096066,
